run_scraper function start
url: https://www.bikingpoint.es/es/bicicletas.html/?p=1
Página 1: Encontradas 15 bicicletas
create_bicycles started for biking_point with 15 bicycles finded on the page
Bicycle references saved in DB: [27257, 27385, 59831, 61315, 59927, 28254, 34517, 28119, 31164, 30244, 33153, 35892, 33456, 61727, 35825, 35099, 64572, 35891, 32940, 30465, 27752, 62776, 62667, 626671, 35477, 35475, 35515, 61563, 34209, 35480, 35478, 35813, 34548, 631941, 61562, 62668, 31140, 63076, 626681, 63291, 34490, 35500, 35658, 35651, 63195, 27890, 34136, 34694, 33495, 35659, 34210, 35503, 35497, 30703, 61668, 35483, 35556, 34195, 626691, 61576, 61572, 35494, 61568, 61674, 31078, 34632, 61869, 63196, 631966, 61621, 34171, 35504, 35628, 35498, 30688, 63210, 35123, 30937, 63596, 35490, 62677, 35488, 63593, 32784, 35653, 60064, 34014, 29404, 61624, 631971, 30487, 28114, 34196, 30476, 35495, 34003, 63211, 61610, 35621, 59926, 63594, 61648, 34185, 60063, 35662, 61628, 60077, 60081, 64920, 629721, 29347, 60067, 34663, 35499, 57695, 34175, 34198, 28329, 63214, 61611, 61912, 33919, 34004, 35220, 57126, 28174, 30480, 31141, 61613, 35664, 30483, 61715, 61663, 59928, 63202, 35654, 64303, 63238, 35663, 632381, 27384, 61655, 59917, 35552, 33991, 59971, 57733, 28175, 60083, 30938, 31077, 34206, 35828, 60246, 57157, 30966, 63215, 28121, 30492, 61716, 30489, 31591, 60200, 35857, 35496, 30490, 33417, 60445, 60071, 61656, 35797, 61664, 62799, 35666, 57700, 28176, 61709, 35983, 34187, 34200, 35655, 35667, 35800, 61659, 35661, 64758, 29315, 30486, 34049, 30750, 61069, 34001, 63207, 635371, 27740, 61710, 53006, 35706, 61660, 59920, 59932, 35993, 34643, 27255, 35427, 33990, 34002, 58609, 62660, 35939, 57978, 30840, 32193, 35492, 626601, 27254, 27744, 61661, 35115, 27755, 31568, 63560, 28584, 61272, 35751, 54138, 27256, 27548, 61729, 58381, 35705, 25268, 27258, 31163, 64827, 27754, 62659, 626591, 35656, 27750, 27728, 61728, 35777, 60664, 28180, 35369, 35097, 35381, 35648, 61733, 35681, 35493, 61725, 64995, 35610, 60103, 60397, 61724, 56041, 27407, 62234, 62235, 34919, 27406, 62241, 63998, 35591, 57792, 31912, 35622, 34184, 53965, 57803, 57802, 35624, 31821, 35201, 35203, 35623, 35682, 35205, 35206, 35204, 35207, 35890, 35672, 35625, 34666, 35673, 28330, 31063, 34013, 30484, 60144, 32772, 33987, 61732, 32962, 55590, 35963, 31837, 33154, 62771]
Bicycle_index: 1
href: https://www.bikingpoint.es/es/bicicleta-look-795-blade-rs-red-axs-bl-thun-2025.html
Response status: 200
bicycle_reference: 62771
Cleaning duplicates
No duplicates found for reference: 62771
New price history saved: 2026-01-23 : 11490.00
Bicycle_index: 2
href: https://www.bikingpoint.es/es/bicicleta-scott-lumen-eride-900-sl.html
Response status: 200
bicycle_reference: 30465
Cleaning duplicates
No duplicates found for reference: 30465
New price history saved: 2026-01-23 : 9999.00
Bicycle_index: 3
href: https://www.bikingpoint.es/es/bicicleta-look-795-blade-rs-d-ace-di2-iconic-2025.html
Response status: 200
bicycle_reference: 62776
Cleaning duplicates
No duplicates found for reference: 62776
New price history saved: 2026-01-23 : 9690.00
Bicycle_index: 4
href: https://www.bikingpoint.es/es/bicicleta-massi-aire-slr-29-team-tr-white-2026.html
Response status: 200
bicycle_reference: 62667
Cleaning duplicates
No duplicates found for reference: 62667
New price history saved: 2026-01-23 : 8999.00
Bicycle_index: 5
href: https://www.bikingpoint.es/es/bicicleta-massi-aire-slr-29-team-tr-black-2026.html
Response status: 200
bicycle_reference: 626671
Cleaning duplicates
No duplicates found for reference: 626671
New price history saved: 2026-01-23 : 8999.00
Bicycle_index: 6
href: https://www.bikingpoint.es/es/bicicleta-scott-addict-rc-pro-grey-green-2026.html
Response status: 200
bicycle_reference: 35477
Cleaning duplicates
No duplicates found for reference: 35477
New price history saved: 2026-01-23 : 8849.00
Bicycle_index: 7
href: https://www.bikingpoint.es/es/bicicleta-scott-addict-rc-pro-white-carbon-2026.html
Response status: 200
bicycle_reference: 35475
Cleaning duplicates
No duplicates found for reference: 35475
New price history saved: 2026-01-23 : 8849.00
Bicycle_index: 8
href: https://www.bikingpoint.es/es/bicicleta-scott-foil-rc-pro-2026.html
Response status: 200
bicycle_reference: 35515
Cleaning duplicates
No duplicates found for reference: 35515
New price history saved: 2026-01-23 : 8849.00
Bicycle_index: 9
href: https://www.bikingpoint.es/es/bicicleta-look-795-blade-rs-dura-ace-di2.html
Response status: 200
bicycle_reference: 61563
Cleaning duplicates
No duplicates found for reference: 61563
New price history saved: 2026-01-23 : 8799.00
Bicycle_index: 10
href: https://www.bikingpoint.es/es/bicicleta-scott-spark-rc-world-cup-evo-2025.html
Response status: 200
bicycle_reference: 34209
Cleaning duplicates
No duplicates found for reference: 34209
New price history saved: 2026-01-23 : 8499.00
Bicycle_index: 11
href: https://www.bikingpoint.es/es/bicicleta-scott-spark-rc-world-cup-purple-2026.html
Response status: 200
bicycle_reference: 35480
Cleaning duplicates
No duplicates found for reference: 35480
New price history saved: 2026-01-23 : 8499.00
Bicycle_index: 12
href: https://www.bikingpoint.es/es/bicicleta-scott-spark-rc-world-cup-black-2026.html
Response status: 200
bicycle_reference: 35478
Cleaning duplicates
No duplicates found for reference: 35478
New price history saved: 2026-01-23 : 8499.00
Bicycle_index: 13
href: https://www.bikingpoint.es/es/bicicleta-giant-reign-advanced-e-1-2026.html
Response status: 200
bicycle_reference: 35813
Cleaning duplicates
No duplicates found for reference: 35813
New price history saved: 2026-01-23 : 8299.00
Bicycle_index: 14
href: https://www.bikingpoint.es/es/bicicleta-giant-propel-advanced-sl-0-dura-ace-2025.html
Response status: 200
bicycle_reference: 34548
Cleaning duplicates
No duplicates found for reference: 34548
New price history saved: 2026-01-23 : 7979.30
Bicycle_index: 15
href: https://www.bikingpoint.es/es/bicicleta-massi-arrow3-race-d-ace-di2-db-xtec-2026.html
Response status: 200
bicycle_reference: 631941
Cleaning duplicates
No duplicates found for reference: 631941
New price history saved: 2026-01-23 : 7399.00
bicycle_references: [27257, 27385, 59831, 61315, 59927, 28254, 34517, 28119, 31164, 30244, 33153, 35892, 33456, 61727, 35825, 35099, 64572, 35891, 32940, 27752, 61562, 62668, 31140, 63076, 626681, 63291, 34490, 35500, 35658, 35651, 63195, 27890, 34136, 34694, 33495, 35659, 34210, 35503, 35497, 30703, 61668, 35483, 35556, 34195, 626691, 61576, 61572, 35494, 61568, 61674, 31078, 34632, 61869, 63196, 631966, 61621, 34171, 35504, 35628, 35498, 30688, 63210, 35123, 30937, 63596, 35490, 62677, 35488, 63593, 32784, 35653, 60064, 34014, 29404, 61624, 631971, 30487, 28114, 34196, 30476, 35495, 34003, 63211, 61610, 35621, 59926, 63594, 61648, 34185, 60063, 35662, 61628, 60077, 60081, 64920, 629721, 29347, 60067, 34663, 35499, 57695, 34175, 34198, 28329, 63214, 61611, 61912, 33919, 34004, 35220, 57126, 28174, 30480, 31141, 61613, 35664, 30483, 61715, 61663, 59928, 63202, 35654, 64303, 63238, 35663, 632381, 27384, 61655, 59917, 35552, 33991, 59971, 57733, 28175, 60083, 30938, 31077, 34206, 35828, 60246, 57157, 30966, 63215, 28121, 30492, 61716, 30489, 31591, 60200, 35857, 35496, 30490, 33417, 60445, 60071, 61656, 35797, 61664, 62799, 35666, 57700, 28176, 61709, 35983, 34187, 34200, 35655, 35667, 35800, 61659, 35661, 64758, 29315, 30486, 34049, 30750, 61069, 34001, 63207, 635371, 27740, 61710, 53006, 35706, 61660, 59920, 59932, 35993, 34643, 27255, 35427, 33990, 34002, 58609, 62660, 35939, 57978, 30840, 32193, 35492, 626601, 27254, 27744, 61661, 35115, 27755, 31568, 63560, 28584, 61272, 35751, 54138, 27256, 27548, 61729, 58381, 35705, 25268, 27258, 31163, 64827, 27754, 62659, 626591, 35656, 27750, 27728, 61728, 35777, 60664, 28180, 35369, 35097, 35381, 35648, 61733, 35681, 35493, 61725, 64995, 35610, 60103, 60397, 61724, 56041, 27407, 62234, 62235, 34919, 27406, 62241, 63998, 35591, 57792, 31912, 35622, 34184, 53965, 57803, 57802, 35624, 31821, 35201, 35203, 35623, 35682, 35205, 35206, 35204, 35207, 35890, 35672, 35625, 34666, 35673, 28330, 31063, 34013, 30484, 60144, 32772, 33987, 61732, 32962, 55590, 35963, 31837, 33154]
url: https://www.bikingpoint.es/es/bicicletas.html/?p=2
Página 2: Encontradas 15 bicicletas
create_bicycles started for biking_point with 15 bicycles finded on the page
Bicycle references saved in DB: [27257, 27385, 59831, 61315, 59927, 28254, 34517, 28119, 31164, 30244, 33153, 35892, 33456, 61727, 35825, 35099, 64572, 35891, 32940, 27752, 61562, 62668, 31140, 63076, 626681, 63291, 34490, 35500, 35658, 35651, 63195, 27890, 34136, 34694, 33495, 35659, 34210, 35503, 35497, 30703, 61668, 35483, 35556, 34195, 626691, 61576, 61572, 35494, 61568, 61674, 31078, 34632, 61869, 63196, 631966, 61621, 34171, 35504, 35628, 35498, 30688, 63210, 35123, 30937, 63596, 35490, 62677, 35488, 63593, 32784, 35653, 60064, 34014, 29404, 61624, 631971, 30487, 28114, 34196, 30476, 35495, 34003, 63211, 61610, 35621, 59926, 63594, 61648, 34185, 60063, 35662, 61628, 60077, 60081, 64920, 629721, 29347, 60067, 34663, 35499, 57695, 34175, 34198, 28329, 63214, 61611, 61912, 33919, 34004, 35220, 57126, 28174, 30480, 31141, 61613, 35664, 30483, 61715, 61663, 59928, 63202, 35654, 64303, 63238, 35663, 632381, 27384, 61655, 59917, 35552, 33991, 59971, 57733, 28175, 60083, 30938, 31077, 34206, 35828, 60246, 57157, 30966, 63215, 28121, 30492, 61716, 30489, 31591, 60200, 35857, 35496, 30490, 33417, 60445, 60071, 61656, 35797, 61664, 62799, 35666, 57700, 28176, 61709, 35983, 34187, 34200, 35655, 35667, 35800, 61659, 35661, 64758, 29315, 30486, 34049, 30750, 61069, 34001, 63207, 635371, 27740, 61710, 53006, 35706, 61660, 59920, 59932, 35993, 34643, 27255, 35427, 33990, 34002, 58609, 62660, 35939, 57978, 30840, 32193, 35492, 626601, 27254, 27744, 61661, 35115, 27755, 31568, 63560, 28584, 61272, 35751, 54138, 27256, 27548, 61729, 58381, 35705, 25268, 27258, 31163, 64827, 27754, 62659, 626591, 35656, 27750, 27728, 61728, 35777, 60664, 28180, 35369, 35097, 35381, 35648, 61733, 35681, 35493, 61725, 64995, 35610, 60103, 60397, 61724, 56041, 27407, 62234, 62235, 34919, 27406, 62241, 63998, 35591, 57792, 31912, 35622, 34184, 53965, 57803, 57802, 35624, 31821, 35201, 35203, 35623, 35682, 35205, 35206, 35204, 35207, 35890, 35672, 35625, 34666, 35673, 28330, 31063, 34013, 30484, 60144, 32772, 33987, 61732, 32962, 55590, 35963, 31837, 33154]
Bicycle_index: 1
href: https://www.bikingpoint.es/es/bicicleta-massi-aire-slr-29-replica-tr-black-2026.html
Response status: 200
bicycle_reference: 626681
Cleaning duplicates
No duplicates found for reference: 626681
New price history saved: 2026-01-23 : 6999.00
Bicycle_index: 2
href: https://www.bikingpoint.es/es/bicicleta-look-795-blade-rs-pro-team-ulte-di2-2025.html
Response status: 200
bicycle_reference: 61562
Cleaning duplicates
No duplicates found for reference: 61562
New price history saved: 2026-01-23 : 6999.00
Bicycle_index: 3
href: https://www.bikingpoint.es/es/bicicleta-massi-aire-slr-29-replica-tr-white-2026.html
Response status: 200
bicycle_reference: 62668
Cleaning duplicates
No duplicates found for reference: 62668
New price history saved: 2026-01-23 : 6999.00
Bicycle_index: 4
href: https://www.bikingpoint.es/es/bicicleta-giant-trance-x-advanced-e-0-elite-2025.html
Response status: 200
bicycle_reference: 31140
Cleaning duplicates
No duplicates found for reference: 31140
New price history saved: 2026-01-23 : 6999.00
Bicycle_index: 5
href: https://www.bikingpoint.es/es/bicicleta-look-e765-optimum-2-rival-axs-2025.html
Response status: 200
bicycle_reference: 63076
Cleaning duplicates
No duplicates found for reference: 63076
New price history saved: 2026-01-23 : 6999.00
Bicycle_index: 6
href: https://www.bikingpoint.es/es/bicicleta-look-e765-gravel-2-apex-1x12-2025.html
Response status: 200
bicycle_reference: 63291
Cleaning duplicates
No duplicates found for reference: 63291
New price history saved: 2026-01-23 : 6990.00
Bicycle_index: 7
href: https://www.bikingpoint.es/es/bicicleta-scott-addict-rc-10-blue-pink-2026.html
Response status: 200
bicycle_reference: 35500
Cleaning duplicates
No duplicates found for reference: 35500
New price history saved: 2026-01-23 : 6899.00
Bicycle_index: 8
href: https://www.bikingpoint.es/es/bicicleta-scott-addict-rc-10-black-2026.html
Response status: 200
bicycle_reference: 34490
Cleaning duplicates
No duplicates found for reference: 34490
New price history saved: 2026-01-23 : 6899.00
Bicycle_index: 9
href: https://www.bikingpoint.es/es/bicicleta-giant-reign-advanced-e-2-2026.html
Response status: 200
bicycle_reference: 35658
Cleaning duplicates
No duplicates found for reference: 35658
New price history saved: 2026-01-23 : 6699.00
Bicycle_index: 10
href: https://www.bikingpoint.es/es/bicicleta-scott-patron-eride-900-ultimate-2022.html
Response status: 200
bicycle_reference: 27890
Cleaning duplicates
No duplicates found for reference: 27890
New price history saved: 2026-01-23 : 6599.00
Bicycle_index: 11
href: https://www.bikingpoint.es/es/bicicleta-giant-propel-advanced-pro-0-di2-2026.html
Response status: 200
bicycle_reference: 35651
Cleaning duplicates
No duplicates found for reference: 35651
New price history saved: 2026-01-23 : 6599.00
Bicycle_index: 12
href: https://www.bikingpoint.es/es/bicicleta-massi-arrow-3-race-d-ace-di2-db-2026.html
Response status: 200
bicycle_reference: 63195
Cleaning duplicates
No duplicates found for reference: 63195
New price history saved: 2026-01-23 : 6599.00
Bicycle_index: 13
href: https://www.bikingpoint.es/es/bicicleta-giant-tcr-advanced-pro-0-di2-2026.html
Response status: 200
bicycle_reference: 33495
Cleaning duplicates
No duplicates found for reference: 33495
New price history saved: 2026-01-23 : 6499.00
Bicycle_index: 14
href: https://www.bikingpoint.es/es/bicicleta-scott-voltage-eride-900-tuned-2025.html
Response status: 200
bicycle_reference: 34136
Cleaning duplicates
No duplicates found for reference: 34136
New price history saved: 2026-01-23 : 6499.00
Bicycle_index: 15
href: https://www.bikingpoint.es/es/bicicleta-giant-tcr-advanced-pro-0-di2-plata-2026.html
Response status: 200
bicycle_reference: 34694
Cleaning duplicates
No duplicates found for reference: 34694
New price history saved: 2026-01-23 : 6499.00
bicycle_references: [27257, 27385, 59831, 61315, 59927, 28254, 34517, 28119, 31164, 30244, 33153, 35892, 33456, 61727, 35825, 35099, 64572, 35891, 32940, 27752, 35659, 34210, 35503, 35497, 30703, 61668, 35483, 35556, 34195, 626691, 61576, 61572, 35494, 61568, 61674, 31078, 34632, 61869, 63196, 631966, 61621, 34171, 35504, 35628, 35498, 30688, 63210, 35123, 30937, 63596, 35490, 62677, 35488, 63593, 32784, 35653, 60064, 34014, 29404, 61624, 631971, 30487, 28114, 34196, 30476, 35495, 34003, 63211, 61610, 35621, 59926, 63594, 61648, 34185, 60063, 35662, 61628, 60077, 60081, 64920, 629721, 29347, 60067, 34663, 35499, 57695, 34175, 34198, 28329, 63214, 61611, 61912, 33919, 34004, 35220, 57126, 28174, 30480, 31141, 61613, 35664, 30483, 61715, 61663, 59928, 63202, 35654, 64303, 63238, 35663, 632381, 27384, 61655, 59917, 35552, 33991, 59971, 57733, 28175, 60083, 30938, 31077, 34206, 35828, 60246, 57157, 30966, 63215, 28121, 30492, 61716, 30489, 31591, 60200, 35857, 35496, 30490, 33417, 60445, 60071, 61656, 35797, 61664, 62799, 35666, 57700, 28176, 61709, 35983, 34187, 34200, 35655, 35667, 35800, 61659, 35661, 64758, 29315, 30486, 34049, 30750, 61069, 34001, 63207, 635371, 27740, 61710, 53006, 35706, 61660, 59920, 59932, 35993, 34643, 27255, 35427, 33990, 34002, 58609, 62660, 35939, 57978, 30840, 32193, 35492, 626601, 27254, 27744, 61661, 35115, 27755, 31568, 63560, 28584, 61272, 35751, 54138, 27256, 27548, 61729, 58381, 35705, 25268, 27258, 31163, 64827, 27754, 62659, 626591, 35656, 27750, 27728, 61728, 35777, 60664, 28180, 35369, 35097, 35381, 35648, 61733, 35681, 35493, 61725, 64995, 35610, 60103, 60397, 61724, 56041, 27407, 62234, 62235, 34919, 27406, 62241, 63998, 35591, 57792, 31912, 35622, 34184, 53965, 57803, 57802, 35624, 31821, 35201, 35203, 35623, 35682, 35205, 35206, 35204, 35207, 35890, 35672, 35625, 34666, 35673, 28330, 31063, 34013, 30484, 60144, 32772, 33987, 61732, 32962, 55590, 35963, 31837, 33154]
url: https://www.bikingpoint.es/es/bicicletas.html/?p=3
Página 3: Encontradas 15 bicicletas
create_bicycles started for biking_point with 15 bicycles finded on the page
Bicycle references saved in DB: [27257, 27385, 59831, 61315, 59927, 28254, 34517, 28119, 31164, 30244, 33153, 35892, 33456, 61727, 35825, 35099, 64572, 35891, 32940, 27752, 35659, 34210, 35503, 35497, 30703, 61668, 35483, 35556, 34195, 626691, 61576, 61572, 35494, 61568, 61674, 31078, 34632, 61869, 63196, 631966, 61621, 34171, 35504, 35628, 35498, 30688, 63210, 35123, 30937, 63596, 35490, 62677, 35488, 63593, 32784, 35653, 60064, 34014, 29404, 61624, 631971, 30487, 28114, 34196, 30476, 35495, 34003, 63211, 61610, 35621, 59926, 63594, 61648, 34185, 60063, 35662, 61628, 60077, 60081, 64920, 629721, 29347, 60067, 34663, 35499, 57695, 34175, 34198, 28329, 63214, 61611, 61912, 33919, 34004, 35220, 57126, 28174, 30480, 31141, 61613, 35664, 30483, 61715, 61663, 59928, 63202, 35654, 64303, 63238, 35663, 632381, 27384, 61655, 59917, 35552, 33991, 59971, 57733, 28175, 60083, 30938, 31077, 34206, 35828, 60246, 57157, 30966, 63215, 28121, 30492, 61716, 30489, 31591, 60200, 35857, 35496, 30490, 33417, 60445, 60071, 61656, 35797, 61664, 62799, 35666, 57700, 28176, 61709, 35983, 34187, 34200, 35655, 35667, 35800, 61659, 35661, 64758, 29315, 30486, 34049, 30750, 61069, 34001, 63207, 635371, 27740, 61710, 53006, 35706, 61660, 59920, 59932, 35993, 34643, 27255, 35427, 33990, 34002, 58609, 62660, 35939, 57978, 30840, 32193, 35492, 626601, 27254, 27744, 61661, 35115, 27755, 31568, 63560, 28584, 61272, 35751, 54138, 27256, 27548, 61729, 58381, 35705, 25268, 27258, 31163, 64827, 27754, 62659, 626591, 35656, 27750, 27728, 61728, 35777, 60664, 28180, 35369, 35097, 35381, 35648, 61733, 35681, 35493, 61725, 64995, 35610, 60103, 60397, 61724, 56041, 27407, 62234, 62235, 34919, 27406, 62241, 63998, 35591, 57792, 31912, 35622, 34184, 53965, 57803, 57802, 35624, 31821, 35201, 35203, 35623, 35682, 35205, 35206, 35204, 35207, 35890, 35672, 35625, 34666, 35673, 28330, 31063, 34013, 30484, 60144, 32772, 33987, 61732, 32962, 55590, 35963, 31837, 33154]
Bicycle_index: 1
href: https://www.bikingpoint.es/es/bicicleta-giant-anthem-advanced-sl-1-2026.html
Response status: 200
bicycle_reference: 35659
Cleaning duplicates
No duplicates found for reference: 35659
New price history saved: 2026-01-23 : 6499.00
Bicycle_index: 2
href: https://www.bikingpoint.es/es/bicicleta-scott-spark-rc-world-cup-2025.html
Response status: 200
bicycle_reference: 34210
Cleaning duplicates
No duplicates found for reference: 34210
New price history saved: 2026-01-23 : 6486.75
Bicycle_index: 3
href: https://www.bikingpoint.es/es/bicicleta-scott-foil-rc-10-black-2026.html
Response status: 200
bicycle_reference: 35497
Cleaning duplicates
No duplicates found for reference: 35497
New price history saved: 2026-01-23 : 6199.00
Bicycle_index: 4
href: https://www.bikingpoint.es/es/bicicleta-scott-addict-rc-20-black-2026.html
Response status: 200
bicycle_reference: 35503
Cleaning duplicates
No duplicates found for reference: 35503
New price history saved: 2026-01-23 : 6199.00
Bicycle_index: 5
href: https://www.bikingpoint.es/es/bicicleta-scott-addict-rc-supersonic-t-m-ed-esp.html
Response status: 200
bicycle_reference: 30703
Cleaning duplicates
No duplicates found for reference: 30703
New price history saved: 2026-01-23 : 5999.00
Bicycle_index: 6
href: https://www.bikingpoint.es/es/bicicleta-massi-k2-evo-team-29-720wh-ep801-2026.html
Response status: 200
bicycle_reference: 61668
Cleaning duplicates
No duplicates found for reference: 61668
New price history saved: 2026-01-23 : 5999.00
Bicycle_index: 7
href: https://www.bikingpoint.es/es/bicicleta-scott-spark-rc-team-issue-silver-2026.html
Response status: 200
bicycle_reference: 35483
Cleaning duplicates
No duplicates found for reference: 35483
New price history saved: 2026-01-23 : 5899.00
Bicycle_index: 8
href: https://www.bikingpoint.es/es/bicicleta-scott-spark-rc-team-issue-green-2026.html
Response status: 200
bicycle_reference: 35556
Cleaning duplicates
No duplicates found for reference: 35556
New price history saved: 2026-01-23 : 5899.00
Bicycle_index: 9
href: https://www.bikingpoint.es/es/bicicleta-scott-patron-910-2025.html
Response status: 200
bicycle_reference: 34195
Cleaning duplicates
No duplicates found for reference: 34195
New price history saved: 2026-01-23 : 5886.75
Bicycle_index: 10
href: https://www.bikingpoint.es/es/bicicleta-massi-aire-slr-29-expert-tr-2026.html
Response status: 200
bicycle_reference: 626691
Cleaning duplicates
No duplicates found for reference: 626691
New price history saved: 2026-01-23 : 5499.00
Bicycle_index: 11
href: https://www.bikingpoint.es/es/bicicleta-look-785-huez-ultegra-di2-proteam-2025.html
Response status: 200
bicycle_reference: 61576
Cleaning duplicates
No duplicates found for reference: 61576
New price history saved: 2026-01-23 : 5499.00
Bicycle_index: 12
href: https://www.bikingpoint.es/es/bicicleta-look-785-huez-disc-105-di2-2025.html
Response status: 200
bicycle_reference: 61572
Cleaning duplicates
No duplicates found for reference: 61572
New price history saved: 2026-01-23 : 5490.00
Bicycle_index: 13
href: https://www.bikingpoint.es/es/bicicleta-scott-addict-gravel-10-2026.html
Response status: 200
bicycle_reference: 35494
Cleaning duplicates
No duplicates found for reference: 35494
New price history saved: 2026-01-23 : 5449.00
Bicycle_index: 14
href: https://www.bikingpoint.es/es/bicicleta-look-795-blade-disc-105-di2-2024.html
Response status: 200
bicycle_reference: 61568
Cleaning duplicates
No duplicates found for reference: 61568
New price history saved: 2026-01-23 : 5432.00
Bicycle_index: 15
href: https://www.bikingpoint.es/es/bicicleta-massi-k2-evo-29-advanced-630wh-ep6-2026.html
Response status: 200
bicycle_reference: 61674
Cleaning duplicates
No duplicates found for reference: 61674
New price history saved: 2026-01-23 : 5399.00
bicycle_references: [27257, 27385, 59831, 61315, 59927, 28254, 34517, 28119, 31164, 30244, 33153, 35892, 33456, 61727, 35825, 35099, 64572, 35891, 32940, 27752, 31078, 34632, 61869, 63196, 631966, 61621, 34171, 35504, 35628, 35498, 30688, 63210, 35123, 30937, 63596, 35490, 62677, 35488, 63593, 32784, 35653, 60064, 34014, 29404, 61624, 631971, 30487, 28114, 34196, 30476, 35495, 34003, 63211, 61610, 35621, 59926, 63594, 61648, 34185, 60063, 35662, 61628, 60077, 60081, 64920, 629721, 29347, 60067, 34663, 35499, 57695, 34175, 34198, 28329, 63214, 61611, 61912, 33919, 34004, 35220, 57126, 28174, 30480, 31141, 61613, 35664, 30483, 61715, 61663, 59928, 63202, 35654, 64303, 63238, 35663, 632381, 27384, 61655, 59917, 35552, 33991, 59971, 57733, 28175, 60083, 30938, 31077, 34206, 35828, 60246, 57157, 30966, 63215, 28121, 30492, 61716, 30489, 31591, 60200, 35857, 35496, 30490, 33417, 60445, 60071, 61656, 35797, 61664, 62799, 35666, 57700, 28176, 61709, 35983, 34187, 34200, 35655, 35667, 35800, 61659, 35661, 64758, 29315, 30486, 34049, 30750, 61069, 34001, 63207, 635371, 27740, 61710, 53006, 35706, 61660, 59920, 59932, 35993, 34643, 27255, 35427, 33990, 34002, 58609, 62660, 35939, 57978, 30840, 32193, 35492, 626601, 27254, 27744, 61661, 35115, 27755, 31568, 63560, 28584, 61272, 35751, 54138, 27256, 27548, 61729, 58381, 35705, 25268, 27258, 31163, 64827, 27754, 62659, 626591, 35656, 27750, 27728, 61728, 35777, 60664, 28180, 35369, 35097, 35381, 35648, 61733, 35681, 35493, 61725, 64995, 35610, 60103, 60397, 61724, 56041, 27407, 62234, 62235, 34919, 27406, 62241, 63998, 35591, 57792, 31912, 35622, 34184, 53965, 57803, 57802, 35624, 31821, 35201, 35203, 35623, 35682, 35205, 35206, 35204, 35207, 35890, 35672, 35625, 34666, 35673, 28330, 31063, 34013, 30484, 60144, 32772, 33987, 61732, 32962, 55590, 35963, 31837, 33154]
url: https://www.bikingpoint.es/es/bicicletas.html/?p=4
Página 4: Encontradas 15 bicicletas
create_bicycles started for biking_point with 15 bicycles finded on the page
Bicycle references saved in DB: [27257, 27385, 59831, 61315, 59927, 28254, 34517, 28119, 31164, 30244, 33153, 35892, 33456, 61727, 35825, 35099, 64572, 35891, 32940, 27752, 31078, 34632, 61869, 63196, 631966, 61621, 34171, 35504, 35628, 35498, 30688, 63210, 35123, 30937, 63596, 35490, 62677, 35488, 63593, 32784, 35653, 60064, 34014, 29404, 61624, 631971, 30487, 28114, 34196, 30476, 35495, 34003, 63211, 61610, 35621, 59926, 63594, 61648, 34185, 60063, 35662, 61628, 60077, 60081, 64920, 629721, 29347, 60067, 34663, 35499, 57695, 34175, 34198, 28329, 63214, 61611, 61912, 33919, 34004, 35220, 57126, 28174, 30480, 31141, 61613, 35664, 30483, 61715, 61663, 59928, 63202, 35654, 64303, 63238, 35663, 632381, 27384, 61655, 59917, 35552, 33991, 59971, 57733, 28175, 60083, 30938, 31077, 34206, 35828, 60246, 57157, 30966, 63215, 28121, 30492, 61716, 30489, 31591, 60200, 35857, 35496, 30490, 33417, 60445, 60071, 61656, 35797, 61664, 62799, 35666, 57700, 28176, 61709, 35983, 34187, 34200, 35655, 35667, 35800, 61659, 35661, 64758, 29315, 30486, 34049, 30750, 61069, 34001, 63207, 635371, 27740, 61710, 53006, 35706, 61660, 59920, 59932, 35993, 34643, 27255, 35427, 33990, 34002, 58609, 62660, 35939, 57978, 30840, 32193, 35492, 626601, 27254, 27744, 61661, 35115, 27755, 31568, 63560, 28584, 61272, 35751, 54138, 27256, 27548, 61729, 58381, 35705, 25268, 27258, 31163, 64827, 27754, 62659, 626591, 35656, 27750, 27728, 61728, 35777, 60664, 28180, 35369, 35097, 35381, 35648, 61733, 35681, 35493, 61725, 64995, 35610, 60103, 60397, 61724, 56041, 27407, 62234, 62235, 34919, 27406, 62241, 63998, 35591, 57792, 31912, 35622, 34184, 53965, 57803, 57802, 35624, 31821, 35201, 35203, 35623, 35682, 35205, 35206, 35204, 35207, 35890, 35672, 35625, 34666, 35673, 28330, 31063, 34013, 30484, 60144, 32772, 33987, 61732, 32962, 55590, 35963, 31837, 33154]
Bicycle_index: 1
href: https://www.bikingpoint.es/es/bicicleta-giant-trance-x-advanced-e-1-elite-2025.html
Response status: 200
bicycle_reference: 31078
Cleaning duplicates
No duplicates found for reference: 31078
New price history saved: 2026-01-23 : 5299.00
Bicycle_index: 2
href: https://www.bikingpoint.es/es/bicicleta-scott-lumen-905-2025.html
Response status: 200
bicycle_reference: 34632
Cleaning duplicates
No duplicates found for reference: 34632
New price history saved: 2026-01-23 : 5299.00
Bicycle_index: 3
href: https://www.bikingpoint.es/es/bicicleta-look-765-optimum-2-db-105-r38d-2025.html
Response status: 200
bicycle_reference: 61869
Cleaning duplicates
No duplicates found for reference: 61869
New price history saved: 2026-01-23 : 5290.00
Bicycle_index: 4
href: https://www.bikingpoint.es/es/bicicleta-massi-arrow-3-race-ult-di2-xtech-wh-2026.html
Response status: 200
bicycle_reference: 63196
Cleaning duplicates
No duplicates found for reference: 63196
New price history saved: 2026-01-23 : 5199.00
Bicycle_index: 5
href: https://www.bikingpoint.es/es/bicicleta-massi-arrow-3-race-ult-di2-xtech-bk-2026.html
Response status: 200
bicycle_reference: 631966
Cleaning duplicates
No duplicates found for reference: 631966
New price history saved: 2026-01-23 : 5199.00
Bicycle_index: 6
href: https://www.bikingpoint.es/es/bicicleta-massi-arrow-race-ultegra-di2-xtech-2026.html
Response status: 200
bicycle_reference: 61621
Cleaning duplicates
No duplicates found for reference: 61621
New price history saved: 2026-01-23 : 5199.00
Bicycle_index: 7
href: https://www.bikingpoint.es/es/bicicleta-scott-addict-rc-10-yellow-2025.html
Response status: 200
bicycle_reference: 34171
Cleaning duplicates
No duplicates found for reference: 34171
New price history saved: 2026-01-23 : 5136.75
Bicycle_index: 8
href: https://www.bikingpoint.es/es/bicicleta-scott-addict-rc-30-green-2026.html
Response status: 200
bicycle_reference: 35504
Cleaning duplicates
No duplicates found for reference: 35504
New price history saved: 2026-01-23 : 5099.00
Bicycle_index: 9
href: https://www.bikingpoint.es/es/bicicleta-scott-addict-rc-30-black-2026.html
Response status: 200
bicycle_reference: 35628
Cleaning duplicates
No duplicates found for reference: 35628
New price history saved: 2026-01-23 : 5099.00
Bicycle_index: 10
href: https://www.bikingpoint.es/es/bicicleta-scott-foil-rc-20-blue-2026.html
Response status: 200
bicycle_reference: 35498
Cleaning duplicates
No duplicates found for reference: 35498
New price history saved: 2026-01-23 : 5099.00
Bicycle_index: 11
href: https://www.bikingpoint.es/es/bicicleta-giant-propel-advanced-sl-1.html
Response status: 200
bicycle_reference: 30688
Cleaning duplicates
No duplicates found for reference: 30688
New price history saved: 2026-01-23 : 4999.00
Bicycle_index: 12
href: https://www.bikingpoint.es/es/bicicleta-massi-team-2-race-ultegra-xtech-2026.html
Response status: 200
bicycle_reference: 63210
Cleaning duplicates
No duplicates found for reference: 63210
New price history saved: 2026-01-23 : 4999.00
Bicycle_index: 13
href: https://www.bikingpoint.es/es/bicicleta-scott-spark-rc-team-xx-t-type-tm-ed-esp.html
Response status: 200
bicycle_reference: 35123
Cleaning duplicates
No duplicates found for reference: 35123
New price history saved: 2026-01-23 : 4999.00
Bicycle_index: 14
href: https://www.bikingpoint.es/es/bicicleta-liv-embolden-e-1-pro-2025.html
Response status: 200
bicycle_reference: 30937
Cleaning duplicates
No duplicates found for reference: 30937
New price history saved: 2026-01-23 : 4899.00
Bicycle_index: 15
href: https://www.bikingpoint.es/es/bicicleta-massi-across-carbon-race-grx-di2-2026.html
Response status: 200
bicycle_reference: 63596
Cleaning duplicates
No duplicates found for reference: 63596
New price history saved: 2026-01-23 : 4799.00
bicycle_references: [27257, 27385, 59831, 61315, 59927, 28254, 34517, 28119, 31164, 30244, 33153, 35892, 33456, 61727, 35825, 35099, 64572, 35891, 32940, 27752, 35490, 62677, 35488, 63593, 32784, 35653, 60064, 34014, 29404, 61624, 631971, 30487, 28114, 34196, 30476, 35495, 34003, 63211, 61610, 35621, 59926, 63594, 61648, 34185, 60063, 35662, 61628, 60077, 60081, 64920, 629721, 29347, 60067, 34663, 35499, 57695, 34175, 34198, 28329, 63214, 61611, 61912, 33919, 34004, 35220, 57126, 28174, 30480, 31141, 61613, 35664, 30483, 61715, 61663, 59928, 63202, 35654, 64303, 63238, 35663, 632381, 27384, 61655, 59917, 35552, 33991, 59971, 57733, 28175, 60083, 30938, 31077, 34206, 35828, 60246, 57157, 30966, 63215, 28121, 30492, 61716, 30489, 31591, 60200, 35857, 35496, 30490, 33417, 60445, 60071, 61656, 35797, 61664, 62799, 35666, 57700, 28176, 61709, 35983, 34187, 34200, 35655, 35667, 35800, 61659, 35661, 64758, 29315, 30486, 34049, 30750, 61069, 34001, 63207, 635371, 27740, 61710, 53006, 35706, 61660, 59920, 59932, 35993, 34643, 27255, 35427, 33990, 34002, 58609, 62660, 35939, 57978, 30840, 32193, 35492, 626601, 27254, 27744, 61661, 35115, 27755, 31568, 63560, 28584, 61272, 35751, 54138, 27256, 27548, 61729, 58381, 35705, 25268, 27258, 31163, 64827, 27754, 62659, 626591, 35656, 27750, 27728, 61728, 35777, 60664, 28180, 35369, 35097, 35381, 35648, 61733, 35681, 35493, 61725, 64995, 35610, 60103, 60397, 61724, 56041, 27407, 62234, 62235, 34919, 27406, 62241, 63998, 35591, 57792, 31912, 35622, 34184, 53965, 57803, 57802, 35624, 31821, 35201, 35203, 35623, 35682, 35205, 35206, 35204, 35207, 35890, 35672, 35625, 34666, 35673, 28330, 31063, 34013, 30484, 60144, 32772, 33987, 61732, 32962, 55590, 35963, 31837, 33154]
url: https://www.bikingpoint.es/es/bicicletas.html/?p=5
Página 5: Encontradas 15 bicicletas
create_bicycles started for biking_point with 15 bicycles finded on the page
Bicycle references saved in DB: [27257, 27385, 59831, 61315, 59927, 28254, 34517, 28119, 31164, 30244, 33153, 35892, 33456, 61727, 35825, 35099, 64572, 35891, 32940, 27752, 35490, 62677, 35488, 63593, 32784, 35653, 60064, 34014, 29404, 61624, 631971, 30487, 28114, 34196, 30476, 35495, 34003, 63211, 61610, 35621, 59926, 63594, 61648, 34185, 60063, 35662, 61628, 60077, 60081, 64920, 629721, 29347, 60067, 34663, 35499, 57695, 34175, 34198, 28329, 63214, 61611, 61912, 33919, 34004, 35220, 57126, 28174, 30480, 31141, 61613, 35664, 30483, 61715, 61663, 59928, 63202, 35654, 64303, 63238, 35663, 632381, 27384, 61655, 59917, 35552, 33991, 59971, 57733, 28175, 60083, 30938, 31077, 34206, 35828, 60246, 57157, 30966, 63215, 28121, 30492, 61716, 30489, 31591, 60200, 35857, 35496, 30490, 33417, 60445, 60071, 61656, 35797, 61664, 62799, 35666, 57700, 28176, 61709, 35983, 34187, 34200, 35655, 35667, 35800, 61659, 35661, 64758, 29315, 30486, 34049, 30750, 61069, 34001, 63207, 635371, 27740, 61710, 53006, 35706, 61660, 59920, 59932, 35993, 34643, 27255, 35427, 33990, 34002, 58609, 62660, 35939, 57978, 30840, 32193, 35492, 626601, 27254, 27744, 61661, 35115, 27755, 31568, 63560, 28584, 61272, 35751, 54138, 27256, 27548, 61729, 58381, 35705, 25268, 27258, 31163, 64827, 27754, 62659, 626591, 35656, 27750, 27728, 61728, 35777, 60664, 28180, 35369, 35097, 35381, 35648, 61733, 35681, 35493, 61725, 64995, 35610, 60103, 60397, 61724, 56041, 27407, 62234, 62235, 34919, 27406, 62241, 63998, 35591, 57792, 31912, 35622, 34184, 53965, 57803, 57802, 35624, 31821, 35201, 35203, 35623, 35682, 35205, 35206, 35204, 35207, 35890, 35672, 35625, 34666, 35673, 28330, 31063, 34013, 30484, 60144, 32772, 33987, 61732, 32962, 55590, 35963, 31837, 33154]
Bicycle_index: 1
href: https://www.bikingpoint.es/es/bicicleta-scott-spark-rc-team-grey-2026.html
Response status: 200
bicycle_reference: 35490
Cleaning duplicates
No duplicates found for reference: 35490
New price history saved: 2026-01-23 : 4799.00
Bicycle_index: 2
href: https://www.bikingpoint.es/es/bicicleta-massi-k2-evo-29-630wh-ep6-trail-2026.html
Response status: 200
bicycle_reference: 62677
Cleaning duplicates
No duplicates found for reference: 62677
New price history saved: 2026-01-23 : 4799.00
Bicycle_index: 3
href: https://www.bikingpoint.es/es/bicicleta-scott-spark-rc-team-black-2026.html
Response status: 200
bicycle_reference: 35488
Cleaning duplicates
No duplicates found for reference: 35488
New price history saved: 2026-01-23 : 4799.00
Bicycle_index: 4
href: https://www.bikingpoint.es/es/bicicleta-massi-across-carbon-race-105-di2-2026.html
Response status: 200
bicycle_reference: 63593
Cleaning duplicates
No duplicates found for reference: 63593
New price history saved: 2026-01-23 : 4799.00
Bicycle_index: 5
href: https://www.bikingpoint.es/es/bicicleta-giant-tcr-advanced-pro-1-di2-plata-2026.html
Response status: 200
bicycle_reference: 35653
Cleaning duplicates
No duplicates found for reference: 35653
New price history saved: 2026-01-23 : 4699.00
Bicycle_index: 6
href: https://www.bikingpoint.es/es/bicicleta-giant-tcr-advanced-pro-1-di2-negro-2026.html
Response status: 200
bicycle_reference: 32784
Cleaning duplicates
No duplicates found for reference: 32784
New price history saved: 2026-01-23 : 4699.00
Bicycle_index: 7
href: https://www.bikingpoint.es/es/bicicleta-massi-aire-carbon-sl-29-pro-tr.html
Response status: 200
bicycle_reference: 60064
Cleaning duplicates
No duplicates found for reference: 60064
New price history saved: 2026-01-23 : 4499.25
Bicycle_index: 8
href: https://www.bikingpoint.es/es/bicicleta-giant-tcr-advanced-pro-0-di2-2025.html
Response status: 200
bicycle_reference: 33154
Cleaning duplicates
No duplicates found for reference: 33154
New price history saved: 2026-01-23 : 4499.00
Bicycle_index: 9
href: https://www.bikingpoint.es/es/bicicleta-scott-voltage-eride-910-2025.html
Response status: 200
bicycle_reference: 34014
Cleaning duplicates
No duplicates found for reference: 34014
New price history saved: 2026-01-23 : 4499.00
Bicycle_index: 10
href: https://www.bikingpoint.es/es/bicicleta-giant-trance-x-advanced-e-1-2023.html
Response status: 200
bicycle_reference: 31063
Cleaning duplicates
No duplicates found for reference: 31063
New price history saved: 2026-01-23 : 4499.00
Bicycle_index: 11
href: https://www.bikingpoint.es/es/bicicleta-massi-arrow-3-race-105-di2-xtech-bk-2026.html
Response status: 200
bicycle_reference: 631971
Cleaning duplicates
No duplicates found for reference: 631971
New price history saved: 2026-01-23 : 4499.00
Bicycle_index: 12
href: https://www.bikingpoint.es/es/bicicleta-scott-addict-eride-30.html
Response status: 200
bicycle_reference: 29404
Cleaning duplicates
No duplicates found for reference: 29404
New price history saved: 2026-01-23 : 4499.00
Bicycle_index: 13
href: https://www.bikingpoint.es/es/bicicleta-massi-arrow-race-105-di2-db-xtech-2026.html
Response status: 200
bicycle_reference: 61624
Cleaning duplicates
No duplicates found for reference: 61624
New price history saved: 2026-01-23 : 4499.00
Bicycle_index: 14
href: https://www.bikingpoint.es/es/bicicleta-giant-propel-advanced-pro-0-2025.html
Response status: 200
bicycle_reference: 34003
Cleaning duplicates
No duplicates found for reference: 34003
New price history saved: 2026-01-23 : 4469.00
Bicycle_index: 15
href: https://www.bikingpoint.es/es/bicicleta-scott-addict-rc-10-2023.html
Response status: 200
bicycle_reference: 30487
Cleaning duplicates
No duplicates found for reference: 30487
New price history saved: 2026-01-23 : 4450.00
bicycle_references: [27257, 27385, 59831, 61315, 59927, 28254, 34517, 28119, 31164, 30244, 33153, 35892, 33456, 61727, 35825, 35099, 64572, 35891, 32940, 27752, 28114, 34196, 30476, 35495, 63211, 61610, 35621, 59926, 63594, 61648, 34185, 60063, 35662, 61628, 60077, 60081, 64920, 629721, 29347, 60067, 34663, 35499, 57695, 34175, 34198, 28329, 63214, 61611, 61912, 33919, 34004, 35220, 57126, 28174, 30480, 31141, 61613, 35664, 30483, 61715, 61663, 59928, 63202, 35654, 64303, 63238, 35663, 632381, 27384, 61655, 59917, 35552, 33991, 59971, 57733, 28175, 60083, 30938, 31077, 34206, 35828, 60246, 57157, 30966, 63215, 28121, 30492, 61716, 30489, 31591, 60200, 35857, 35496, 30490, 33417, 60445, 60071, 61656, 35797, 61664, 62799, 35666, 57700, 28176, 61709, 35983, 34187, 34200, 35655, 35667, 35800, 61659, 35661, 64758, 29315, 30486, 34049, 30750, 61069, 34001, 63207, 635371, 27740, 61710, 53006, 35706, 61660, 59920, 59932, 35993, 34643, 27255, 35427, 33990, 34002, 58609, 62660, 35939, 57978, 30840, 32193, 35492, 626601, 27254, 27744, 61661, 35115, 27755, 31568, 63560, 28584, 61272, 35751, 54138, 27256, 27548, 61729, 58381, 35705, 25268, 27258, 31163, 64827, 27754, 62659, 626591, 35656, 27750, 27728, 61728, 35777, 60664, 28180, 35369, 35097, 35381, 35648, 61733, 35681, 35493, 61725, 64995, 35610, 60103, 60397, 61724, 56041, 27407, 62234, 62235, 34919, 27406, 62241, 63998, 35591, 57792, 31912, 35622, 34184, 53965, 57803, 57802, 35624, 31821, 35201, 35203, 35623, 35682, 35205, 35206, 35204, 35207, 35890, 35672, 35625, 34666, 35673, 28330, 34013, 30484, 60144, 32772, 33987, 61732, 32962, 55590, 35963, 31837]
url: https://www.bikingpoint.es/es/bicicletas.html/?p=6
Página 6: Encontradas 15 bicicletas
create_bicycles started for biking_point with 15 bicycles finded on the page
Bicycle references saved in DB: [27257, 27385, 59831, 61315, 59927, 28254, 34517, 28119, 31164, 30244, 33153, 35892, 33456, 61727, 35825, 35099, 64572, 35891, 32940, 27752, 28114, 34196, 30476, 35495, 63211, 61610, 35621, 59926, 63594, 61648, 34185, 60063, 35662, 61628, 60077, 60081, 64920, 629721, 29347, 60067, 34663, 35499, 57695, 34175, 34198, 28329, 63214, 61611, 61912, 33919, 34004, 35220, 57126, 28174, 30480, 31141, 61613, 35664, 30483, 61715, 61663, 59928, 63202, 35654, 64303, 63238, 35663, 632381, 27384, 61655, 59917, 35552, 33991, 59971, 57733, 28175, 60083, 30938, 31077, 34206, 35828, 60246, 57157, 30966, 63215, 28121, 30492, 61716, 30489, 31591, 60200, 35857, 35496, 30490, 33417, 60445, 60071, 61656, 35797, 61664, 62799, 35666, 57700, 28176, 61709, 35983, 34187, 34200, 35655, 35667, 35800, 61659, 35661, 64758, 29315, 30486, 34049, 30750, 61069, 34001, 63207, 635371, 27740, 61710, 53006, 35706, 61660, 59920, 59932, 35993, 34643, 27255, 35427, 33990, 34002, 58609, 62660, 35939, 57978, 30840, 32193, 35492, 626601, 27254, 27744, 61661, 35115, 27755, 31568, 63560, 28584, 61272, 35751, 54138, 27256, 27548, 61729, 58381, 35705, 25268, 27258, 31163, 64827, 27754, 62659, 626591, 35656, 27750, 27728, 61728, 35777, 60664, 28180, 35369, 35097, 35381, 35648, 61733, 35681, 35493, 61725, 64995, 35610, 60103, 60397, 61724, 56041, 27407, 62234, 62235, 34919, 27406, 62241, 63998, 35591, 57792, 31912, 35622, 34184, 53965, 57803, 57802, 35624, 31821, 35201, 35203, 35623, 35682, 35205, 35206, 35204, 35207, 35890, 35672, 35625, 34666, 35673, 28330, 34013, 30484, 60144, 32772, 33987, 61732, 32962, 55590, 35963, 31837]
Bicycle_index: 1
href: https://www.bikingpoint.es/es/bicicleta-giant-trance-x-advanced-e-0.html
Response status: 200
bicycle_reference: 28114
Cleaning duplicates
No duplicates found for reference: 28114
New price history saved: 2026-01-23 : 4399.00
Bicycle_index: 2
href: https://www.bikingpoint.es/es/bicicleta-scott-lumen-920-2025.html
Response status: 200
bicycle_reference: 34196
Cleaning duplicates
No duplicates found for reference: 34196
New price history saved: 2026-01-23 : 4299.00
Bicycle_index: 3
href: https://www.bikingpoint.es/es/bicicleta-scott-foil-rc-20-2023.html
Response status: 200
bicycle_reference: 30476
Cleaning duplicates
No duplicates found for reference: 30476
New price history saved: 2026-01-23 : 4299.00
Bicycle_index: 4
href: https://www.bikingpoint.es/es/bicicleta-scott-addict-gravel-20-beige-2026.html
Response status: 200
bicycle_reference: 35495
Cleaning duplicates
No duplicates found for reference: 35495
New price history saved: 2026-01-23 : 4249.00
Bicycle_index: 5
href: https://www.bikingpoint.es/es/bicicleta-scott-solace-gravel-eride-30-2023.html
Response status: 200
bicycle_reference: 30438
Reference 30438 not in bicycles_reference
Cleaning duplicates
No duplicates found for reference: 30438
Bicycle not exist
Saved bike for: 622
PriceHistory saved for 30438
Bicycle_index: 6
href: https://www.bikingpoint.es/es/bicicleta-massi-team-race-105-di2-12-db-xtech-2026.html
Response status: 200
bicycle_reference: 61610
Cleaning duplicates
No duplicates found for reference: 61610
New price history saved: 2026-01-23 : 4199.00
Bicycle_index: 7
href: https://www.bikingpoint.es/es/bicicleta-giant-propel-advanced-1-2026.html
Response status: 200
bicycle_reference: 35621
Cleaning duplicates
No duplicates found for reference: 35621
New price history saved: 2026-01-23 : 4199.00
Bicycle_index: 8
href: https://www.bikingpoint.es/es/bicicleta-massi-team-2-race-105-di2-db-xtech-2026.html
Response status: 200
bicycle_reference: 63211
Cleaning duplicates
No duplicates found for reference: 63211
New price history saved: 2026-01-23 : 4199.00
Bicycle_index: 9
href: https://www.bikingpoint.es/es/bicicleta-massi-across-carbon-race-grx-1x12-2026.html
Response status: 200
bicycle_reference: 63594
Cleaning duplicates
No duplicates found for reference: 63594
New price history saved: 2026-01-23 : 4099.00
Bicycle_index: 10
href: https://www.bikingpoint.es/es/bicicleta-massi-arrow-race-ult-disc-di2-carbo.html
Response status: 200
bicycle_reference: 59926
Cleaning duplicates
No duplicates found for reference: 59926
New price history saved: 2026-01-23 : 4099.00
Bicycle_index: 11
href: https://www.bikingpoint.es/es/bicicleta-massi-aire-carbon-sl-29-expert-2025.html
Response status: 200
bicycle_reference: 61648
Cleaning duplicates
No duplicates found for reference: 61648
New price history saved: 2026-01-23 : 4049.25
Bicycle_index: 12
href: https://www.bikingpoint.es/es/bicicleta-scott-addict-gravel-10-2025.html
Response status: 200
bicycle_reference: 34185
Cleaning duplicates
No duplicates found for reference: 34185
New price history saved: 2026-01-23 : 4049.00
Bicycle_index: 13
href: https://www.bikingpoint.es/es/bicicleta-massi-aire-carbon-sl-29-pro-1x12.html
Response status: 200
bicycle_reference: 60063
Cleaning duplicates
No duplicates found for reference: 60063
New price history saved: 2026-01-23 : 3999.20
Bicycle_index: 14
href: https://www.bikingpoint.es/es/bicicleta-massi-arrow-race-105-di2-db-2026.html
Response status: 200
bicycle_reference: 61628
Cleaning duplicates
No duplicates found for reference: 61628
New price history saved: 2026-01-23 : 3999.00
Bicycle_index: 15
href: https://www.bikingpoint.es/es/bicicleta-massi-pro-rc-29-elite-1x12.html
Response status: 200
bicycle_reference: 60077
Cleaning duplicates
No duplicates found for reference: 60077
New price history saved: 2026-01-23 : 3999.00
bicycle_references: [27257, 27385, 59831, 61315, 59927, 28254, 34517, 28119, 31164, 30244, 33153, 35892, 33456, 61727, 35825, 35099, 64572, 35891, 32940, 27752, 35662, 60081, 64920, 629721, 29347, 60067, 34663, 35499, 57695, 34175, 34198, 28329, 63214, 61611, 61912, 33919, 34004, 35220, 57126, 28174, 30480, 31141, 61613, 35664, 30483, 61715, 61663, 59928, 63202, 35654, 64303, 63238, 35663, 632381, 27384, 61655, 59917, 35552, 33991, 59971, 57733, 28175, 60083, 30938, 31077, 34206, 35828, 60246, 57157, 30966, 63215, 28121, 30492, 61716, 30489, 31591, 60200, 35857, 35496, 30490, 33417, 60445, 60071, 61656, 35797, 61664, 62799, 35666, 57700, 28176, 61709, 35983, 34187, 34200, 35655, 35667, 35800, 61659, 35661, 64758, 29315, 30486, 34049, 30750, 61069, 34001, 63207, 635371, 27740, 61710, 53006, 35706, 61660, 59920, 59932, 35993, 34643, 27255, 35427, 33990, 34002, 58609, 62660, 35939, 57978, 30840, 32193, 35492, 626601, 27254, 27744, 61661, 35115, 27755, 31568, 63560, 28584, 61272, 35751, 54138, 27256, 27548, 61729, 58381, 35705, 25268, 27258, 31163, 64827, 27754, 62659, 626591, 35656, 27750, 27728, 61728, 35777, 60664, 28180, 35369, 35097, 35381, 35648, 61733, 35681, 35493, 61725, 64995, 35610, 60103, 60397, 61724, 56041, 27407, 62234, 62235, 34919, 27406, 62241, 63998, 35591, 57792, 31912, 35622, 34184, 53965, 57803, 57802, 35624, 31821, 35201, 35203, 35623, 35682, 35205, 35206, 35204, 35207, 35890, 35672, 35625, 34666, 35673, 28330, 34013, 30484, 60144, 32772, 33987, 61732, 32962, 55590, 35963, 31837]
url: https://www.bikingpoint.es/es/bicicletas.html/?p=7
Página 7: Encontradas 15 bicicletas
create_bicycles started for biking_point with 15 bicycles finded on the page
Bicycle references saved in DB: [27257, 27385, 59831, 61315, 59927, 28254, 34517, 28119, 31164, 30244, 33153, 35892, 33456, 61727, 35825, 35099, 64572, 35891, 32940, 27752, 35662, 60081, 64920, 629721, 29347, 60067, 34663, 35499, 57695, 34175, 34198, 28329, 63214, 61611, 61912, 33919, 34004, 35220, 57126, 28174, 30480, 31141, 61613, 35664, 30483, 61715, 61663, 59928, 63202, 35654, 64303, 63238, 35663, 632381, 27384, 61655, 59917, 35552, 33991, 59971, 57733, 28175, 60083, 30938, 31077, 34206, 35828, 60246, 57157, 30966, 63215, 28121, 30492, 61716, 30489, 31591, 60200, 35857, 35496, 30490, 33417, 60445, 60071, 61656, 35797, 61664, 62799, 35666, 57700, 28176, 61709, 35983, 34187, 34200, 35655, 35667, 35800, 61659, 35661, 64758, 29315, 30486, 34049, 30750, 61069, 34001, 63207, 635371, 27740, 61710, 53006, 35706, 61660, 59920, 59932, 35993, 34643, 27255, 35427, 33990, 34002, 58609, 62660, 35939, 57978, 30840, 32193, 35492, 626601, 27254, 27744, 61661, 35115, 27755, 31568, 63560, 28584, 61272, 35751, 54138, 27256, 27548, 61729, 58381, 35705, 25268, 27258, 31163, 64827, 27754, 62659, 626591, 35656, 27750, 27728, 61728, 35777, 60664, 28180, 35369, 35097, 35381, 35648, 61733, 35681, 35493, 61725, 64995, 35610, 60103, 60397, 61724, 56041, 27407, 62234, 62235, 34919, 27406, 62241, 63998, 35591, 57792, 31912, 35622, 34184, 53965, 57803, 57802, 35624, 31821, 35201, 35203, 35623, 35682, 35205, 35206, 35204, 35207, 35890, 35672, 35625, 34666, 35673, 28330, 34013, 30484, 60144, 32772, 33987, 61732, 32962, 55590, 35963, 31837]
Bicycle_index: 1
href: https://www.bikingpoint.es/es/bicicleta-massi-across-carbon-grx-di2-green-2026.html
Response status: 200
bicycle_reference: 629721
Cleaning duplicates
No duplicates found for reference: 629721
New price history saved: 2026-01-23 : 3999.00
Bicycle_index: 2
href: https://www.bikingpoint.es/es/bicicleta-massi-pro-29-expert-1x12.html
Response status: 200
bicycle_reference: 60081
Cleaning duplicates
No duplicates found for reference: 60081
New price history saved: 2026-01-23 : 3999.00
Bicycle_index: 3
href: https://www.bikingpoint.es/es/bicicleta-liv-langma-advanced-0-2026.html
Response status: 200
bicycle_reference: 35662
Cleaning duplicates
No duplicates found for reference: 35662
New price history saved: 2026-01-23 : 3999.00
Bicycle_index: 4
href: https://www.bikingpoint.es/es/bicicleta-massi-aire-sl-ltd-x-3-2026.html
Response status: 200
bicycle_reference: 64920
Cleaning duplicates
No duplicates found for reference: 64920
New price history saved: 2026-01-23 : 3999.00
Bicycle_index: 5
href: https://www.bikingpoint.es/es/bicicleta-massi-aire-carbon-sl-29-adv-xt-r-al.html
Response status: 200
bicycle_reference: 29347
Cleaning duplicates
No duplicates found for reference: 29347
New price history saved: 2026-01-23 : 3974.25
Bicycle_index: 6
href: https://www.bikingpoint.es/es/bicicleta-scott-foil-rc-20-2025.html
Response status: 200
bicycle_reference: 34013
Cleaning duplicates
No duplicates found for reference: 34013
New price history saved: 2026-01-23 : 3971.22
Bicycle_index: 7
href: https://www.bikingpoint.es/es/bicicleta-massi-aire-carbon-sl-29-elite-tr.html
Response status: 200
bicycle_reference: 60067
Cleaning duplicates
No duplicates found for reference: 60067
New price history saved: 2026-01-23 : 3919.20
Bicycle_index: 8
href: https://www.bikingpoint.es/es/bicicleta-giant-trance-x-e-2-pro-29-bateria-625.html
Response status: 200
bicycle_reference: 34663
Cleaning duplicates
No duplicates found for reference: 34663
New price history saved: 2026-01-23 : 3899.00
Bicycle_index: 9
href: https://www.bikingpoint.es/es/bicicleta-scott-addict-30-white-2026.html
Response status: 200
bicycle_reference: 35499
Cleaning duplicates
No duplicates found for reference: 35499
New price history saved: 2026-01-23 : 3899.00
Bicycle_index: 10
href: https://www.bikingpoint.es/es/bicicleta-massi-aire-carbon-sl-29-endurance-2022.html
Response status: 200
bicycle_reference: 57695
Cleaning duplicates
No duplicates found for reference: 57695
New price history saved: 2026-01-23 : 3839.20
Bicycle_index: 11
href: https://www.bikingpoint.es/es/bicicleta-scott-addict-rc-30-2025.html
Response status: 200
bicycle_reference: 34175
Cleaning duplicates
No duplicates found for reference: 34175
New price history saved: 2026-01-23 : 3824.00
Bicycle_index: 12
href: https://www.bikingpoint.es/es/bicicleta-scott-addict-rc-eride-20-2025.html
Response status: 200
bicycle_reference: 34198
Cleaning duplicates
No duplicates found for reference: 34198
New price history saved: 2026-01-23 : 3799.00
Bicycle_index: 13
href: https://www.bikingpoint.es/es/bicicleta-liv-intrigue-x-e-2-pro.html
Response status: 200
bicycle_reference: 28329
Cleaning duplicates
No duplicates found for reference: 28329
New price history saved: 2026-01-23 : 3779.00
Bicycle_index: 14
href: https://www.bikingpoint.es/es/bicicleta-massi-team-2-race-105-di2-2026.html
Response status: 200
bicycle_reference: 63214
Cleaning duplicates
No duplicates found for reference: 63214
New price history saved: 2026-01-23 : 3699.00
Bicycle_index: 15
href: https://www.bikingpoint.es/es/bicicleta-massi-team-race-105-di2-12v-db-2026.html
Response status: 200
bicycle_reference: 61611
Cleaning duplicates
No duplicates found for reference: 61611
New price history saved: 2026-01-23 : 3699.00
bicycle_references: [27257, 27385, 59831, 61315, 59927, 28254, 34517, 28119, 31164, 30244, 33153, 35892, 33456, 61727, 35825, 35099, 64572, 35891, 32940, 27752, 61912, 33919, 34004, 35220, 57126, 28174, 30480, 31141, 61613, 35664, 30483, 61715, 61663, 59928, 63202, 35654, 64303, 63238, 35663, 632381, 27384, 61655, 59917, 35552, 33991, 59971, 57733, 28175, 60083, 30938, 31077, 34206, 35828, 60246, 57157, 30966, 63215, 28121, 30492, 61716, 30489, 31591, 60200, 35857, 35496, 30490, 33417, 60445, 60071, 61656, 35797, 61664, 62799, 35666, 57700, 28176, 61709, 35983, 34187, 34200, 35655, 35667, 35800, 61659, 35661, 64758, 29315, 30486, 34049, 30750, 61069, 34001, 63207, 635371, 27740, 61710, 53006, 35706, 61660, 59920, 59932, 35993, 34643, 27255, 35427, 33990, 34002, 58609, 62660, 35939, 57978, 30840, 32193, 35492, 626601, 27254, 27744, 61661, 35115, 27755, 31568, 63560, 28584, 61272, 35751, 54138, 27256, 27548, 61729, 58381, 35705, 25268, 27258, 31163, 64827, 27754, 62659, 626591, 35656, 27750, 27728, 61728, 35777, 60664, 28180, 35369, 35097, 35381, 35648, 61733, 35681, 35493, 61725, 64995, 35610, 60103, 60397, 61724, 56041, 27407, 62234, 62235, 34919, 27406, 62241, 63998, 35591, 57792, 31912, 35622, 34184, 53965, 57803, 57802, 35624, 31821, 35201, 35203, 35623, 35682, 35205, 35206, 35204, 35207, 35890, 35672, 35625, 34666, 35673, 28330, 30484, 60144, 32772, 33987, 61732, 32962, 55590, 35963, 31837]
url: https://www.bikingpoint.es/es/bicicletas.html/?p=8
Página 8: Encontradas 15 bicicletas
create_bicycles started for biking_point with 15 bicycles finded on the page
Bicycle references saved in DB: [27257, 27385, 59831, 61315, 59927, 28254, 34517, 28119, 31164, 30244, 33153, 35892, 33456, 61727, 35825, 35099, 64572, 35891, 32940, 27752, 61912, 33919, 34004, 35220, 57126, 28174, 30480, 31141, 61613, 35664, 30483, 61715, 61663, 59928, 63202, 35654, 64303, 63238, 35663, 632381, 27384, 61655, 59917, 35552, 33991, 59971, 57733, 28175, 60083, 30938, 31077, 34206, 35828, 60246, 57157, 30966, 63215, 28121, 30492, 61716, 30489, 31591, 60200, 35857, 35496, 30490, 33417, 60445, 60071, 61656, 35797, 61664, 62799, 35666, 57700, 28176, 61709, 35983, 34187, 34200, 35655, 35667, 35800, 61659, 35661, 64758, 29315, 30486, 34049, 30750, 61069, 34001, 63207, 635371, 27740, 61710, 53006, 35706, 61660, 59920, 59932, 35993, 34643, 27255, 35427, 33990, 34002, 58609, 62660, 35939, 57978, 30840, 32193, 35492, 626601, 27254, 27744, 61661, 35115, 27755, 31568, 63560, 28584, 61272, 35751, 54138, 27256, 27548, 61729, 58381, 35705, 25268, 27258, 31163, 64827, 27754, 62659, 626591, 35656, 27750, 27728, 61728, 35777, 60664, 28180, 35369, 35097, 35381, 35648, 61733, 35681, 35493, 61725, 64995, 35610, 60103, 60397, 61724, 56041, 27407, 62234, 62235, 34919, 27406, 62241, 63998, 35591, 57792, 31912, 35622, 34184, 53965, 57803, 57802, 35624, 31821, 35201, 35203, 35623, 35682, 35205, 35206, 35204, 35207, 35890, 35672, 35625, 34666, 35673, 28330, 30484, 60144, 32772, 33987, 61732, 32962, 55590, 35963, 31837]
Bicycle_index: 1
href: https://www.bikingpoint.es/es/bicicleta-look-785-huez-disc-105-proteam-2025.html
Response status: 200
bicycle_reference: 61912
Cleaning duplicates
No duplicates found for reference: 61912
New price history saved: 2026-01-23 : 3690.00
Bicycle_index: 2
href: https://www.bikingpoint.es/es/bicicleta-scott-voltage-eride-920-2025.html
Response status: 200
bicycle_reference: 33919
Cleaning duplicates
No duplicates found for reference: 33919
New price history saved: 2026-01-23 : 3668.68
Bicycle_index: 3
href: https://www.bikingpoint.es/es/bicicleta-giant-propel-advanced-pro-1-2025.html
Response status: 200
bicycle_reference: 34004
Cleaning duplicates
No duplicates found for reference: 34004
New price history saved: 2026-01-23 : 3557.81
Bicycle_index: 4
href: https://www.bikingpoint.es/es/bicicleta-massi-team-race-ultegra-di2-tour.html
Response status: 200
bicycle_reference: 59831
Cleaning duplicates
No duplicates found for reference: 59831
New price history saved: 2026-01-23 : 3519.20
Bicycle_index: 5
href: https://www.bikingpoint.es/es/bicicleta-scott-strike-eride-920-azul.html
Response status: 200
bicycle_reference: 27385
Cleaning duplicates
No duplicates found for reference: 27385
New price history saved: 2026-01-23 : 3499.00
Bicycle_index: 6
href: https://www.bikingpoint.es/es/bicicleta-scott-spark-rc-team-black-2024.html
Response status: 200
bicycle_reference: 30480
Cleaning duplicates
No duplicates found for reference: 30480
New price history saved: 2026-01-23 : 3499.00
Bicycle_index: 7
href: https://www.bikingpoint.es/es/bicicleta-giant-trance-x-e-3-pro-29-bateria-625.html
Response status: 200
bicycle_reference: 35220
Cleaning duplicates
No duplicates found for reference: 35220
New price history saved: 2026-01-23 : 3499.00
Bicycle_index: 8
href: https://www.bikingpoint.es/es/bicicleta-look-785-huez-rs-chame-ult-di2-12v-2022.html
Response status: 200
bicycle_reference: 57126
Cleaning duplicates
No duplicates found for reference: 57126
New price history saved: 2026-01-23 : 3499.00
Bicycle_index: 9
href: https://www.bikingpoint.es/es/bicicleta-giant-anthem-advanced-pro-29-1-2022.html
Response status: 200
bicycle_reference: 28174
Cleaning duplicates
No duplicates found for reference: 28174
New price history saved: 2026-01-23 : 3499.00
Bicycle_index: 10
href: https://www.bikingpoint.es/es/bicicleta-giant-trance-x-advanced-e-3-elite-2025.html
Response status: 200
bicycle_reference: 31141
Cleaning duplicates
No duplicates found for reference: 31141
New price history saved: 2026-01-23 : 3449.00
Bicycle_index: 11
href: https://www.bikingpoint.es/es/bicicleta-liv-devote-advanced-1-2026.html
Response status: 200
bicycle_reference: 35664
Cleaning duplicates
No duplicates found for reference: 35664
New price history saved: 2026-01-23 : 3399.00
Bicycle_index: 12
href: https://www.bikingpoint.es/es/bicicleta-massi-team-race-105-12-db-xtech-2026.html
Response status: 200
bicycle_reference: 61613
Cleaning duplicates
No duplicates found for reference: 61613
New price history saved: 2026-01-23 : 3399.00
Bicycle_index: 13
href: https://www.bikingpoint.es/es/bicicleta-massi-arrow-race-ultegra-disc-di2.html
Response status: 200
bicycle_reference: 59927
Cleaning duplicates
No duplicates found for reference: 59927
New price history saved: 2026-01-23 : 3399.00
Bicycle_index: 14
href: https://www.bikingpoint.es/es/bicicleta-scott-spark-rc-team-white-2024.html
Response status: 200
bicycle_reference: 30483
Cleaning duplicates
No duplicates found for reference: 30483
New price history saved: 2026-01-23 : 3349.00
Bicycle_index: 15
href: https://www.bikingpoint.es/es/bicicleta-giant-trance-x-e-2-pro-29.html
Response status: 200
bicycle_reference: 28119
Cleaning duplicates
No duplicates found for reference: 28119
New price history saved: 2026-01-23 : 3299.00
bicycle_references: [27257, 61315, 28254, 34517, 31164, 30244, 33153, 35892, 33456, 61727, 35825, 35099, 64572, 35891, 32940, 27752, 61715, 61663, 59928, 63202, 35654, 64303, 63238, 35663, 632381, 27384, 61655, 59917, 35552, 33991, 59971, 57733, 28175, 60083, 30938, 31077, 34206, 35828, 60246, 57157, 30966, 63215, 28121, 30492, 61716, 30489, 31591, 60200, 35857, 35496, 30490, 33417, 60445, 60071, 61656, 35797, 61664, 62799, 35666, 57700, 28176, 61709, 35983, 34187, 34200, 35655, 35667, 35800, 61659, 35661, 64758, 29315, 30486, 34049, 30750, 61069, 34001, 63207, 635371, 27740, 61710, 53006, 35706, 61660, 59920, 59932, 35993, 34643, 27255, 35427, 33990, 34002, 58609, 62660, 35939, 57978, 30840, 32193, 35492, 626601, 27254, 27744, 61661, 35115, 27755, 31568, 63560, 28584, 61272, 35751, 54138, 27256, 27548, 61729, 58381, 35705, 25268, 27258, 31163, 64827, 27754, 62659, 626591, 35656, 27750, 27728, 61728, 35777, 60664, 28180, 35369, 35097, 35381, 35648, 61733, 35681, 35493, 61725, 64995, 35610, 60103, 60397, 61724, 56041, 27407, 62234, 62235, 34919, 27406, 62241, 63998, 35591, 57792, 31912, 35622, 34184, 53965, 57803, 57802, 35624, 31821, 35201, 35203, 35623, 35682, 35205, 35206, 35204, 35207, 35890, 35672, 35625, 34666, 35673, 28330, 30484, 60144, 32772, 33987, 61732, 32962, 55590, 35963, 31837]
url: https://www.bikingpoint.es/es/bicicletas.html/?p=9
Página 9: Encontradas 15 bicicletas
create_bicycles started for biking_point with 15 bicycles finded on the page
Bicycle references saved in DB: [27257, 61315, 28254, 34517, 31164, 30244, 33153, 35892, 33456, 61727, 35825, 35099, 64572, 35891, 32940, 27752, 61715, 61663, 59928, 63202, 35654, 64303, 63238, 35663, 632381, 27384, 61655, 59917, 35552, 33991, 59971, 57733, 28175, 60083, 30938, 31077, 34206, 35828, 60246, 57157, 30966, 63215, 28121, 30492, 61716, 30489, 31591, 60200, 35857, 35496, 30490, 33417, 60445, 60071, 61656, 35797, 61664, 62799, 35666, 57700, 28176, 61709, 35983, 34187, 34200, 35655, 35667, 35800, 61659, 35661, 64758, 29315, 30486, 34049, 30750, 61069, 34001, 63207, 635371, 27740, 61710, 53006, 35706, 61660, 59920, 59932, 35993, 34643, 27255, 35427, 33990, 34002, 58609, 62660, 35939, 57978, 30840, 32193, 35492, 626601, 27254, 27744, 61661, 35115, 27755, 31568, 63560, 28584, 61272, 35751, 54138, 27256, 27548, 61729, 58381, 35705, 25268, 27258, 31163, 64827, 27754, 62659, 626591, 35656, 27750, 27728, 61728, 35777, 60664, 28180, 35369, 35097, 35381, 35648, 61733, 35681, 35493, 61725, 64995, 35610, 60103, 60397, 61724, 56041, 27407, 62234, 62235, 34919, 27406, 62241, 63998, 35591, 57792, 31912, 35622, 34184, 53965, 57803, 57802, 35624, 31821, 35201, 35203, 35623, 35682, 35205, 35206, 35204, 35207, 35890, 35672, 35625, 34666, 35673, 28330, 30484, 60144, 32772, 33987, 61732, 32962, 55590, 35963, 31837]
Bicycle_index: 1
href: https://www.bikingpoint.es/es/bicicleta-massi-team-2-105-12v-xtech-2026.html
Response status: 200
bicycle_reference: 63202
Cleaning duplicates
No duplicates found for reference: 63202
New price history saved: 2026-01-23 : 3299.00
Bicycle_index: 2
href: https://www.bikingpoint.es/es/bicicleta-giant-tcr-advanced-1-pro-compact-2026.html
Response status: 200
bicycle_reference: 35654
Cleaning duplicates
No duplicates found for reference: 35654
New price history saved: 2026-01-23 : 3299.00
Bicycle_index: 3
href: https://www.bikingpoint.es/es/bicicleta-massi-aire-sl-ltd-x-2-2026.html
Response status: 200
bicycle_reference: 64303
Cleaning duplicates
No duplicates found for reference: 64303
New price history saved: 2026-01-23 : 3299.00
Bicycle_index: 4
href: https://www.bikingpoint.es/es/bicicleta-massi-arrow-race-105-disc-di2-carbo.html
Response status: 200
bicycle_reference: 59928
Cleaning duplicates
No duplicates found for reference: 59928
New price history saved: 2026-01-23 : 3299.00
Bicycle_index: 5
href: https://www.bikingpoint.es/es/bicicleta-massi-across-carbon-grx-1x12.html
Response status: 200
bicycle_reference: 61715
Cleaning duplicates
No duplicates found for reference: 61715
New price history saved: 2026-01-23 : 3299.00
Bicycle_index: 6
href: https://www.bikingpoint.es/es/bicicleta-massi-across-carbon-grx-1x12-black-2026.html
Response status: 200
bicycle_reference: 63238
Cleaning duplicates
No duplicates found for reference: 63238
New price history saved: 2026-01-23 : 3299.00
Bicycle_index: 7
href: https://www.bikingpoint.es/es/bicicleta-liv-langma-advanced-1-pro-compact-2026.html
Response status: 200
bicycle_reference: 35663
Cleaning duplicates
No duplicates found for reference: 35663
New price history saved: 2026-01-23 : 3299.00
Bicycle_index: 8
href: https://www.bikingpoint.es/es/bicicleta-massi-across-carbon-grx-1x12-green-2026.html
Response status: 200
bicycle_reference: 632381
Cleaning duplicates
No duplicates found for reference: 632381
New price history saved: 2026-01-23 : 3299.00
Bicycle_index: 9
href: https://www.bikingpoint.es/es/bicicleta-massi-pro-29-elite-2026.html
Response status: 200
bicycle_reference: 61663
Cleaning duplicates
No duplicates found for reference: 61663
New price history saved: 2026-01-23 : 3299.00
Bicycle_index: 10
href: https://www.bikingpoint.es/es/bicicleta-scott-strike-eride-930.html
Response status: 200
bicycle_reference: 27384
Cleaning duplicates
No duplicates found for reference: 27384
New price history saved: 2026-01-23 : 3290.00
Bicycle_index: 11
href: https://www.bikingpoint.es/es/bicicleta-massi-aire-carbon-sl-29-comp-1x12-2025.html
Response status: 200
bicycle_reference: 61655
Cleaning duplicates
No duplicates found for reference: 61655
New price history saved: 2026-01-23 : 3279.20
Bicycle_index: 12
href: https://www.bikingpoint.es/es/bicicleta-massi-team-race-105-disc-di2-carbon-2023.html
Response status: 200
bicycle_reference: 59917
Cleaning duplicates
No duplicates found for reference: 59917
New price history saved: 2026-01-23 : 3199.20
Bicycle_index: 13
href: https://www.bikingpoint.es/es/bicicleta-bmc-team-machine-slr-2022-t-56-2a-mano.html
Response status: 200
bicycle_reference: 35552
Cleaning duplicates
No duplicates found for reference: 35552
New price history saved: 2026-01-23 : 3199.00
Bicycle_index: 14
href: https://www.bikingpoint.es/es/bicicleta-scott-spark-rc-t-iss-tr-t-m-2024-2a-mano.html
Response status: 200
bicycle_reference: 35923
Reference 35923 not in bicycles_reference
Cleaning duplicates
No duplicates found for reference: 35923
Bicycle not exist
Saved bike for: 623
PriceHistory saved for 35923
Bicycle_index: 15
href: https://www.bikingpoint.es/es/bicicleta-massi-aire-carbon-sl-29-comp-plus.html
Response status: 200
bicycle_reference: 59971
Cleaning duplicates
No duplicates found for reference: 59971
New price history saved: 2026-01-23 : 3039.20
bicycle_references: [27257, 61315, 28254, 34517, 31164, 30244, 33153, 35892, 33456, 61727, 35825, 35099, 64572, 35891, 32940, 27752, 33991, 57733, 28175, 60083, 30938, 31077, 34206, 35828, 60246, 57157, 30966, 63215, 28121, 30492, 61716, 30489, 31591, 60200, 35857, 35496, 30490, 33417, 60445, 60071, 61656, 35797, 61664, 62799, 35666, 57700, 28176, 61709, 35983, 34187, 34200, 35655, 35667, 35800, 61659, 35661, 64758, 29315, 30486, 34049, 30750, 61069, 34001, 63207, 635371, 27740, 61710, 53006, 35706, 61660, 59920, 59932, 35993, 34643, 27255, 35427, 33990, 34002, 58609, 62660, 35939, 57978, 30840, 32193, 35492, 626601, 27254, 27744, 61661, 35115, 27755, 31568, 63560, 28584, 61272, 35751, 54138, 27256, 27548, 61729, 58381, 35705, 25268, 27258, 31163, 64827, 27754, 62659, 626591, 35656, 27750, 27728, 61728, 35777, 60664, 28180, 35369, 35097, 35381, 35648, 61733, 35681, 35493, 61725, 64995, 35610, 60103, 60397, 61724, 56041, 27407, 62234, 62235, 34919, 27406, 62241, 63998, 35591, 57792, 31912, 35622, 34184, 53965, 57803, 57802, 35624, 31821, 35201, 35203, 35623, 35682, 35205, 35206, 35204, 35207, 35890, 35672, 35625, 34666, 35673, 28330, 30484, 60144, 32772, 33987, 61732, 32962, 55590, 35963, 31837]
url: https://www.bikingpoint.es/es/bicicletas.html/?p=10
Página 10: Encontradas 15 bicicletas
create_bicycles started for biking_point with 15 bicycles finded on the page
Bicycle references saved in DB: [27257, 61315, 28254, 34517, 31164, 30244, 33153, 35892, 33456, 61727, 35825, 35099, 64572, 35891, 32940, 27752, 33991, 57733, 28175, 60083, 30938, 31077, 34206, 35828, 60246, 57157, 30966, 63215, 28121, 30492, 61716, 30489, 31591, 60200, 35857, 35496, 30490, 33417, 60445, 60071, 61656, 35797, 61664, 62799, 35666, 57700, 28176, 61709, 35983, 34187, 34200, 35655, 35667, 35800, 61659, 35661, 64758, 29315, 30486, 34049, 30750, 61069, 34001, 63207, 635371, 27740, 61710, 53006, 35706, 61660, 59920, 59932, 35993, 34643, 27255, 35427, 33990, 34002, 58609, 62660, 35939, 57978, 30840, 32193, 35492, 626601, 27254, 27744, 61661, 35115, 27755, 31568, 63560, 28584, 61272, 35751, 54138, 27256, 27548, 61729, 58381, 35705, 25268, 27258, 31163, 64827, 27754, 62659, 626591, 35656, 27750, 27728, 61728, 35777, 60664, 28180, 35369, 35097, 35381, 35648, 61733, 35681, 35493, 61725, 64995, 35610, 60103, 60397, 61724, 56041, 27407, 62234, 62235, 34919, 27406, 62241, 63998, 35591, 57792, 31912, 35622, 34184, 53965, 57803, 57802, 35624, 31821, 35201, 35203, 35623, 35682, 35205, 35206, 35204, 35207, 35890, 35672, 35625, 34666, 35673, 28330, 30484, 60144, 32772, 33987, 61732, 32962, 55590, 35963, 31837]
Bicycle_index: 1
href: https://www.bikingpoint.es/es/bicicleta-look-765-rs-db-petrol-rival-red500.html
Response status: 200
bicycle_reference: 57157
Cleaning duplicates
No duplicates found for reference: 57157
New price history saved: 2026-01-23 : 2999.00
Bicycle_index: 2
href: https://www.bikingpoint.es/es/bicicleta-scott-addict-rc-15-t-l-ed-esp.html
Response status: 200
bicycle_reference: 30966
Cleaning duplicates
No duplicates found for reference: 30966
New price history saved: 2026-01-23 : 2999.00
Bicycle_index: 3
href: https://www.bikingpoint.es/es/bicicleta-scott-spark-rc-comp-2025.html
Response status: 200
bicycle_reference: 34206
Cleaning duplicates
No duplicates found for reference: 34206
New price history saved: 2026-01-23 : 2999.00
Bicycle_index: 4
href: https://www.bikingpoint.es/es/bicicleta-giant-anthem-advanced-pro-29-2.html
Response status: 520
New price history saved: 2026-01-23 : 2999.00
Bicycle_index: 5
href: https://www.bikingpoint.es/es/bicicleta-massi-team-gravel-ultegra-2x11.html
Response status: 200
bicycle_reference: 57733
Cleaning duplicates
No duplicates found for reference: 57733
New price history saved: 2026-01-23 : 2999.00
Bicycle_index: 6
href: https://www.bikingpoint.es/es/bicicleta-massi-pro-29-elite-1x12.html
Response status: 200
bicycle_reference: 60083
Cleaning duplicates
No duplicates found for reference: 60083
New price history saved: 2026-01-23 : 2999.00
Bicycle_index: 7
href: https://www.bikingpoint.es/es/bicicleta-giant-stance-e-1-29-2025.html
Response status: 200
bicycle_reference: 30938
Cleaning duplicates
No duplicates found for reference: 30938
New price history saved: 2026-01-23 : 2999.00
Bicycle_index: 8
href: https://www.bikingpoint.es/es/bicicleta-scott-spark-930-white-2023.html
Response status: 200
bicycle_reference: 31077
Cleaning duplicates
No duplicates found for reference: 31077
New price history saved: 2026-01-23 : 2999.00
Bicycle_index: 9
href: https://www.bikingpoint.es/es/bicicleta-giant-revolt-advanced-0-2025.html
Response status: 200
bicycle_reference: 33991
Cleaning duplicates
No duplicates found for reference: 33991
New price history saved: 2026-01-23 : 2999.00
33991 changed price from 2999.0 to 2999.00
Bicycle_index: 10
href: https://www.bikingpoint.es/es/bicicleta-orbea-orca-aero-m20-2023-t-m-2a-mano.html
Response status: 200
bicycle_reference: 35828
Cleaning duplicates
No duplicates found for reference: 35828
New price history saved: 2026-01-23 : 2999.00
Bicycle_index: 11
href: https://www.bikingpoint.es/es/bicicleta-massi-k2-29-630wh-e7000-pro-2025.html
Response status: 200
bicycle_reference: 60246
Cleaning duplicates
No duplicates found for reference: 60246
New price history saved: 2026-01-23 : 2999.00
Bicycle_index: 12
href: https://www.bikingpoint.es/es/bicicleta-massi-across-carbon-105-2x12.html
Response status: 200
bicycle_reference: 61716
Cleaning duplicates
No duplicates found for reference: 61716
New price history saved: 2026-01-23 : 2899.00
Bicycle_index: 13
href: https://www.bikingpoint.es/es/bicicleta-scott-addict-rc-40-2023.html
Response status: 200
bicycle_reference: 30492
Cleaning duplicates
No duplicates found for reference: 30492
New price history saved: 2026-01-23 : 2899.00
Bicycle_index: 14
href: https://www.bikingpoint.es/es/bicicleta-giant-trance-x-e-3-pro-29-2022.html
Response status: 200
bicycle_reference: 28121
Cleaning duplicates
No duplicates found for reference: 28121
New price history saved: 2026-01-23 : 2899.00
Bicycle_index: 15
href: https://www.bikingpoint.es/es/bicicleta-scott-addict-rc-20-2024.html
Response status: 200
bicycle_reference: 30489
Cleaning duplicates
No duplicates found for reference: 30489
New price history saved: 2026-01-23 : 2899.00
bicycle_references: [27257, 61315, 28254, 34517, 31164, 30244, 33153, 35892, 33456, 61727, 35825, 35099, 64572, 35891, 32940, 27752, 28175, 63215, 31591, 60200, 35857, 35496, 30490, 33417, 60445, 60071, 61656, 35797, 61664, 62799, 35666, 57700, 28176, 61709, 35983, 34187, 34200, 35655, 35667, 35800, 61659, 35661, 64758, 29315, 30486, 34049, 30750, 61069, 34001, 63207, 635371, 27740, 61710, 53006, 35706, 61660, 59920, 59932, 35993, 34643, 27255, 35427, 33990, 34002, 58609, 62660, 35939, 57978, 30840, 32193, 35492, 626601, 27254, 27744, 61661, 35115, 27755, 31568, 63560, 28584, 61272, 35751, 54138, 27256, 27548, 61729, 58381, 35705, 25268, 27258, 31163, 64827, 27754, 62659, 626591, 35656, 27750, 27728, 61728, 35777, 60664, 28180, 35369, 35097, 35381, 35648, 61733, 35681, 35493, 61725, 64995, 35610, 60103, 60397, 61724, 56041, 27407, 62234, 62235, 34919, 27406, 62241, 63998, 35591, 57792, 31912, 35622, 34184, 53965, 57803, 57802, 35624, 31821, 35201, 35203, 35623, 35682, 35205, 35206, 35204, 35207, 35890, 35672, 35625, 34666, 35673, 28330, 30484, 60144, 32772, 33987, 61732, 32962, 55590, 35963, 31837]
url: https://www.bikingpoint.es/es/bicicletas.html/?p=11
Página 11: Encontradas 15 bicicletas
create_bicycles started for biking_point with 15 bicycles finded on the page
Bicycle references saved in DB: [27257, 61315, 28254, 34517, 31164, 30244, 33153, 35892, 33456, 61727, 35825, 35099, 64572, 35891, 32940, 27752, 28175, 63215, 31591, 60200, 35857, 35496, 30490, 33417, 60445, 60071, 61656, 35797, 61664, 62799, 35666, 57700, 28176, 61709, 35983, 34187, 34200, 35655, 35667, 35800, 61659, 35661, 64758, 29315, 30486, 34049, 30750, 61069, 34001, 63207, 635371, 27740, 61710, 53006, 35706, 61660, 59920, 59932, 35993, 34643, 27255, 35427, 33990, 34002, 58609, 62660, 35939, 57978, 30840, 32193, 35492, 626601, 27254, 27744, 61661, 35115, 27755, 31568, 63560, 28584, 61272, 35751, 54138, 27256, 27548, 61729, 58381, 35705, 25268, 27258, 31163, 64827, 27754, 62659, 626591, 35656, 27750, 27728, 61728, 35777, 60664, 28180, 35369, 35097, 35381, 35648, 61733, 35681, 35493, 61725, 64995, 35610, 60103, 60397, 61724, 56041, 27407, 62234, 62235, 34919, 27406, 62241, 63998, 35591, 57792, 31912, 35622, 34184, 53965, 57803, 57802, 35624, 31821, 35201, 35203, 35623, 35682, 35205, 35206, 35204, 35207, 35890, 35672, 35625, 34666, 35673, 28330, 30484, 60144, 32772, 33987, 61732, 32962, 55590, 35963, 31837]
Bicycle_index: 1
href: https://www.bikingpoint.es/es/bicicleta-massi-team-2-race-105-12v-db-2026.html
Response status: 200
bicycle_reference: 63215
Cleaning duplicates
No duplicates found for reference: 63215
New price history saved: 2026-01-23 : 2899.00
Bicycle_index: 2
href: https://www.bikingpoint.es/es/bicicleta-massi-aire-carbon-sl-29-tech-venom-t-s-31591.html
Response status: 200
bicycle_reference: 31591
Cleaning duplicates
No duplicates found for reference: 31591
New price history saved: 2026-01-23 : 2879.20
Bicycle_index: 3
href: https://www.bikingpoint.es/es/bicicleta-massi-team-gravel-grx-1x11.html
Response status: 200
bicycle_reference: 60200
Cleaning duplicates
No duplicates found for reference: 60200
New price history saved: 2026-01-23 : 2879.00
Bicycle_index: 4
href: https://www.bikingpoint.es/es/bicicleta-scott-addict-gravel-30-white-2026.html
Response status: 200
bicycle_reference: 35496
Cleaning duplicates
No duplicates found for reference: 35496
New price history saved: 2026-01-23 : 2849.00
Bicycle_index: 5
href: https://www.bikingpoint.es/es/bicicleta-scott-addict-rc-30.html
Response status: 200
bicycle_reference: 30490
Cleaning duplicates
No duplicates found for reference: 30490
New price history saved: 2026-01-23 : 2849.00
Bicycle_index: 6
href: https://www.bikingpoint.es/es/bicicleta-scott-scale-gravel-10-2026.html
Response status: 200
bicycle_reference: 35857
Cleaning duplicates
No duplicates found for reference: 35857
New price history saved: 2026-01-23 : 2849.00
Bicycle_index: 7
href: https://www.bikingpoint.es/es/bicicleta-scott-foil-rc-30-2024.html
Response status: 200
bicycle_reference: 33417
Cleaning duplicates
No duplicates found for reference: 33417
New price history saved: 2026-01-23 : 2799.94
Bicycle_index: 8
href: https://www.bikingpoint.es/es/bicicleta-massi-team-race-105-di2-12v.html
Response status: 200
bicycle_reference: 60445
Cleaning duplicates
No duplicates found for reference: 60445
New price history saved: 2026-01-23 : 2799.20
Bicycle_index: 9
href: https://www.bikingpoint.es/es/bicicleta-massi-aire-carbon-sl-29-tech-1x12v.html
Response status: 200
bicycle_reference: 60071
Cleaning duplicates
No duplicates found for reference: 60071
New price history saved: 2026-01-23 : 2799.20
Bicycle_index: 10
href: https://www.bikingpoint.es/es/bicicleta-massi-aire-carbon-sl-29-tech-1x12-2025.html
Response status: 200
bicycle_reference: 61656
Cleaning duplicates
No duplicates found for reference: 61656
New price history saved: 2026-01-23 : 2799.20
Bicycle_index: 11
href: https://www.bikingpoint.es/es/bicicleta-giant-propel-advanced-2-2026.html
Response status: 200
bicycle_reference: 35797
Cleaning duplicates
No duplicates found for reference: 35797
New price history saved: 2026-01-23 : 2799.00
Bicycle_index: 12
href: https://www.bikingpoint.es/es/bicicleta-massi-pro-29-performance-1x12-2026.html
Response status: 200
bicycle_reference: 61664
Cleaning duplicates
No duplicates found for reference: 61664
New price history saved: 2026-01-23 : 2799.00
Bicycle_index: 13
href: https://www.bikingpoint.es/es/bicicleta-liv-tempt-e-ex-box-2026.html
Response status: 200
bicycle_reference: 35666
Cleaning duplicates
No duplicates found for reference: 35666
New price history saved: 2026-01-23 : 2799.00
Bicycle_index: 14
href: https://www.bikingpoint.es/es/bicicleta-look-765-gravel-apex-1x12-red-dust-2025.html
Response status: 200
bicycle_reference: 62799
Cleaning duplicates
No duplicates found for reference: 62799
New price history saved: 2026-01-23 : 2799.00
Bicycle_index: 15
href: https://www.bikingpoint.es/es/bicicleta-massi-aire-carbon-sl-29-tech-1x12.html
Response status: 200
bicycle_reference: 57700
Cleaning duplicates
No duplicates found for reference: 57700
New price history saved: 2026-01-23 : 2719.20
bicycle_references: [27257, 61315, 28254, 34517, 31164, 30244, 33153, 35892, 33456, 61727, 35825, 35099, 64572, 35891, 32940, 27752, 28175, 28176, 61709, 35983, 34187, 34200, 35655, 35667, 35800, 61659, 35661, 64758, 29315, 30486, 34049, 30750, 61069, 34001, 63207, 635371, 27740, 61710, 53006, 35706, 61660, 59920, 59932, 35993, 34643, 27255, 35427, 33990, 34002, 58609, 62660, 35939, 57978, 30840, 32193, 35492, 626601, 27254, 27744, 61661, 35115, 27755, 31568, 63560, 28584, 61272, 35751, 54138, 27256, 27548, 61729, 58381, 35705, 25268, 27258, 31163, 64827, 27754, 62659, 626591, 35656, 27750, 27728, 61728, 35777, 60664, 28180, 35369, 35097, 35381, 35648, 61733, 35681, 35493, 61725, 64995, 35610, 60103, 60397, 61724, 56041, 27407, 62234, 62235, 34919, 27406, 62241, 63998, 35591, 57792, 31912, 35622, 34184, 53965, 57803, 57802, 35624, 31821, 35201, 35203, 35623, 35682, 35205, 35206, 35204, 35207, 35890, 35672, 35625, 34666, 35673, 28330, 30484, 60144, 32772, 33987, 61732, 32962, 55590, 35963, 31837]
url: https://www.bikingpoint.es/es/bicicletas.html/?p=12
Página 12: Encontradas 15 bicicletas
create_bicycles started for biking_point with 15 bicycles finded on the page
Bicycle references saved in DB: [27257, 61315, 28254, 34517, 31164, 30244, 33153, 35892, 33456, 61727, 35825, 35099, 64572, 35891, 32940, 27752, 28175, 28176, 61709, 35983, 34187, 34200, 35655, 35667, 35800, 61659, 35661, 64758, 29315, 30486, 34049, 30750, 61069, 34001, 63207, 635371, 27740, 61710, 53006, 35706, 61660, 59920, 59932, 35993, 34643, 27255, 35427, 33990, 34002, 58609, 62660, 35939, 57978, 30840, 32193, 35492, 626601, 27254, 27744, 61661, 35115, 27755, 31568, 63560, 28584, 61272, 35751, 54138, 27256, 27548, 61729, 58381, 35705, 25268, 27258, 31163, 64827, 27754, 62659, 626591, 35656, 27750, 27728, 61728, 35777, 60664, 28180, 35369, 35097, 35381, 35648, 61733, 35681, 35493, 61725, 64995, 35610, 60103, 60397, 61724, 56041, 27407, 62234, 62235, 34919, 27406, 62241, 63998, 35591, 57792, 31912, 35622, 34184, 53965, 57803, 57802, 35624, 31821, 35201, 35203, 35623, 35682, 35205, 35206, 35204, 35207, 35890, 35672, 35625, 34666, 35673, 28330, 30484, 60144, 32772, 33987, 61732, 32962, 55590, 35963, 31837]
Bicycle_index: 1
href: https://www.bikingpoint.es/es/bicicleta-giant-stance-e-1-pro-29-2025-t-m-2a-man.html
Response status: 200
bicycle_reference: 35983
Cleaning duplicates
No duplicates found for reference: 35983
New price history saved: 2026-01-23 : 2699.00
Bicycle_index: 2
href: https://www.bikingpoint.es/es/bicicleta-scott-spark-rc-comp-blue-2023.html
Response status: 200
bicycle_reference: 30484
Cleaning duplicates
No duplicates found for reference: 30484
New price history saved: 2026-01-23 : 2699.00
Bicycle_index: 3
href: https://www.bikingpoint.es/es/bicicleta-scott-addict-gravel-30-2025.html
Response status: 200
bicycle_reference: 34187
Cleaning duplicates
No duplicates found for reference: 34187
New price history saved: 2026-01-23 : 2699.00
Bicycle_index: 4
href: https://www.bikingpoint.es/es/bicicleta-giant-anthem-advanced-pro-29-3-2022.html
Response status: 200
bicycle_reference: 28176
Cleaning duplicates
No duplicates found for reference: 28176
New price history saved: 2026-01-23 : 2699.00
Bicycle_index: 5
href: https://www.bikingpoint.es/es/bicicleta-massi-team-gravel-grx-1x11-2025.html
Response status: 200
bicycle_reference: 61709
Cleaning duplicates
No duplicates found for reference: 61709
New price history saved: 2026-01-23 : 2699.00
Bicycle_index: 6
href: https://www.bikingpoint.es/es/bicicleta-scott-scale-rc-team-2025.html
Response status: 200
bicycle_reference: 34200
Cleaning duplicates
No duplicates found for reference: 34200
New price history saved: 2026-01-23 : 2695.00
Bicycle_index: 7
href: https://www.bikingpoint.es/es/bicicleta-massi-team-29-expert-2026.html
Response status: 200
bicycle_reference: 61659
Cleaning duplicates
No duplicates found for reference: 61659
New price history saved: 2026-01-23 : 2599.00
Bicycle_index: 8
href: https://www.bikingpoint.es/es/bicicleta-giant-talon-e-box-2026.html
Response status: 200
bicycle_reference: 35661
Cleaning duplicates
No duplicates found for reference: 35661
New price history saved: 2026-01-23 : 2599.00
Bicycle_index: 9
href: https://www.bikingpoint.es/es/bicicleta-massi-aire-sl-ltd-x-1-2026.html
Response status: 200
bicycle_reference: 64758
Cleaning duplicates
No duplicates found for reference: 64758
New price history saved: 2026-01-23 : 2599.00
Bicycle_index: 10
href: https://www.bikingpoint.es/es/bicicleta-giant-revolt-advanced-3-2026.html
Response status: 200
bicycle_reference: 35655
Cleaning duplicates
No duplicates found for reference: 35655
New price history saved: 2026-01-23 : 2599.00
Bicycle_index: 11
href: https://www.bikingpoint.es/es/bicicleta-liv-tempt-e-box-2026.html
Response status: 200
bicycle_reference: 35667
Cleaning duplicates
No duplicates found for reference: 35667
New price history saved: 2026-01-23 : 2599.00
Bicycle_index: 12
href: https://www.bikingpoint.es/es/bicicleta-liv-langma-advanced-2-pro-compact-2026.html
Response status: 200
bicycle_reference: 35800
Cleaning duplicates
No duplicates found for reference: 35800
New price history saved: 2026-01-23 : 2599.00
Bicycle_index: 13
href: https://www.bikingpoint.es/es/bicicleta-liv-intrigue-29-1.html
Response status: 200
bicycle_reference: 29315
Cleaning duplicates
No duplicates found for reference: 29315
New price history saved: 2026-01-23 : 2590.00
Bicycle_index: 14
href: https://www.bikingpoint.es/es/bicicleta-massi-k2-29-elite-504wh-e7000.html
Response status: 200
bicycle_reference: 61069
Cleaning duplicates
No duplicates found for reference: 61069
New price history saved: 2026-01-23 : 2499.00
Bicycle_index: 15
href: https://www.bikingpoint.es/es/bicicleta-scott-genius-920-2023.html
Response status: 200
bicycle_reference: 30486
Cleaning duplicates
No duplicates found for reference: 30486
New price history saved: 2026-01-23 : 2499.00
bicycle_references: [27257, 61315, 28254, 34517, 31164, 30244, 33153, 35892, 33456, 61727, 35825, 35099, 64572, 35891, 32940, 27752, 28175, 34049, 30750, 34001, 63207, 635371, 27740, 61710, 53006, 35706, 61660, 59920, 59932, 35993, 34643, 27255, 35427, 33990, 34002, 58609, 62660, 35939, 57978, 30840, 32193, 35492, 626601, 27254, 27744, 61661, 35115, 27755, 31568, 63560, 28584, 61272, 35751, 54138, 27256, 27548, 61729, 58381, 35705, 25268, 27258, 31163, 64827, 27754, 62659, 626591, 35656, 27750, 27728, 61728, 35777, 60664, 28180, 35369, 35097, 35381, 35648, 61733, 35681, 35493, 61725, 64995, 35610, 60103, 60397, 61724, 56041, 27407, 62234, 62235, 34919, 27406, 62241, 63998, 35591, 57792, 31912, 35622, 34184, 53965, 57803, 57802, 35624, 31821, 35201, 35203, 35623, 35682, 35205, 35206, 35204, 35207, 35890, 35672, 35625, 34666, 35673, 28330, 60144, 32772, 33987, 61732, 32962, 55590, 35963, 31837]
url: https://www.bikingpoint.es/es/bicicletas.html/?p=13
Página 13: Encontradas 15 bicicletas
create_bicycles started for biking_point with 15 bicycles finded on the page
Bicycle references saved in DB: [27257, 61315, 28254, 34517, 31164, 30244, 33153, 35892, 33456, 61727, 35825, 35099, 64572, 35891, 32940, 27752, 28175, 34049, 30750, 34001, 63207, 635371, 27740, 61710, 53006, 35706, 61660, 59920, 59932, 35993, 34643, 27255, 35427, 33990, 34002, 58609, 62660, 35939, 57978, 30840, 32193, 35492, 626601, 27254, 27744, 61661, 35115, 27755, 31568, 63560, 28584, 61272, 35751, 54138, 27256, 27548, 61729, 58381, 35705, 25268, 27258, 31163, 64827, 27754, 62659, 626591, 35656, 27750, 27728, 61728, 35777, 60664, 28180, 35369, 35097, 35381, 35648, 61733, 35681, 35493, 61725, 64995, 35610, 60103, 60397, 61724, 56041, 27407, 62234, 62235, 34919, 27406, 62241, 63998, 35591, 57792, 31912, 35622, 34184, 53965, 57803, 57802, 35624, 31821, 35201, 35203, 35623, 35682, 35205, 35206, 35204, 35207, 35890, 35672, 35625, 34666, 35673, 28330, 60144, 32772, 33987, 61732, 32962, 55590, 35963, 31837]
Bicycle_index: 1
href: https://www.bikingpoint.es/es/bicicleta-massi-across-carbon-grx-2x10-2026.html
Response status: 200
bicycle_reference: 635371
Cleaning duplicates
No duplicates found for reference: 635371
New price history saved: 2026-01-23 : 2499.00
Bicycle_index: 2
href: https://www.bikingpoint.es/es/bicicleta-giant-expression-e-2-2026.html
Response status: 200
bicycle_reference: 34049
Cleaning duplicates
No duplicates found for reference: 34049
New price history saved: 2026-01-23 : 2499.00
Bicycle_index: 3
href: https://www.bikingpoint.es/es/bicicleta-massi-team-2-105-mix-12v-db-wb-2026.html
Response status: 200
bicycle_reference: 63207
Cleaning duplicates
No duplicates found for reference: 63207
New price history saved: 2026-01-23 : 2499.00
Bicycle_index: 4
href: https://www.bikingpoint.es/es/bicicleta-liv-langma-advanced-1-pc-2025.html
Response status: 200
bicycle_reference: 34001
Cleaning duplicates
No duplicates found for reference: 34001
New price history saved: 2026-01-23 : 2499.00
Bicycle_index: 5
href: https://www.bikingpoint.es/es/bicicleta-massi-team-gravel-105-mix-2x11-2025.html
Response status: 200
bicycle_reference: 61710
Cleaning duplicates
No duplicates found for reference: 61710
New price history saved: 2026-01-23 : 2429.00
Bicycle_index: 6
href: https://www.bikingpoint.es/es/bicicleta-massi-aire-carbon-sl-end-2022-2a-mano.html
Response status: 200
bicycle_reference: 35706
Cleaning duplicates
No duplicates found for reference: 35706
New price history saved: 2026-01-23 : 2399.00
Bicycle_index: 7
href: https://www.bikingpoint.es/es/bicicleta-look-875-rs-madison-proteam-black-2025.html
Response status: 200
bicycle_reference: 53006
Cleaning duplicates
No duplicates found for reference: 53006
New price history saved: 2026-01-23 : 2399.00
Bicycle_index: 8
href: https://www.bikingpoint.es/es/bicicleta-massi-team-29-pro-2026.html
Response status: 200
bicycle_reference: 61660
Cleaning duplicates
No duplicates found for reference: 61660
New price history saved: 2026-01-23 : 2299.00
Bicycle_index: 9
href: https://www.bikingpoint.es/es/bicicleta-massi-team-race-ultegra-mix-disc.html
Response status: 200
bicycle_reference: 59920
Cleaning duplicates
No duplicates found for reference: 59920
New price history saved: 2026-01-23 : 2239.20
Bicycle_index: 10
href: https://www.bikingpoint.es/es/bicicleta-massi-arrow-race-105-disc-2023.html
Response status: 200
bicycle_reference: 59932
Cleaning duplicates
No duplicates found for reference: 59932
New price history saved: 2026-01-23 : 2199.00
Bicycle_index: 11
href: https://www.bikingpoint.es/es/bicicleta-scott-strike-940-t-s-2022-2a-mano.html
Response status: 200
bicycle_reference: 35993
Cleaning duplicates
No duplicates found for reference: 35993
New price history saved: 2026-01-23 : 2199.00
Bicycle_index: 12
href: https://www.bikingpoint.es/es/bicicleta-scott-addict-gravel-40-black-2025.html
Response status: 200
bicycle_reference: 34643
Cleaning duplicates
No duplicates found for reference: 34643
New price history saved: 2026-01-23 : 2136.00
Bicycle_index: 13
href: https://www.bikingpoint.es/es/bicicleta-scott-spark-960-black-2022.html
Response status: 200
bicycle_reference: 27255
Cleaning duplicates
No duplicates found for reference: 27255
New price history saved: 2026-01-23 : 2099.00
Bicycle_index: 14
href: https://www.bikingpoint.es/es/bicicleta-scott-genius-920-t-l-2017-2a-mano.html
Response status: 200
bicycle_reference: 35427
Cleaning duplicates
No duplicates found for reference: 35427
New price history saved: 2026-01-23 : 2099.00
Bicycle_index: 15
href: https://www.bikingpoint.es/es/bicicleta-giant-revolt-advanced-2-2025.html
Response status: 200
bicycle_reference: 33990
Cleaning duplicates
No duplicates found for reference: 33990
New price history saved: 2026-01-23 : 2098.00
bicycle_references: [27257, 61315, 28254, 34517, 31164, 30244, 33153, 35892, 33456, 61727, 35825, 35099, 64572, 35891, 32940, 27752, 28175, 30750, 27740, 34002, 58609, 62660, 35939, 57978, 30840, 32193, 35492, 626601, 27254, 27744, 61661, 35115, 27755, 31568, 63560, 28584, 61272, 35751, 54138, 27256, 27548, 61729, 58381, 35705, 25268, 27258, 31163, 64827, 27754, 62659, 626591, 35656, 27750, 27728, 61728, 35777, 60664, 28180, 35369, 35097, 35381, 35648, 61733, 35681, 35493, 61725, 64995, 35610, 60103, 60397, 61724, 56041, 27407, 62234, 62235, 34919, 27406, 62241, 63998, 35591, 57792, 31912, 35622, 34184, 53965, 57803, 57802, 35624, 31821, 35201, 35203, 35623, 35682, 35205, 35206, 35204, 35207, 35890, 35672, 35625, 34666, 35673, 28330, 60144, 32772, 33987, 61732, 32962, 55590, 35963, 31837]
url: https://www.bikingpoint.es/es/bicicletas.html/?p=14
Página 14: Encontradas 15 bicicletas
create_bicycles started for biking_point with 15 bicycles finded on the page
Bicycle references saved in DB: [27257, 61315, 28254, 34517, 31164, 30244, 33153, 35892, 33456, 61727, 35825, 35099, 64572, 35891, 32940, 27752, 28175, 30750, 27740, 34002, 58609, 62660, 35939, 57978, 30840, 32193, 35492, 626601, 27254, 27744, 61661, 35115, 27755, 31568, 63560, 28584, 61272, 35751, 54138, 27256, 27548, 61729, 58381, 35705, 25268, 27258, 31163, 64827, 27754, 62659, 626591, 35656, 27750, 27728, 61728, 35777, 60664, 28180, 35369, 35097, 35381, 35648, 61733, 35681, 35493, 61725, 64995, 35610, 60103, 60397, 61724, 56041, 27407, 62234, 62235, 34919, 27406, 62241, 63998, 35591, 57792, 31912, 35622, 34184, 53965, 57803, 57802, 35624, 31821, 35201, 35203, 35623, 35682, 35205, 35206, 35204, 35207, 35890, 35672, 35625, 34666, 35673, 28330, 60144, 32772, 33987, 61732, 32962, 55590, 35963, 31837]
Bicycle_index: 1
href: https://www.bikingpoint.es/es/bicicleta-giant-revolt-advanced-1-2024.html
Response status: 200
bicycle_reference: 32772
Cleaning duplicates
No duplicates found for reference: 32772
New price history saved: 2026-01-23 : 2089.00
Bicycle_index: 2
href: https://www.bikingpoint.es/es/bicicleta-liv-langma-advanced-2-pc-2025.html
Response status: 200
bicycle_reference: 34002
Cleaning duplicates
No duplicates found for reference: 34002
New price history saved: 2026-01-23 : 2049.00
Bicycle_index: 3
href: https://www.bikingpoint.es/es/bicicleta-massi-team-29-slx-fox-ruedas-esp.html
run_scraper function start
url: https://www.biciescapa.com/es/bicicletas/?en-stock=1&page=1
Error en la página 1: object of type 'coroutine' has no len()
Traceback (most recent call last):
  File "/home/diegoayala/bike-price-tracker/run_scraper.py", line 9, in <module>
    from scraping.views import run_scraper
  File "/home/diegoayala/bike-price-tracker/scraping/views.py", line 22, in <module>
    from .scraper import run_scraper
  File "/home/diegoayala/bike-price-tracker/scraping/scraper.py", line 187, in <module>
    main()
  File "/home/diegoayala/bike-price-tracker/scraping/scraper.py", line 185, in main
    asyncio.run(run_scraper(1, 5, web="escapa", delete=True))
  File "/usr/lib/python3.10/asyncio/runners.py", line 44, in run
    return loop.run_until_complete(main)
  File "/usr/lib/python3.10/asyncio/base_events.py", line 649, in run_until_complete
    return future.result()
  File "/home/diegoayala/bike-price-tracker/scraping/scraper.py", line 88, in run_scraper
    await delete_bicycles(bicycle_references_not_in_web)
UnboundLocalError: local variable 'bicycle_references_not_in_web' referenced before assignment
sys:1: RuntimeWarning: coroutine 'get_product_elements_html' was never awaited
/home/diegoayala/bike-price-tracker/scraping/utils.py:50: RuntimeWarning: coroutine 'get_basic_bicycle_date' was never awaited
  bicycle_href, bicycle_name, bicycle_img, bicycle_price, bicycle_reference = get_basic_bicycle_date(bicycle, web, bicycle_references_in_db)
RuntimeWarning: Enable tracemalloc to get the object allocation traceback
run_scraper function start
url: https://www.biciescapa.com/es/bicicletas/?en-stock=1&page=1
create_bicycles started for escapa with 24 product_elements_html finded on the page
Bicycle references saved in DB: [81662, 80050, 59165, 66646, 78628, 78697, 89142, 83404, 89145, 83769, 83412, 78696, 80053, 80051, 81322, 69737, 76136, 66708, 90457, 90397, 89514, 89485, 89162, 89470, 88146, 84791, 84123, 91044, 88141, 91050, 84969, 89537, 88142, 89482, 86036, 89732, 88916, 89540, 90848, 86039, 89956, 89981, 89982, 89195, 88527, 90899, 88728, 88729, 90621, 90898, 90623, 88499, 83022, 87778, 90622, 91055, 90624, 90398, 90399, 90579, 91171, 89156, 89155, 84968, 90456, 89051, 90393, 90406, 90396, 90407, 90386, 90383, 91182, 91238, 90473, 88148, 78446, 90625, 89459, 88685, 89166, 84180, 89150, 89168, 89516, 84866, 89594, 89192, 89149, 89469, 89164, 89151, 89507, 88147, 90419, 90581, 83633, 85352, 84659, 76663, 89258, 90384, 90583, 90420, 88684, 60586, 78447, 89079, 88688, 89152, 89197, 90840, 83388, 89479, 89506, 89257, 88140, 89508, 89052, 89593, 89466, 89196, 85006, 89512, 88145, 89259, 90405, 88555, 82969, 90365, 84805, 89484, 89511, 91011, 90359, 89154, 81325, 85345, 78575, 87572, 84749, 84759, 85956, 83457, 81336, 84658, 84664, 90341, 87587, 83441, 71434, 71433, 90194, 90232, 89908, 84746, 89515, 87593, 87626, 89478, 84548, 89474, 90228, 81321, 81317, 84757, 66604, 85818, 84621, 83415, 81331, 89911, 84405, 89194, 89523, 90580, 90195, 90193, 90192, 83768, 85920, 89157, 89504, 86562, 83443, 90234, 85831, 83448, 85347, 85353, 78724, 85758, 86568, 82967, 83445, 81569, 69706, 87588, 87592, 78635, 90230, 78568, 89153, 84782, 87576, 83410, 83468, 89463, 84403, 84080, 78573, 90196, 83459, 84794, 84987, 83466, 87578, 78564, 79866, 28188, 89373, 84078, 89372, 85919, 77684, 89503, 89505, 84971, 77683, 89159, 77686, 84780, 89467, 84970, 86037, 65694, 85854, 60400, 89957, 84990, 78567, 83426, 86034, 66710, 86038, 88859, 85820, 89980, 88858, 84492, 90849, 87914, 86556, 81319, 87725, 86561, 85041, 81318, 84748, 85832, 85354, 81334, 86546, 84486, 90212, 86547, 81320, 91186, 91564, 91301, 91474, 91475, 91476, 90438]
Bicycle_index: 1
Error en la página 1: cannot unpack non-iterable coroutine object
Scraping terminado.
Traceback (most recent call last):
  File "/home/diegoayala/bike-price-tracker/run_scraper.py", line 23, in <module>
    main()
  File "/home/diegoayala/bike-price-tracker/run_scraper.py", line 20, in main
    asyncio.run(run_scraper(args.start, args.end, args.env, args.web, args.delete))
TypeError: run_scraper() takes from 2 to 4 positional arguments but 5 were given
2026-02-25 20:00:07,195 - DEBUG - asyncio - Using selector: EpollSelector
2026-02-25 20:00:14,135 - DEBUG - scraping.utils - create_bicycles started for biking_point with 15 product_elements_html finded on the page
2026-02-25 20:00:14,135 - DEBUG - scraping.utils - Bicycle references saved in DB: [35563, 35515, 631941, 61563, 30465, 62776, 62667, 626671, 35477, 35475, 34209, 35480, 35478, 35813, 34548, 626681, 62771, 63195, 34210, 35556, 63076, 62668, 34490, 35500, 35658, 27890, 35651, 33495, 35659, 34694, 63291, 61562, 35497, 35503, 61668, 30703, 35483, 34195, 626691, 61572, 34136, 61621, 631966, 35702, 35628, 35123, 63596, 35494, 61568, 61674, 61869, 63196, 34171, 35504, 35498, 63210, 30688, 34632, 30937, 61576, 35488, 63593, 35490, 62677, 32784, 631971, 31063, 33154, 61624, 28114, 35653, 60064, 29404, 30487, 34196, 30476, 35495, 35621, 63594, 59926, 61648, 34185, 60063, 60077, 61628, 60081, 629721, 35998, 34014, 34013, 35817, 35662, 64920, 29347, 60067, 35499, 57695, 34175, 34198, 28329, 61611, 63214, 59831, 57126, 28174, 30480, 34004, 35220, 27385, 35664, 61613, 59927, 31141, 35552, 35923, 61715, 63202, 35654, 64303, 28119, 59928, 61663, 63238, 35663, 632381, 61912, 61655, 59917, 27384, 59971, 57733, 60083, 30938, 31077, 33991, 35828, 35865, 34206, 61716, 57157, 30966, 28175, 28121, 63215, 30489, 30492, 60200, 35496, 30490, 33417, 60445, 60071, 61656, 61664, 62799, 35666, 35797, 57700, 34187, 35983, 28176, 35590, 35427, 61709, 34200, 35655, 35667, 61659, 35661, 64758, 35800, 29315, 61069, 34001, 635371, 34049, 63207, 61710, 35706, 61660, 59920, 59932, 35993, 34643, 27255, 53006, 32193, 35492, 35115, 33990, 32772, 58609, 62660, 35939, 27744, 30840, 626601, 57978, 61661, 27257, 28254, 31164, 61315, 31568, 63560, 28584, 30244, 61272, 27755, 35751, 34517, 25268, 54138, 27548, 27256, 61729, 35705, 58381, 33987, 27258, 31163, 64827, 27754, 35656, 27728, 62659, 626591, 27750, 61728, 35777, 27752, 60664, 35892, 28180, 61732, 33153, 64572, 35825, 35681, 35493, 35610, 60103, 60397, 27407, 35099, 35648, 61727, 35891, 61733, 36044, 64995, 61725, 61724, 56041, 62234, 33456, 32962, 62235, 27406, 35381, 35591, 35672, 63998, 62241, 35963, 55590, 57792, 31912, 35622, 34184, 35988, 53965, 57803, 57802, 35624, 31821, 35203, 35682, 35207, 35205, 35206, 35204, 35668, 35625, 35623, 28330, 35890, 31837, 35673, 63211, 34663, 30483, 60246, 31591, 34919, 34666, 31140, 34003, 31078, 33919, 30484, 27254, 35369, 35097, 35201]
2026-02-25 20:00:14,135 - DEBUG - scraping.utils - Bicycle_index: 1
2026-02-25 20:00:14,135 - DEBUG - scraping.utils - Bicycle href: https://www.bikingpoint.es/es/bicicletas/carretera/route-look/bicicleta-look-795-blade-rs-red-axs-bl-thun-2025.html
2026-02-25 20:00:14,658 - DEBUG - scraping.utils - Bicycle reference: 62771
2026-02-25 20:00:14,794 - DEBUG - scraping.utils - New price history saved: 2026-02-25 : 10340.00
2026-02-25 20:00:14,795 - DEBUG - scraping.utils - Bicycle_index: 2
2026-02-25 20:00:14,795 - DEBUG - scraping.utils - Bicycle href: https://www.bikingpoint.es/es/bicicletas/electricas/bicicleta-scott-lumen-eride-900-sl.html
2026-02-25 20:00:15,339 - DEBUG - scraping.utils - Bicycle reference: 30465
2026-02-25 20:00:15,442 - DEBUG - scraping.utils - New price history saved: 2026-02-25 : 9999.00
2026-02-25 20:00:15,443 - DEBUG - scraping.utils - Bicycle_index: 3
2026-02-25 20:00:15,443 - DEBUG - scraping.utils - Bicycle href: https://www.bikingpoint.es/es/bicicletas/carretera/route-look/bicicleta-look-795-blade-rs-d-ace-di2-iconic-2025.html
2026-02-25 20:00:16,016 - DEBUG - scraping.utils - Bicycle reference: 62776
2026-02-25 20:00:16,111 - DEBUG - scraping.utils - New price history saved: 2026-02-25 : 9690.00
2026-02-25 20:00:16,111 - DEBUG - scraping.utils - Bicycle_index: 4
2026-02-25 20:00:16,111 - DEBUG - scraping.utils - Bicycle href: https://www.bikingpoint.es/es/bicicleta-massi-aire-slr-29-team-tr-white-2026.html
2026-02-25 20:00:16,726 - DEBUG - scraping.utils - Bicycle reference: 62667
2026-02-25 20:00:16,825 - DEBUG - scraping.utils - New price history saved: 2026-02-25 : 8999.00
2026-02-25 20:00:16,826 - DEBUG - scraping.utils - Bicycle_index: 5
2026-02-25 20:00:16,826 - DEBUG - scraping.utils - Bicycle href: https://www.bikingpoint.es/es/bicicleta-massi-aire-slr-29-team-tr-black-2026.html
2026-02-25 20:00:17,398 - DEBUG - scraping.utils - Bicycle reference: 626671
2026-02-25 20:00:17,495 - DEBUG - scraping.utils - New price history saved: 2026-02-25 : 8999.00
2026-02-25 20:00:17,495 - DEBUG - scraping.utils - Bicycle_index: 6
2026-02-25 20:00:17,496 - DEBUG - scraping.utils - Bicycle href: https://www.bikingpoint.es/es/bicicletas/carretera/carretera-scott/bicicleta-scott-addict-rc-pro-grey-green-2026.html
2026-02-25 20:00:17,953 - DEBUG - scraping.utils - Bicycle reference: 35477
2026-02-25 20:00:18,047 - DEBUG - scraping.utils - New price history saved: 2026-02-25 : 8849.00
2026-02-25 20:00:18,047 - DEBUG - scraping.utils - Bicycle_index: 7
2026-02-25 20:00:18,048 - DEBUG - scraping.utils - Bicycle href: https://www.bikingpoint.es/es/bicicletas/carretera/carretera-scott/bicicleta-scott-addict-rc-pro-white-carbon-2026.html
2026-02-25 20:00:18,670 - DEBUG - scraping.utils - Bicycle reference: 35475
2026-02-25 20:00:18,766 - DEBUG - scraping.utils - New price history saved: 2026-02-25 : 8849.00
2026-02-25 20:00:18,766 - DEBUG - scraping.utils - Bicycle_index: 8
2026-02-25 20:00:18,767 - DEBUG - scraping.utils - Bicycle href: https://www.bikingpoint.es/es/bicicletas/carretera/route-look/bicicleta-look-795-blade-rs-dura-ace-di2.html
2026-02-25 20:00:19,249 - DEBUG - scraping.utils - Bicycle reference: 61563
2026-02-25 20:00:19,687 - DEBUG - scraping.utils - New price history saved: 2026-02-25 : 8710.00
2026-02-25 20:00:19,688 - DEBUG - scraping.utils - Bicycle_index: 9
2026-02-25 20:00:19,688 - DEBUG - scraping.utils - Bicycle href: https://www.bikingpoint.es/es/bicicleta-scott-spark-rc-world-cup-purple-2026.html
2026-02-25 20:00:22,781 - DEBUG - scraping.utils - Bicycle reference: 35480
2026-02-25 20:00:22,878 - DEBUG - scraping.utils - New price history saved: 2026-02-25 : 8499.00
2026-02-25 20:00:22,879 - DEBUG - scraping.utils - Bicycle_index: 10
2026-02-25 20:00:22,879 - DEBUG - scraping.utils - Bicycle href: https://www.bikingpoint.es/es/bicicleta-scott-spark-rc-world-cup-evo-2025.html
2026-02-25 20:00:23,339 - DEBUG - scraping.utils - Bicycle reference: 34209
2026-02-25 20:00:23,435 - DEBUG - scraping.utils - New price history saved: 2026-02-25 : 8499.00
2026-02-25 20:00:23,435 - DEBUG - scraping.utils - Bicycle_index: 11
2026-02-25 20:00:23,435 - DEBUG - scraping.utils - Bicycle href: https://www.bikingpoint.es/es/bicicleta-scott-spark-rc-world-cup-black-2026.html
2026-02-25 20:00:23,995 - DEBUG - scraping.utils - Bicycle reference: 35478
2026-02-25 20:00:24,090 - DEBUG - scraping.utils - New price history saved: 2026-02-25 : 8499.00
2026-02-25 20:00:24,090 - DEBUG - scraping.utils - Bicycle_index: 12
2026-02-25 20:00:24,090 - DEBUG - scraping.utils - Bicycle href: https://www.bikingpoint.es/es/bicicleta-giant-reign-advanced-e-1-2026.html
2026-02-25 20:00:24,549 - DEBUG - scraping.utils - Bicycle reference: 35813
2026-02-25 20:00:24,705 - DEBUG - scraping.utils - New price history saved: 2026-02-25 : 8299.00
2026-02-25 20:00:24,705 - DEBUG - scraping.utils - Bicycle_index: 13
2026-02-25 20:00:24,705 - DEBUG - scraping.utils - Bicycle href: https://www.bikingpoint.es/es/bicicletas/carretera/carretera-giant/bicicleta-giant-propel-advanced-sl-0-dura-ace-2025.html
2026-02-25 20:00:25,336 - DEBUG - scraping.utils - Bicycle reference: 34548
2026-02-25 20:00:25,480 - DEBUG - scraping.utils - New price history saved: 2026-02-25 : 7979.30
2026-02-25 20:00:25,480 - DEBUG - scraping.utils - Bicycle_index: 14
2026-02-25 20:00:25,480 - DEBUG - scraping.utils - Bicycle href: https://www.bikingpoint.es/es/bicicleta-massi-aire-slr-29-replica-tr-white-2026.html
2026-02-25 20:00:26,138 - DEBUG - scraping.utils - Bicycle reference: 62668
2026-02-25 20:00:26,238 - DEBUG - scraping.utils - New price history saved: 2026-02-25 : 6999.00
2026-02-25 20:00:26,238 - DEBUG - scraping.utils - Bicycle_index: 15
2026-02-25 20:00:26,238 - DEBUG - scraping.utils - Bicycle href: https://www.bikingpoint.es/es/bicicletas/electricas/bicicleta-look-e765-optimum-2-rival-axs-2025.html
2026-02-25 20:00:26,723 - DEBUG - scraping.utils - Bicycle reference: 63076
2026-02-25 20:00:26,819 - DEBUG - scraping.utils - New price history saved: 2026-02-25 : 6999.00
2026-02-25 20:00:31,314 - DEBUG - scraping.utils - create_bicycles started for biking_point with 15 product_elements_html finded on the page
2026-02-25 20:00:31,315 - DEBUG - scraping.utils - Bicycle references saved in DB: [35563, 35515, 631941, 61563, 30465, 62776, 62667, 626671, 35477, 35475, 34209, 35480, 35478, 35813, 34548, 626681, 62771, 63195, 34210, 35556, 63076, 62668, 34490, 35500, 35658, 27890, 35651, 33495, 35659, 34694, 63291, 61562, 35497, 35503, 61668, 30703, 35483, 34195, 626691, 61572, 34136, 61621, 631966, 35702, 35628, 35123, 63596, 35494, 61568, 61674, 61869, 63196, 34171, 35504, 35498, 63210, 30688, 34632, 30937, 61576, 35488, 63593, 35490, 62677, 32784, 631971, 31063, 33154, 61624, 28114, 35653, 60064, 29404, 30487, 34196, 30476, 35495, 35621, 63594, 59926, 61648, 34185, 60063, 60077, 61628, 60081, 629721, 35998, 34014, 34013, 35817, 35662, 64920, 29347, 60067, 35499, 57695, 34175, 34198, 28329, 61611, 63214, 59831, 57126, 28174, 30480, 34004, 35220, 27385, 35664, 61613, 59927, 31141, 35552, 35923, 61715, 63202, 35654, 64303, 28119, 59928, 61663, 63238, 35663, 632381, 61912, 61655, 59917, 27384, 59971, 57733, 60083, 30938, 31077, 33991, 35828, 35865, 34206, 61716, 57157, 30966, 28175, 28121, 63215, 30489, 30492, 60200, 35496, 30490, 33417, 60445, 60071, 61656, 61664, 62799, 35666, 35797, 57700, 34187, 35983, 28176, 35590, 35427, 61709, 34200, 35655, 35667, 61659, 35661, 64758, 35800, 29315, 61069, 34001, 635371, 34049, 63207, 61710, 35706, 61660, 59920, 59932, 35993, 34643, 27255, 53006, 32193, 35492, 35115, 33990, 32772, 58609, 62660, 35939, 27744, 30840, 626601, 57978, 61661, 27257, 28254, 31164, 61315, 31568, 63560, 28584, 30244, 61272, 27755, 35751, 34517, 25268, 54138, 27548, 27256, 61729, 35705, 58381, 33987, 27258, 31163, 64827, 27754, 35656, 27728, 62659, 626591, 27750, 61728, 35777, 27752, 60664, 35892, 28180, 61732, 33153, 64572, 35825, 35681, 35493, 35610, 60103, 60397, 27407, 35099, 35648, 61727, 35891, 61733, 36044, 64995, 61725, 61724, 56041, 62234, 33456, 32962, 62235, 27406, 35381, 35591, 35672, 63998, 62241, 35963, 55590, 57792, 31912, 35622, 34184, 35988, 53965, 57803, 57802, 35624, 31821, 35203, 35682, 35207, 35205, 35206, 35204, 35668, 35625, 35623, 28330, 35890, 31837, 35673, 63211, 34663, 30483, 60246, 31591, 34919, 34666, 31140, 34003, 31078, 33919, 30484, 27254, 35369, 35097, 35201]
2026-02-25 20:00:31,315 - DEBUG - scraping.utils - Bicycle_index: 1
2026-02-25 20:00:31,315 - DEBUG - scraping.utils - Bicycle href: https://www.bikingpoint.es/es/bicicleta-massi-aire-slr-29-replica-tr-black-2026.html
2026-02-25 20:00:31,984 - DEBUG - scraping.utils - Bicycle reference: 626681
2026-02-25 20:00:32,080 - DEBUG - scraping.utils - New price history saved: 2026-02-25 : 6999.00
2026-02-25 20:00:32,080 - DEBUG - scraping.utils - Bicycle_index: 2
2026-02-25 20:00:32,080 - DEBUG - scraping.utils - Bicycle href: https://www.bikingpoint.es/es/bicicletas/carretera/carretera-scott/bicicleta-scott-addict-rc-10-black-2026.html
2026-02-25 20:00:32,524 - DEBUG - scraping.utils - Bicycle reference: 34490
2026-02-25 20:00:32,615 - DEBUG - scraping.utils - New price history saved: 2026-02-25 : 6899.00
2026-02-25 20:00:32,616 - DEBUG - scraping.utils - Bicycle_index: 3
2026-02-25 20:00:32,616 - DEBUG - scraping.utils - Bicycle href: https://www.bikingpoint.es/es/bicicletas/carretera/carretera-scott/bicicleta-scott-addict-rc-10-blue-pink-2026.html
2026-02-25 20:00:33,193 - DEBUG - scraping.utils - Bicycle reference: 35500
2026-02-25 20:00:33,287 - DEBUG - scraping.utils - New price history saved: 2026-02-25 : 6899.00
2026-02-25 20:00:33,287 - DEBUG - scraping.utils - Bicycle_index: 4
2026-02-25 20:00:33,288 - DEBUG - scraping.utils - Bicycle href: https://www.bikingpoint.es/es/bicicletas/electricas/bicicleta-giant-reign-advanced-e-2-2026.html
2026-02-25 20:00:33,740 - DEBUG - scraping.utils - Bicycle reference: 35658
2026-02-25 20:00:33,833 - DEBUG - scraping.utils - New price history saved: 2026-02-25 : 6699.00
2026-02-25 20:00:33,834 - DEBUG - scraping.utils - Bicycle_index: 5
2026-02-25 20:00:33,834 - DEBUG - scraping.utils - Bicycle href: https://www.bikingpoint.es/es/bicicletas/carretera/carretera-giant/bicicleta-giant-propel-advanced-pro-0-di2-2026.html
2026-02-25 20:00:34,323 - DEBUG - scraping.utils - Bicycle reference: 35651
2026-02-25 20:00:34,413 - DEBUG - scraping.utils - New price history saved: 2026-02-25 : 6599.00
2026-02-25 20:00:34,413 - DEBUG - scraping.utils - Bicycle_index: 6
2026-02-25 20:00:34,413 - DEBUG - scraping.utils - Bicycle href: https://www.bikingpoint.es/es/bicicletas/electricas/bicicleta-scott-patron-eride-900-ultimate-2022.html
2026-02-25 20:00:34,875 - DEBUG - scraping.utils - Bicycle reference: 27890
2026-02-25 20:00:34,970 - DEBUG - scraping.utils - New price history saved: 2026-02-25 : 6599.00
2026-02-25 20:00:34,971 - DEBUG - scraping.utils - Bicycle_index: 7
2026-02-25 20:00:34,971 - DEBUG - scraping.utils - Bicycle href: https://www.bikingpoint.es/es/bicicleta-giant-anthem-advanced-sl-1-2026.html
2026-02-25 20:00:35,461 - DEBUG - scraping.utils - Bicycle reference: 35659
2026-02-25 20:00:35,553 - DEBUG - scraping.utils - New price history saved: 2026-02-25 : 6499.00
2026-02-25 20:00:35,553 - DEBUG - scraping.utils - Bicycle_index: 8
2026-02-25 20:00:35,554 - DEBUG - scraping.utils - Bicycle href: https://www.bikingpoint.es/es/bicicletas/carretera/carretera-giant/bicicleta-giant-tcr-advanced-pro-0-di2-2026.html
2026-02-25 20:00:36,057 - DEBUG - scraping.utils - Bicycle reference: 33495
2026-02-25 20:00:36,146 - DEBUG - scraping.utils - New price history saved: 2026-02-25 : 6499.00
2026-02-25 20:00:36,147 - DEBUG - scraping.utils - Bicycle_index: 9
2026-02-25 20:00:36,147 - DEBUG - scraping.utils - Bicycle href: https://www.bikingpoint.es/es/bicicletas/carretera/carretera-giant/bicicleta-giant-tcr-advanced-pro-0-di2-plata-2026.html
2026-02-25 20:00:36,561 - DEBUG - scraping.utils - Bicycle reference: 34694
2026-02-25 20:00:36,655 - DEBUG - scraping.utils - New price history saved: 2026-02-25 : 6499.00
2026-02-25 20:00:36,655 - DEBUG - scraping.utils - Bicycle_index: 10
2026-02-25 20:00:36,655 - DEBUG - scraping.utils - Bicycle href: https://www.bikingpoint.es/es/bicicletas/carretera/route-look/bicicleta-look-795-blade-rs-pro-team-ulte-di2-2025.html
2026-02-25 20:00:37,149 - DEBUG - scraping.utils - Bicycle reference: 61562
2026-02-25 20:00:37,246 - DEBUG - scraping.utils - New price history saved: 2026-02-25 : 6299.00
2026-02-25 20:00:37,247 - DEBUG - scraping.utils - Bicycle_index: 11
2026-02-25 20:00:37,247 - DEBUG - scraping.utils - Bicycle href: https://www.bikingpoint.es/es/bicicletas/electricas/bicicleta-look-e765-gravel-2-apex-1x12-2025.html
2026-02-25 20:00:37,729 - DEBUG - scraping.utils - Bicycle reference: 63291
2026-02-25 20:00:37,822 - DEBUG - scraping.utils - New price history saved: 2026-02-25 : 6299.00
2026-02-25 20:00:37,822 - DEBUG - scraping.utils - Bicycle_index: 12
2026-02-25 20:00:37,823 - DEBUG - scraping.utils - Bicycle href: https://www.bikingpoint.es/es/bicicletas/carretera/carretera-scott/bicicleta-scott-foil-rc-10-black-2026.html
2026-02-25 20:00:38,360 - DEBUG - scraping.utils - Bicycle reference: 35497
2026-02-25 20:00:38,451 - DEBUG - scraping.utils - New price history saved: 2026-02-25 : 6199.00
2026-02-25 20:00:38,451 - DEBUG - scraping.utils - Bicycle_index: 13
2026-02-25 20:00:38,451 - DEBUG - scraping.utils - Bicycle href: https://www.bikingpoint.es/es/bicicletas/carretera/carretera-scott/bicicleta-scott-addict-rc-20-black-2026.html
2026-02-25 20:00:38,951 - DEBUG - scraping.utils - Bicycle reference: 35503
2026-02-25 20:00:39,047 - DEBUG - scraping.utils - New price history saved: 2026-02-25 : 6199.00
2026-02-25 20:00:39,048 - DEBUG - scraping.utils - Bicycle_index: 14
2026-02-25 20:00:39,048 - DEBUG - scraping.utils - Bicycle href: https://www.bikingpoint.es/es/bicicletas/carretera/carretera-scott/bicicleta-scott-addict-rc-supersonic-t-m-ed-esp.html
2026-02-25 20:00:39,515 - DEBUG - scraping.utils - Bicycle reference: 30703
2026-02-25 20:00:39,607 - DEBUG - scraping.utils - New price history saved: 2026-02-25 : 5999.00
2026-02-25 20:00:39,607 - DEBUG - scraping.utils - Bicycle_index: 15
2026-02-25 20:00:39,607 - DEBUG - scraping.utils - Bicycle href: https://www.bikingpoint.es/es/bicicletas/electricas/bicicleta-massi-k2-evo-team-29-720wh-ep801-2026.html
2026-02-25 20:00:40,101 - DEBUG - scraping.utils - Bicycle reference: 61668
2026-02-25 20:00:40,197 - DEBUG - scraping.utils - New price history saved: 2026-02-25 : 5999.00
2026-02-25 20:00:46,655 - DEBUG - scraping.utils - create_bicycles started for biking_point with 15 product_elements_html finded on the page
2026-02-25 20:00:46,656 - DEBUG - scraping.utils - Bicycle references saved in DB: [35563, 35515, 631941, 61563, 30465, 62776, 62667, 626671, 35477, 35475, 34209, 35480, 35478, 35813, 34548, 626681, 62771, 63195, 34210, 35556, 63076, 62668, 34490, 35500, 35658, 27890, 35651, 33495, 35659, 34694, 63291, 61562, 35497, 35503, 61668, 30703, 35483, 34195, 626691, 61572, 34136, 61621, 631966, 35702, 35628, 35123, 63596, 35494, 61568, 61674, 61869, 63196, 34171, 35504, 35498, 63210, 30688, 34632, 30937, 61576, 35488, 63593, 35490, 62677, 32784, 631971, 31063, 33154, 61624, 28114, 35653, 60064, 29404, 30487, 34196, 30476, 35495, 35621, 63594, 59926, 61648, 34185, 60063, 60077, 61628, 60081, 629721, 35998, 34014, 34013, 35817, 35662, 64920, 29347, 60067, 35499, 57695, 34175, 34198, 28329, 61611, 63214, 59831, 57126, 28174, 30480, 34004, 35220, 27385, 35664, 61613, 59927, 31141, 35552, 35923, 61715, 63202, 35654, 64303, 28119, 59928, 61663, 63238, 35663, 632381, 61912, 61655, 59917, 27384, 59971, 57733, 60083, 30938, 31077, 33991, 35828, 35865, 34206, 61716, 57157, 30966, 28175, 28121, 63215, 30489, 30492, 60200, 35496, 30490, 33417, 60445, 60071, 61656, 61664, 62799, 35666, 35797, 57700, 34187, 35983, 28176, 35590, 35427, 61709, 34200, 35655, 35667, 61659, 35661, 64758, 35800, 29315, 61069, 34001, 635371, 34049, 63207, 61710, 35706, 61660, 59920, 59932, 35993, 34643, 27255, 53006, 32193, 35492, 35115, 33990, 32772, 58609, 62660, 35939, 27744, 30840, 626601, 57978, 61661, 27257, 28254, 31164, 61315, 31568, 63560, 28584, 30244, 61272, 27755, 35751, 34517, 25268, 54138, 27548, 27256, 61729, 35705, 58381, 33987, 27258, 31163, 64827, 27754, 35656, 27728, 62659, 626591, 27750, 61728, 35777, 27752, 60664, 35892, 28180, 61732, 33153, 64572, 35825, 35681, 35493, 35610, 60103, 60397, 27407, 35099, 35648, 61727, 35891, 61733, 36044, 64995, 61725, 61724, 56041, 62234, 33456, 32962, 62235, 27406, 35381, 35591, 35672, 63998, 62241, 35963, 55590, 57792, 31912, 35622, 34184, 35988, 53965, 57803, 57802, 35624, 31821, 35203, 35682, 35207, 35205, 35206, 35204, 35668, 35625, 35623, 28330, 35890, 31837, 35673, 63211, 34663, 30483, 60246, 31591, 34919, 34666, 31140, 34003, 31078, 33919, 30484, 27254, 35369, 35097, 35201]
2026-02-25 20:00:46,656 - DEBUG - scraping.utils - Bicycle_index: 1
2026-02-25 20:00:46,656 - DEBUG - scraping.utils - Bicycle href: https://www.bikingpoint.es/es/bicicleta-scott-spark-rc-team-issue-silver-2026.html
2026-02-25 20:00:47,081 - DEBUG - scraping.utils - Bicycle reference: 35483
2026-02-25 20:00:47,176 - DEBUG - scraping.utils - New price history saved: 2026-02-25 : 5899.00
2026-02-25 20:00:47,176 - DEBUG - scraping.utils - Bicycle_index: 2
2026-02-25 20:00:47,177 - DEBUG - scraping.utils - Bicycle href: https://www.bikingpoint.es/es/bicicletas/electricas/bicicleta-scott-patron-910-2025.html
2026-02-25 20:00:47,663 - DEBUG - scraping.utils - Bicycle reference: 34195
2026-02-25 20:00:47,758 - DEBUG - scraping.utils - New price history saved: 2026-02-25 : 5886.75
2026-02-25 20:00:47,758 - DEBUG - scraping.utils - Bicycle_index: 3
2026-02-25 20:00:47,758 - DEBUG - scraping.utils - Bicycle href: https://www.bikingpoint.es/es/bicicletas/electricas/bicicleta-giant-trance-x-advanced-e-0-elite-2025.html
2026-02-25 20:00:48,317 - DEBUG - scraping.utils - Bicycle reference: 31140
2026-02-25 20:00:48,415 - DEBUG - scraping.utils - New price history saved: 2026-02-25 : 5849.00
2026-02-25 20:00:48,415 - DEBUG - scraping.utils - Bicycle_index: 4
2026-02-25 20:00:48,416 - DEBUG - scraping.utils - Bicycle href: https://www.bikingpoint.es/es/bicicletas/electricas/bicicleta-scott-voltage-eride-900-tuned-2025.html
2026-02-25 20:00:49,011 - DEBUG - scraping.utils - Bicycle reference: 34136
2026-02-25 20:00:49,106 - DEBUG - scraping.utils - New price history saved: 2026-02-25 : 5849.00
2026-02-25 20:00:49,107 - DEBUG - scraping.utils - Bicycle_index: 5
2026-02-25 20:00:49,107 - DEBUG - scraping.utils - Bicycle href: https://www.bikingpoint.es/es/bicicleta-massi-aire-slr-29-expert-tr-2026.html
2026-02-25 20:00:49,591 - DEBUG - scraping.utils - Bicycle reference: 626691
2026-02-25 20:00:49,691 - DEBUG - scraping.utils - New price history saved: 2026-02-25 : 5499.00
2026-02-25 20:00:49,692 - DEBUG - scraping.utils - Bicycle_index: 6
2026-02-25 20:00:49,692 - DEBUG - scraping.utils - Bicycle href: https://www.bikingpoint.es/es/bicicletas/carretera/route-look/bicicleta-look-785-huez-disc-105-di2-2025.html
2026-02-25 20:00:50,308 - DEBUG - scraping.utils - Bicycle reference: 61572
2026-02-25 20:00:50,409 - DEBUG - scraping.utils - New price history saved: 2026-02-25 : 5490.00
2026-02-25 20:00:50,409 - DEBUG - scraping.utils - Bicycle_index: 7
2026-02-25 20:00:50,410 - DEBUG - scraping.utils - Bicycle href: https://www.bikingpoint.es/es/bicicletas/ciclocross/bicicleta-scott-addict-gravel-10-2026.html
2026-02-25 20:00:50,885 - DEBUG - scraping.utils - Bicycle reference: 35494
2026-02-25 20:00:50,982 - DEBUG - scraping.utils - New price history saved: 2026-02-25 : 5449.00
2026-02-25 20:00:50,983 - DEBUG - scraping.utils - Bicycle_index: 8
2026-02-25 20:00:50,983 - DEBUG - scraping.utils - Bicycle href: https://www.bikingpoint.es/es/bicicletas/carretera/route-look/bicicleta-look-795-blade-disc-105-di2-2024.html
2026-02-25 20:00:51,478 - DEBUG - scraping.utils - Bicycle reference: 61568
2026-02-25 20:00:51,577 - DEBUG - scraping.utils - New price history saved: 2026-02-25 : 5432.00
2026-02-25 20:00:51,577 - DEBUG - scraping.utils - Bicycle_index: 9
2026-02-25 20:00:51,578 - DEBUG - scraping.utils - Bicycle href: https://www.bikingpoint.es/es/bicicletas/electricas/bicicleta-massi-k2-evo-29-advanced-630wh-ep6-2026.html
2026-02-25 20:00:52,138 - DEBUG - scraping.utils - Bicycle reference: 61674
2026-02-25 20:00:52,234 - DEBUG - scraping.utils - New price history saved: 2026-02-25 : 5399.00
2026-02-25 20:00:52,234 - DEBUG - scraping.utils - Bicycle_index: 10
2026-02-25 20:00:52,235 - DEBUG - scraping.utils - Bicycle href: https://www.bikingpoint.es/es/bicicletas/carretera/route-look/bicicleta-look-765-optimum-2-db-105-r38d-2025.html
2026-02-25 20:00:52,842 - DEBUG - scraping.utils - Bicycle reference: 61869
2026-02-25 20:00:52,938 - DEBUG - scraping.utils - New price history saved: 2026-02-25 : 5290.00
2026-02-25 20:00:52,938 - DEBUG - scraping.utils - Bicycle_index: 11
2026-02-25 20:00:52,938 - DEBUG - scraping.utils - Bicycle href: https://www.bikingpoint.es/es/bicicletas/carretera/carretera-massi/bicicleta-massi-arrow-3-race-ult-di2-xtech-bk-2026.html
2026-02-25 20:00:53,397 - DEBUG - scraping.utils - Bicycle reference: 631966
2026-02-25 20:00:53,494 - DEBUG - scraping.utils - New price history saved: 2026-02-25 : 5199.00
2026-02-25 20:00:53,495 - DEBUG - scraping.utils - Bicycle_index: 12
2026-02-25 20:00:53,495 - DEBUG - scraping.utils - Bicycle href: https://www.bikingpoint.es/es/bicicletas/carretera/carretera-massi/bicicleta-massi-arrow-3-race-ult-di2-xtech-rd-2026.html
2026-02-25 20:00:54,005 - DEBUG - scraping.utils - Bicycle reference: 631961
2026-02-25 20:00:54,053 - INFO - scraping.utils - Creating a new bicycle for reference 631961
2026-02-25 20:00:54,053 - DEBUG - scraping.utils - Bicycle_index: 13
2026-02-25 20:00:54,053 - DEBUG - scraping.utils - Bicycle href: https://www.bikingpoint.es/es/bicicletas/carretera/carretera-massi/bicicleta-massi-arrow-race-ultegra-di2-xtech-2026.html
2026-02-25 20:00:54,589 - DEBUG - scraping.utils - Bicycle reference: 61621
2026-02-25 20:00:54,686 - DEBUG - scraping.utils - New price history saved: 2026-02-25 : 5199.00
2026-02-25 20:00:54,686 - DEBUG - scraping.utils - Bicycle_index: 14
2026-02-25 20:00:54,686 - DEBUG - scraping.utils - Bicycle href: https://www.bikingpoint.es/es/bicicletas/carretera/carretera-massi/arrow-3/bicicleta-massi-arrow-3-race-ult-di2-xtech-wh-2026.html
2026-02-25 20:00:57,781 - DEBUG - scraping.utils - Bicycle reference: 63196
2026-02-25 20:00:57,878 - DEBUG - scraping.utils - New price history saved: 2026-02-25 : 5199.00
2026-02-25 20:00:57,878 - DEBUG - scraping.utils - Bicycle_index: 15
2026-02-25 20:00:57,878 - DEBUG - scraping.utils - Bicycle href: https://www.bikingpoint.es/es/bicicletas/carretera/carretera-scott/bicicleta-scott-addict-rc-10-yellow-2025.html
2026-02-25 20:00:58,415 - DEBUG - scraping.utils - Bicycle reference: 34171
2026-02-25 20:00:58,513 - DEBUG - scraping.utils - New price history saved: 2026-02-25 : 5136.75
2026-02-25 20:01:02,700 - DEBUG - scraping.utils - create_bicycles started for biking_point with 15 product_elements_html finded on the page
2026-02-25 20:01:02,701 - DEBUG - scraping.utils - Bicycle references saved in DB: [35563, 35515, 631941, 61563, 30465, 62776, 62667, 626671, 35477, 35475, 34209, 35480, 35478, 35813, 34548, 626681, 62771, 63195, 34210, 35556, 63076, 62668, 34490, 35500, 35658, 27890, 35651, 33495, 35659, 34694, 63291, 61562, 35497, 35503, 61668, 30703, 35483, 34195, 626691, 61572, 34136, 61621, 631966, 35702, 35628, 35123, 63596, 35494, 61568, 61674, 61869, 63196, 34171, 35504, 35498, 63210, 30688, 34632, 30937, 61576, 35488, 63593, 35490, 62677, 32784, 631971, 31063, 33154, 61624, 28114, 35653, 60064, 29404, 30487, 34196, 30476, 35495, 35621, 63594, 59926, 61648, 34185, 60063, 60077, 61628, 60081, 629721, 35998, 34014, 34013, 35817, 35662, 64920, 29347, 60067, 35499, 57695, 34175, 34198, 28329, 61611, 63214, 59831, 57126, 28174, 30480, 34004, 35220, 27385, 35664, 61613, 59927, 31141, 35552, 35923, 61715, 63202, 35654, 64303, 28119, 59928, 61663, 63238, 35663, 632381, 61912, 61655, 59917, 27384, 59971, 57733, 60083, 30938, 31077, 33991, 35828, 35865, 34206, 61716, 57157, 30966, 28175, 28121, 63215, 30489, 30492, 60200, 35496, 30490, 33417, 60445, 60071, 61656, 61664, 62799, 35666, 35797, 57700, 34187, 35983, 28176, 35590, 35427, 61709, 34200, 35655, 35667, 61659, 35661, 64758, 35800, 29315, 61069, 34001, 635371, 34049, 63207, 61710, 35706, 61660, 59920, 59932, 35993, 34643, 27255, 53006, 32193, 35492, 35115, 33990, 32772, 58609, 62660, 35939, 27744, 30840, 626601, 57978, 61661, 27257, 28254, 31164, 61315, 31568, 63560, 28584, 30244, 61272, 27755, 35751, 34517, 25268, 54138, 27548, 27256, 61729, 35705, 58381, 33987, 27258, 31163, 64827, 27754, 35656, 27728, 62659, 626591, 27750, 61728, 35777, 27752, 60664, 35892, 28180, 61732, 33153, 64572, 35825, 35681, 35493, 35610, 60103, 60397, 27407, 35099, 35648, 61727, 35891, 61733, 36044, 64995, 61725, 61724, 56041, 62234, 33456, 32962, 62235, 27406, 35381, 35591, 35672, 63998, 62241, 35963, 55590, 57792, 31912, 35622, 34184, 35988, 53965, 57803, 57802, 35624, 31821, 35203, 35682, 35207, 35205, 35206, 35204, 35668, 35625, 35623, 28330, 35890, 31837, 35673, 63211, 34663, 30483, 60246, 31591, 34919, 34666, 31140, 34003, 31078, 33919, 30484, 27254, 35369, 35097, 35201]
2026-02-25 20:01:02,701 - DEBUG - scraping.utils - Bicycle_index: 1
2026-02-25 20:01:02,701 - DEBUG - scraping.utils - Bicycle href: https://www.bikingpoint.es/es/bicicletas/carretera/carretera-scott/bicicleta-scott-addict-rc-30-green-2026.html
2026-02-25 20:01:03,168 - DEBUG - scraping.utils - Bicycle reference: 35504
2026-02-25 20:01:03,263 - DEBUG - scraping.utils - New price history saved: 2026-02-25 : 5099.00
2026-02-25 20:01:03,263 - DEBUG - scraping.utils - Bicycle_index: 2
2026-02-25 20:01:03,263 - DEBUG - scraping.utils - Bicycle href: https://www.bikingpoint.es/es/bicicletas/carretera/carretera-scott/bicicleta-scott-foil-rc-20-blue-2026.html
2026-02-25 20:01:03,696 - DEBUG - scraping.utils - Bicycle reference: 35498
2026-02-25 20:01:03,791 - DEBUG - scraping.utils - New price history saved: 2026-02-25 : 5099.00
2026-02-25 20:01:03,791 - DEBUG - scraping.utils - Bicycle_index: 3
2026-02-25 20:01:03,792 - DEBUG - scraping.utils - Bicycle href: https://www.bikingpoint.es/es/bicicletas/carretera/carretera-giant/bicicleta-giant-propel-advanced-sl-1.html
2026-02-25 20:01:04,284 - DEBUG - scraping.utils - Bicycle reference: 30688
2026-02-25 20:01:04,380 - DEBUG - scraping.utils - New price history saved: 2026-02-25 : 4999.00
2026-02-25 20:01:04,381 - DEBUG - scraping.utils - Bicycle_index: 4
2026-02-25 20:01:04,381 - DEBUG - scraping.utils - Bicycle href: https://www.bikingpoint.es/es/bicicletas/electricas/bicicleta-scott-lumen-905-2025.html
2026-02-25 20:01:04,874 - DEBUG - scraping.utils - Bicycle reference: 34632
2026-02-25 20:01:04,977 - DEBUG - scraping.utils - New price history saved: 2026-02-25 : 4999.00
2026-02-25 20:01:04,977 - DEBUG - scraping.utils - Bicycle_index: 5
2026-02-25 20:01:04,978 - DEBUG - scraping.utils - Bicycle href: https://www.bikingpoint.es/es/bicicletas/carretera/carretera-massi/team-2-race/bicicleta-massi-team-2-race-ultegra-xtech-2026.html
2026-02-25 20:01:05,448 - DEBUG - scraping.utils - Bicycle reference: 63210
2026-02-25 20:01:05,543 - DEBUG - scraping.utils - New price history saved: 2026-02-25 : 4999.00
2026-02-25 20:01:05,543 - DEBUG - scraping.utils - Bicycle_index: 6
2026-02-25 20:01:05,543 - DEBUG - scraping.utils - Bicycle href: https://www.bikingpoint.es/es/bicicleta-scott-spark-rc-team-xx-t-type-tm-ed-esp.html
2026-02-25 20:01:06,028 - DEBUG - scraping.utils - Bicycle reference: 35123
2026-02-25 20:01:06,126 - DEBUG - scraping.utils - New price history saved: 2026-02-25 : 4999.00
2026-02-25 20:01:06,127 - DEBUG - scraping.utils - Bicycle_index: 7
2026-02-25 20:01:06,127 - DEBUG - scraping.utils - Bicycle href: https://www.bikingpoint.es/es/bicicletas/carretera/route-look/bicicleta-look-785-huez-ultegra-di2-proteam-2025.html
2026-02-25 20:01:06,586 - DEBUG - scraping.utils - Bicycle reference: 61576
2026-02-25 20:01:06,683 - DEBUG - scraping.utils - New price history saved: 2026-02-25 : 4899.00
2026-02-25 20:01:06,683 - DEBUG - scraping.utils - Bicycle_index: 8
2026-02-25 20:01:06,683 - DEBUG - scraping.utils - Bicycle href: https://www.bikingpoint.es/es/bicicletas/electricas/bicicleta-liv-embolden-e-1-pro-2025.html
2026-02-25 20:01:07,141 - DEBUG - scraping.utils - Bicycle reference: 30937
2026-02-25 20:01:07,232 - DEBUG - scraping.utils - New price history saved: 2026-02-25 : 4899.00
2026-02-25 20:01:07,232 - DEBUG - scraping.utils - Bicycle_index: 9
2026-02-25 20:01:07,233 - DEBUG - scraping.utils - Bicycle href: https://www.bikingpoint.es/es/bicicleta-scott-spark-rc-team-grey-2026.html
2026-02-25 20:01:07,702 - DEBUG - scraping.utils - Bicycle reference: 35490
2026-02-25 20:01:07,794 - DEBUG - scraping.utils - New price history saved: 2026-02-25 : 4799.00
2026-02-25 20:01:07,795 - DEBUG - scraping.utils - Bicycle_index: 10
2026-02-25 20:01:07,795 - DEBUG - scraping.utils - Bicycle href: https://www.bikingpoint.es/es/bicicleta-scott-spark-rc-team-black-2026.html
2026-02-25 20:01:08,254 - DEBUG - scraping.utils - Bicycle reference: 35488
2026-02-25 20:01:08,344 - DEBUG - scraping.utils - New price history saved: 2026-02-25 : 4799.00
2026-02-25 20:01:08,345 - DEBUG - scraping.utils - Bicycle_index: 11
2026-02-25 20:01:08,345 - DEBUG - scraping.utils - Bicycle href: https://www.bikingpoint.es/es/bicicletas/ciclocross/ciclocross-massi/bicicleta-massi-across-carbon-race-105-di2-2026.html
2026-02-25 20:01:08,790 - DEBUG - scraping.utils - Bicycle reference: 63593
2026-02-25 20:01:08,884 - DEBUG - scraping.utils - New price history saved: 2026-02-25 : 4799.00
2026-02-25 20:01:08,884 - DEBUG - scraping.utils - Bicycle_index: 12
2026-02-25 20:01:08,885 - DEBUG - scraping.utils - Bicycle href: https://www.bikingpoint.es/es/bicicletas/electricas/bicicleta-massi-k2-evo-29-630wh-ep6-trail-2026.html
2026-02-25 20:01:09,366 - DEBUG - scraping.utils - Bicycle reference: 62677
2026-02-25 20:01:09,460 - DEBUG - scraping.utils - New price history saved: 2026-02-25 : 4799.00
2026-02-25 20:01:09,460 - DEBUG - scraping.utils - Bicycle_index: 13
2026-02-25 20:01:09,460 - DEBUG - scraping.utils - Bicycle href: https://www.bikingpoint.es/es/bicicletas/ciclocross/ciclocross-massi/bicicleta-massi-across-carbon-race-grx-di2-2026.html
2026-02-25 20:01:09,915 - DEBUG - scraping.utils - Bicycle reference: 63596
2026-02-25 20:01:10,006 - DEBUG - scraping.utils - New price history saved: 2026-02-25 : 4799.00
2026-02-25 20:01:10,007 - DEBUG - scraping.utils - Bicycle_index: 14
2026-02-25 20:01:10,007 - DEBUG - scraping.utils - Bicycle href: https://www.bikingpoint.es/es/bicicletas/carretera/carretera-giant/bicicleta-giant-tcr-advanced-pro-1-di2-plata-2026.html
2026-02-25 20:01:10,486 - DEBUG - scraping.utils - Bicycle reference: 35653
2026-02-25 20:01:10,577 - DEBUG - scraping.utils - New price history saved: 2026-02-25 : 4699.00
2026-02-25 20:01:10,578 - DEBUG - scraping.utils - Bicycle_index: 15
2026-02-25 20:01:10,578 - DEBUG - scraping.utils - Bicycle href: https://www.bikingpoint.es/es/bicicletas/carretera/carretera-giant/bicicleta-giant-tcr-advanced-pro-1-di2-negro-2026.html
2026-02-25 20:01:10,997 - DEBUG - scraping.utils - Bicycle reference: 32784
2026-02-25 20:01:11,098 - DEBUG - scraping.utils - New price history saved: 2026-02-25 : 4699.00
run_scraper function start
url: https://www.bikingpoint.es/es/bicicletas.html/?p=1
Página 1: Encontradas 15 bicicletas
bicycle_references_not_in_web: [35563, 35515, 631941, 61563, 30465, 62776, 62667, 626671, 35477, 35475, 34209, 35480, 35478, 35813, 34548, 626681, 62771, 63195, 34210, 35556, 63076, 62668, 34490, 35500, 35658, 27890, 35651, 33495, 35659, 34694, 63291, 61562, 35497, 35503, 61668, 30703, 35483, 34195, 626691, 61572, 34136, 61621, 631966, 35702, 35628, 35123, 63596, 35494, 61568, 61674, 61869, 63196, 34171, 35504, 35498, 63210, 30688, 34632, 30937, 61576, 35488, 63593, 35490, 62677, 32784, 631971, 31063, 33154, 61624, 28114, 35653, 60064, 29404, 30487, 34196, 30476, 35495, 35621, 63594, 59926, 61648, 34185, 60063, 60077, 61628, 60081, 629721, 35998, 34014, 34013, 35817, 35662, 64920, 29347, 60067, 35499, 57695, 34175, 34198, 28329, 61611, 63214, 59831, 57126, 28174, 30480, 34004, 35220, 27385, 35664, 61613, 59927, 31141, 35552, 35923, 61715, 63202, 35654, 64303, 28119, 59928, 61663, 63238, 35663, 632381, 61912, 61655, 59917, 27384, 59971, 57733, 60083, 30938, 31077, 33991, 35828, 35865, 34206, 61716, 57157, 30966, 28175, 28121, 63215, 30489, 30492, 60200, 35496, 30490, 33417, 60445, 60071, 61656, 61664, 62799, 35666, 35797, 57700, 34187, 35983, 28176, 35590, 35427, 61709, 34200, 35655, 35667, 61659, 35661, 64758, 35800, 29315, 61069, 34001, 635371, 34049, 63207, 61710, 35706, 61660, 59920, 59932, 35993, 34643, 27255, 53006, 32193, 35492, 35115, 33990, 32772, 58609, 62660, 35939, 27744, 30840, 626601, 57978, 61661, 27257, 28254, 31164, 61315, 31568, 63560, 28584, 30244, 61272, 27755, 35751, 34517, 25268, 54138, 27548, 27256, 61729, 35705, 58381, 33987, 27258, 31163, 64827, 27754, 35656, 27728, 62659, 626591, 27750, 61728, 35777, 27752, 60664, 35892, 28180, 61732, 33153, 64572, 35825, 35681, 35493, 35610, 60103, 60397, 27407, 35099, 35648, 61727, 35891, 61733, 36044, 64995, 61725, 61724, 56041, 62234, 33456, 32962, 62235, 27406, 35381, 35591, 35672, 63998, 62241, 35963, 55590, 57792, 31912, 35622, 34184, 35988, 53965, 57803, 57802, 35624, 31821, 35203, 35682, 35207, 35205, 35206, 35204, 35668, 35625, 35623, 28330, 35890, 31837, 35673, 63211, 34663, 30483, 60246, 31591, 34919, 34666, 31140, 34003, 31078, 33919, 30484, 27254, 35369, 35097, 35201]
url: https://www.bikingpoint.es/es/bicicletas.html/?p=2
Página 2: Encontradas 15 bicicletas
bicycle_references_not_in_web: [35563, 35515, 631941, 61563, 30465, 62776, 62667, 626671, 35477, 35475, 34209, 35480, 35478, 35813, 34548, 626681, 62771, 63195, 34210, 35556, 63076, 62668, 34490, 35500, 35658, 27890, 35651, 33495, 35659, 34694, 63291, 61562, 35497, 35503, 61668, 30703, 35483, 34195, 626691, 61572, 34136, 61621, 631966, 35702, 35628, 35123, 63596, 35494, 61568, 61674, 61869, 63196, 34171, 35504, 35498, 63210, 30688, 34632, 30937, 61576, 35488, 63593, 35490, 62677, 32784, 631971, 31063, 33154, 61624, 28114, 35653, 60064, 29404, 30487, 34196, 30476, 35495, 35621, 63594, 59926, 61648, 34185, 60063, 60077, 61628, 60081, 629721, 35998, 34014, 34013, 35817, 35662, 64920, 29347, 60067, 35499, 57695, 34175, 34198, 28329, 61611, 63214, 59831, 57126, 28174, 30480, 34004, 35220, 27385, 35664, 61613, 59927, 31141, 35552, 35923, 61715, 63202, 35654, 64303, 28119, 59928, 61663, 63238, 35663, 632381, 61912, 61655, 59917, 27384, 59971, 57733, 60083, 30938, 31077, 33991, 35828, 35865, 34206, 61716, 57157, 30966, 28175, 28121, 63215, 30489, 30492, 60200, 35496, 30490, 33417, 60445, 60071, 61656, 61664, 62799, 35666, 35797, 57700, 34187, 35983, 28176, 35590, 35427, 61709, 34200, 35655, 35667, 61659, 35661, 64758, 35800, 29315, 61069, 34001, 635371, 34049, 63207, 61710, 35706, 61660, 59920, 59932, 35993, 34643, 27255, 53006, 32193, 35492, 35115, 33990, 32772, 58609, 62660, 35939, 27744, 30840, 626601, 57978, 61661, 27257, 28254, 31164, 61315, 31568, 63560, 28584, 30244, 61272, 27755, 35751, 34517, 25268, 54138, 27548, 27256, 61729, 35705, 58381, 33987, 27258, 31163, 64827, 27754, 35656, 27728, 62659, 626591, 27750, 61728, 35777, 27752, 60664, 35892, 28180, 61732, 33153, 64572, 35825, 35681, 35493, 35610, 60103, 60397, 27407, 35099, 35648, 61727, 35891, 61733, 36044, 64995, 61725, 61724, 56041, 62234, 33456, 32962, 62235, 27406, 35381, 35591, 35672, 63998, 62241, 35963, 55590, 57792, 31912, 35622, 34184, 35988, 53965, 57803, 57802, 35624, 31821, 35203, 35682, 35207, 35205, 35206, 35204, 35668, 35625, 35623, 28330, 35890, 31837, 35673, 63211, 34663, 30483, 60246, 31591, 34919, 34666, 31140, 34003, 31078, 33919, 30484, 27254, 35369, 35097, 35201]
url: https://www.bikingpoint.es/es/bicicletas.html/?p=3
Página 3: Encontradas 15 bicicletas
Error durante el guardado de Bicycle o add_todays_price
bicycle_references_not_in_web: [35563, 35515, 631941, 61563, 30465, 62776, 62667, 626671, 35477, 35475, 34209, 35480, 35478, 35813, 34548, 626681, 62771, 63195, 34210, 35556, 63076, 62668, 34490, 35500, 35658, 27890, 35651, 33495, 35659, 34694, 63291, 61562, 35497, 35503, 61668, 30703, 35483, 34195, 626691, 61572, 34136, 61621, 631966, 35702, 35628, 35123, 63596, 35494, 61568, 61674, 61869, 63196, 34171, 35504, 35498, 63210, 30688, 34632, 30937, 61576, 35488, 63593, 35490, 62677, 32784, 631971, 31063, 33154, 61624, 28114, 35653, 60064, 29404, 30487, 34196, 30476, 35495, 35621, 63594, 59926, 61648, 34185, 60063, 60077, 61628, 60081, 629721, 35998, 34014, 34013, 35817, 35662, 64920, 29347, 60067, 35499, 57695, 34175, 34198, 28329, 61611, 63214, 59831, 57126, 28174, 30480, 34004, 35220, 27385, 35664, 61613, 59927, 31141, 35552, 35923, 61715, 63202, 35654, 64303, 28119, 59928, 61663, 63238, 35663, 632381, 61912, 61655, 59917, 27384, 59971, 57733, 60083, 30938, 31077, 33991, 35828, 35865, 34206, 61716, 57157, 30966, 28175, 28121, 63215, 30489, 30492, 60200, 35496, 30490, 33417, 60445, 60071, 61656, 61664, 62799, 35666, 35797, 57700, 34187, 35983, 28176, 35590, 35427, 61709, 34200, 35655, 35667, 61659, 35661, 64758, 35800, 29315, 61069, 34001, 635371, 34049, 63207, 61710, 35706, 61660, 59920, 59932, 35993, 34643, 27255, 53006, 32193, 35492, 35115, 33990, 32772, 58609, 62660, 35939, 27744, 30840, 626601, 57978, 61661, 27257, 28254, 31164, 61315, 31568, 63560, 28584, 30244, 61272, 27755, 35751, 34517, 25268, 54138, 27548, 27256, 61729, 35705, 58381, 33987, 27258, 31163, 64827, 27754, 35656, 27728, 62659, 626591, 27750, 61728, 35777, 27752, 60664, 35892, 28180, 61732, 33153, 64572, 35825, 35681, 35493, 35610, 60103, 60397, 27407, 35099, 35648, 61727, 35891, 61733, 36044, 64995, 61725, 61724, 56041, 62234, 33456, 32962, 62235, 27406, 35381, 35591, 35672, 63998, 62241, 35963, 55590, 57792, 31912, 35622, 34184, 35988, 53965, 57803, 57802, 35624, 31821, 35203, 35682, 35207, 35205, 35206, 35204, 35668, 35625, 35623, 28330, 35890, 31837, 35673, 63211, 34663, 30483, 60246, 31591, 34919, 34666, 31140, 34003, 31078, 33919, 30484, 27254, 35369, 35097, 35201]
url: https://www.bikingpoint.es/es/bicicletas.html/?p=4
Página 4: Encontradas 15 bicicletas
2026-02-25 20:01:17,287 - DEBUG - scraping.utils - create_bicycles started for biking_point with 15 product_elements_html finded on the page
2026-02-25 20:01:17,287 - DEBUG - scraping.utils - Bicycle references saved in DB: [35563, 35515, 631941, 61563, 30465, 62776, 62667, 626671, 35477, 35475, 34209, 35480, 35478, 35813, 34548, 626681, 62771, 63195, 34210, 35556, 63076, 62668, 34490, 35500, 35658, 27890, 35651, 33495, 35659, 34694, 63291, 61562, 35497, 35503, 61668, 30703, 35483, 34195, 626691, 61572, 34136, 61621, 631966, 35702, 35628, 35123, 63596, 35494, 61568, 61674, 61869, 63196, 34171, 35504, 35498, 63210, 30688, 34632, 30937, 61576, 35488, 63593, 35490, 62677, 32784, 631971, 31063, 33154, 61624, 28114, 35653, 60064, 29404, 30487, 34196, 30476, 35495, 35621, 63594, 59926, 61648, 34185, 60063, 60077, 61628, 60081, 629721, 35998, 34014, 34013, 35817, 35662, 64920, 29347, 60067, 35499, 57695, 34175, 34198, 28329, 61611, 63214, 59831, 57126, 28174, 30480, 34004, 35220, 27385, 35664, 61613, 59927, 31141, 35552, 35923, 61715, 63202, 35654, 64303, 28119, 59928, 61663, 63238, 35663, 632381, 61912, 61655, 59917, 27384, 59971, 57733, 60083, 30938, 31077, 33991, 35828, 35865, 34206, 61716, 57157, 30966, 28175, 28121, 63215, 30489, 30492, 60200, 35496, 30490, 33417, 60445, 60071, 61656, 61664, 62799, 35666, 35797, 57700, 34187, 35983, 28176, 35590, 35427, 61709, 34200, 35655, 35667, 61659, 35661, 64758, 35800, 29315, 61069, 34001, 635371, 34049, 63207, 61710, 35706, 61660, 59920, 59932, 35993, 34643, 27255, 53006, 32193, 35492, 35115, 33990, 32772, 58609, 62660, 35939, 27744, 30840, 626601, 57978, 61661, 27257, 28254, 31164, 61315, 31568, 63560, 28584, 30244, 61272, 27755, 35751, 34517, 25268, 54138, 27548, 27256, 61729, 35705, 58381, 33987, 27258, 31163, 64827, 27754, 35656, 27728, 62659, 626591, 27750, 61728, 35777, 27752, 60664, 35892, 28180, 61732, 33153, 64572, 35825, 35681, 35493, 35610, 60103, 60397, 27407, 35099, 35648, 61727, 35891, 61733, 36044, 64995, 61725, 61724, 56041, 62234, 33456, 32962, 62235, 27406, 35381, 35591, 35672, 63998, 62241, 35963, 55590, 57792, 31912, 35622, 34184, 35988, 53965, 57803, 57802, 35624, 31821, 35203, 35682, 35207, 35205, 35206, 35204, 35668, 35625, 35623, 28330, 35890, 31837, 35673, 63211, 34663, 30483, 60246, 31591, 34919, 34666, 31140, 34003, 31078, 33919, 30484, 27254, 35369, 35097, 35201]
2026-02-25 20:01:17,287 - DEBUG - scraping.utils - Bicycle_index: 1
2026-02-25 20:01:17,287 - DEBUG - scraping.utils - Bicycle href: https://www.bikingpoint.es/es/bicicleta-massi-aire-carbon-sl-29-pro-tr.html
2026-02-25 20:01:17,707 - DEBUG - scraping.utils - Bicycle reference: 60064
2026-02-25 20:01:17,806 - DEBUG - scraping.utils - New price history saved: 2026-02-25 : 4499.25
2026-02-25 20:01:17,807 - DEBUG - scraping.utils - Bicycle_index: 2
2026-02-25 20:01:17,807 - DEBUG - scraping.utils - Bicycle href: https://www.bikingpoint.es/es/bicicletas/electricas/bicicleta-scott-addict-eride-30.html
2026-02-25 20:01:18,292 - DEBUG - scraping.utils - Bicycle reference: 29404
2026-02-25 20:01:18,386 - DEBUG - scraping.utils - New price history saved: 2026-02-25 : 4499.00
2026-02-25 20:01:18,387 - DEBUG - scraping.utils - Bicycle_index: 3
2026-02-25 20:01:18,387 - DEBUG - scraping.utils - Bicycle href: https://www.bikingpoint.es/es/bicicletas/carretera/carretera-massi/bicicleta-massi-arrow-3-race-105-di2-xtech-bk-2026.html
2026-02-25 20:01:18,926 - DEBUG - scraping.utils - Bicycle reference: 631971
2026-02-25 20:01:19,018 - DEBUG - scraping.utils - New price history saved: 2026-02-25 : 4499.00
2026-02-25 20:01:19,018 - DEBUG - scraping.utils - Bicycle_index: 4
2026-02-25 20:01:19,019 - DEBUG - scraping.utils - Bicycle href: https://www.bikingpoint.es/es/bicicletas/carretera/carretera-massi/bicicleta-massi-arrow-race-105-di2-db-xtech-2026.html
2026-02-25 20:01:19,510 - DEBUG - scraping.utils - Bicycle reference: 61624
2026-02-25 20:01:19,600 - DEBUG - scraping.utils - New price history saved: 2026-02-25 : 4499.00
2026-02-25 20:01:19,600 - DEBUG - scraping.utils - Bicycle_index: 5
2026-02-25 20:01:19,600 - DEBUG - scraping.utils - Bicycle href: https://www.bikingpoint.es/es/bicicletas/carretera/carretera-scott/bicicleta-scott-addict-rc-10-2023.html
2026-02-25 20:01:20,056 - DEBUG - scraping.utils - Bicycle reference: 30487
2026-02-25 20:01:20,153 - DEBUG - scraping.utils - New price history saved: 2026-02-25 : 4450.00
2026-02-25 20:01:20,154 - DEBUG - scraping.utils - Bicycle_index: 6
2026-02-25 20:01:20,154 - DEBUG - scraping.utils - Bicycle href: https://www.bikingpoint.es/es/bicicletas/carretera/carretera-giant/bicicleta-giant-propel-advanced-pro-0-2025.html
2026-02-25 20:01:20,636 - DEBUG - scraping.utils - Bicycle reference: 34003
2026-02-25 20:01:20,727 - DEBUG - scraping.utils - New price history saved: 2026-02-25 : 4399.55
2026-02-25 20:01:20,728 - DEBUG - scraping.utils - Bicycle_index: 7
2026-02-25 20:01:20,728 - DEBUG - scraping.utils - Bicycle href: https://www.bikingpoint.es/es/bicicletas/electricas/bicicleta-scott-lumen-920-2025.html
2026-02-25 20:01:21,256 - DEBUG - scraping.utils - Bicycle reference: 34196
2026-02-25 20:01:21,352 - DEBUG - scraping.utils - New price history saved: 2026-02-25 : 4299.00
2026-02-25 20:01:21,352 - DEBUG - scraping.utils - Bicycle_index: 8
2026-02-25 20:01:21,352 - DEBUG - scraping.utils - Bicycle href: https://www.bikingpoint.es/es/bicicletas/carretera/carretera-scott/bicicleta-scott-foil-rc-20-2023.html
2026-02-25 20:01:21,785 - DEBUG - scraping.utils - Bicycle reference: 30476
2026-02-25 20:01:21,926 - DEBUG - scraping.utils - New price history saved: 2026-02-25 : 4299.00
2026-02-25 20:01:21,927 - DEBUG - scraping.utils - Bicycle_index: 9
2026-02-25 20:01:21,928 - DEBUG - scraping.utils - Bicycle href: https://www.bikingpoint.es/es/bicicletas/ciclocross/bicicleta-scott-addict-gravel-20-beige-2026.html
2026-02-25 20:01:22,411 - DEBUG - scraping.utils - Bicycle reference: 35495
2026-02-25 20:01:22,509 - DEBUG - scraping.utils - New price history saved: 2026-02-25 : 4249.00
2026-02-25 20:01:22,509 - DEBUG - scraping.utils - Bicycle_index: 10
2026-02-25 20:01:22,509 - DEBUG - scraping.utils - Bicycle href: https://www.bikingpoint.es/es/bicicletas/carretera/carretera-giant/bicicleta-giant-propel-advanced-1-2026.html
2026-02-25 20:01:23,023 - DEBUG - scraping.utils - Bicycle reference: 35621
2026-02-25 20:01:23,116 - DEBUG - scraping.utils - New price history saved: 2026-02-25 : 4199.00
2026-02-25 20:01:23,116 - DEBUG - scraping.utils - Bicycle_index: 11
2026-02-25 20:01:23,117 - DEBUG - scraping.utils - Bicycle href: https://www.bikingpoint.es/es/bicicletas/carretera/carretera-massi/team-2-race/bicicleta-massi-team-2-race-105-di2-db-xtech-2026.html
2026-02-25 20:01:23,576 - DEBUG - scraping.utils - Bicycle reference: 63211
2026-02-25 20:01:23,672 - DEBUG - scraping.utils - New price history saved: 2026-02-25 : 4199.00
2026-02-25 20:01:23,672 - DEBUG - scraping.utils - Bicycle_index: 12
2026-02-25 20:01:23,673 - DEBUG - scraping.utils - Bicycle href: https://www.bikingpoint.es/es/bicicletas/ciclocross/ciclocross-massi/bicicleta-massi-across-carbon-race-grx-1x12-2026.html
2026-02-25 20:01:24,190 - DEBUG - scraping.utils - Bicycle reference: 63594
2026-02-25 20:01:24,286 - DEBUG - scraping.utils - New price history saved: 2026-02-25 : 4099.00
2026-02-25 20:01:24,287 - DEBUG - scraping.utils - Bicycle_index: 13
2026-02-25 20:01:24,287 - DEBUG - scraping.utils - Bicycle href: https://www.bikingpoint.es/es/bicicletas/carretera/carretera-massi/bicicleta-massi-arrow-race-ult-disc-di2-carbo.html
2026-02-25 20:01:24,786 - DEBUG - scraping.utils - Bicycle reference: 59926
2026-02-25 20:01:24,882 - DEBUG - scraping.utils - New price history saved: 2026-02-25 : 4099.00
2026-02-25 20:01:24,882 - DEBUG - scraping.utils - Bicycle_index: 14
2026-02-25 20:01:24,883 - DEBUG - scraping.utils - Bicycle href: https://www.bikingpoint.es/es/bicicleta-massi-aire-carbon-sl-29-expert-2025.html
2026-02-25 20:01:25,414 - DEBUG - scraping.utils - Bicycle reference: 61648
2026-02-25 20:01:25,509 - DEBUG - scraping.utils - New price history saved: 2026-02-25 : 4049.25
2026-02-25 20:01:25,509 - DEBUG - scraping.utils - Bicycle_index: 15
2026-02-25 20:01:25,509 - DEBUG - scraping.utils - Bicycle href: https://www.bikingpoint.es/es/bicicletas/ciclocross/bicicleta-scott-addict-gravel-10-2025.html
2026-02-25 20:01:25,958 - DEBUG - scraping.utils - Bicycle reference: 34185
2026-02-25 20:01:26,056 - DEBUG - scraping.utils - New price history saved: 2026-02-25 : 4049.00
2026-02-25 20:01:34,366 - DEBUG - scraping.utils - create_bicycles started for biking_point with 15 product_elements_html finded on the page
2026-02-25 20:01:34,366 - DEBUG - scraping.utils - Bicycle references saved in DB: [35563, 35515, 631941, 61563, 30465, 62776, 62667, 626671, 35477, 35475, 34209, 35480, 35478, 35813, 34548, 626681, 62771, 63195, 34210, 35556, 63076, 62668, 34490, 35500, 35658, 27890, 35651, 33495, 35659, 34694, 63291, 61562, 35497, 35503, 61668, 30703, 35483, 34195, 626691, 61572, 34136, 61621, 631966, 35702, 35628, 35123, 63596, 35494, 61568, 61674, 61869, 63196, 34171, 35504, 35498, 63210, 30688, 34632, 30937, 61576, 35488, 63593, 35490, 62677, 32784, 631971, 31063, 33154, 61624, 28114, 35653, 60064, 29404, 30487, 34196, 30476, 35495, 35621, 63594, 59926, 61648, 34185, 60063, 60077, 61628, 60081, 629721, 35998, 34014, 34013, 35817, 35662, 64920, 29347, 60067, 35499, 57695, 34175, 34198, 28329, 61611, 63214, 59831, 57126, 28174, 30480, 34004, 35220, 27385, 35664, 61613, 59927, 31141, 35552, 35923, 61715, 63202, 35654, 64303, 28119, 59928, 61663, 63238, 35663, 632381, 61912, 61655, 59917, 27384, 59971, 57733, 60083, 30938, 31077, 33991, 35828, 35865, 34206, 61716, 57157, 30966, 28175, 28121, 63215, 30489, 30492, 60200, 35496, 30490, 33417, 60445, 60071, 61656, 61664, 62799, 35666, 35797, 57700, 34187, 35983, 28176, 35590, 35427, 61709, 34200, 35655, 35667, 61659, 35661, 64758, 35800, 29315, 61069, 34001, 635371, 34049, 63207, 61710, 35706, 61660, 59920, 59932, 35993, 34643, 27255, 53006, 32193, 35492, 35115, 33990, 32772, 58609, 62660, 35939, 27744, 30840, 626601, 57978, 61661, 27257, 28254, 31164, 61315, 31568, 63560, 28584, 30244, 61272, 27755, 35751, 34517, 25268, 54138, 27548, 27256, 61729, 35705, 58381, 33987, 27258, 31163, 64827, 27754, 35656, 27728, 62659, 626591, 27750, 61728, 35777, 27752, 60664, 35892, 28180, 61732, 33153, 64572, 35825, 35681, 35493, 35610, 60103, 60397, 27407, 35099, 35648, 61727, 35891, 61733, 36044, 64995, 61725, 61724, 56041, 62234, 33456, 32962, 62235, 27406, 35381, 35591, 35672, 63998, 62241, 35963, 55590, 57792, 31912, 35622, 34184, 35988, 53965, 57803, 57802, 35624, 31821, 35203, 35682, 35207, 35205, 35206, 35204, 35668, 35625, 35623, 28330, 35890, 31837, 35673, 63211, 34663, 30483, 60246, 31591, 34919, 34666, 31140, 34003, 31078, 33919, 30484, 27254, 35369, 35097, 35201]
2026-02-25 20:01:34,366 - DEBUG - scraping.utils - Bicycle_index: 1
2026-02-25 20:01:34,366 - DEBUG - scraping.utils - Bicycle href: https://www.bikingpoint.es/es/bicicleta-massi-aire-carbon-sl-29-pro-1x12.html
2026-02-25 20:01:34,784 - DEBUG - scraping.utils - Bicycle reference: 60063
2026-02-25 20:01:34,883 - DEBUG - scraping.utils - New price history saved: 2026-02-25 : 3999.20
2026-02-25 20:01:34,884 - DEBUG - scraping.utils - Bicycle_index: 2
2026-02-25 20:01:34,884 - DEBUG - scraping.utils - Bicycle href: https://www.bikingpoint.es/es/bicicleta-massi-aire-sl-ltd-x-3-2026.html
2026-02-25 20:01:35,320 - DEBUG - scraping.utils - Bicycle reference: 64920
2026-02-25 20:01:35,674 - DEBUG - scraping.utils - New price history saved: 2026-02-25 : 3999.00
2026-02-25 20:01:35,674 - DEBUG - scraping.utils - Bicycle_index: 3
2026-02-25 20:01:35,675 - DEBUG - scraping.utils - Bicycle href: https://www.bikingpoint.es/es/bicicletas/mtb-rigidas/bicicleta-massi-pro-rc-29-elite-1x12.html
2026-02-25 20:01:36,174 - DEBUG - scraping.utils - Bicycle reference: 60077
2026-02-25 20:01:36,277 - DEBUG - scraping.utils - New price history saved: 2026-02-25 : 3999.00
2026-02-25 20:01:36,278 - DEBUG - scraping.utils - Bicycle_index: 4
2026-02-25 20:01:36,278 - DEBUG - scraping.utils - Bicycle href: https://www.bikingpoint.es/es/bicicletas/carretera/carretera-massi/bicicleta-massi-arrow-race-105-di2-db-2026.html
2026-02-25 20:01:36,726 - DEBUG - scraping.utils - Bicycle reference: 61628
2026-02-25 20:01:36,827 - DEBUG - scraping.utils - New price history saved: 2026-02-25 : 3999.00
2026-02-25 20:01:36,827 - DEBUG - scraping.utils - Bicycle_index: 5
2026-02-25 20:01:36,827 - DEBUG - scraping.utils - Bicycle href: https://www.bikingpoint.es/es/bicicletas/ciclocross/ciclocross-massi/bicicleta-massi-across-carbon-grx-di2-green-2026.html
2026-02-25 20:01:37,343 - DEBUG - scraping.utils - Bicycle reference: 629721
2026-02-25 20:01:37,445 - DEBUG - scraping.utils - New price history saved: 2026-02-25 : 3999.00
2026-02-25 20:01:37,446 - DEBUG - scraping.utils - Bicycle_index: 6
2026-02-25 20:01:37,446 - DEBUG - scraping.utils - Bicycle href: https://www.bikingpoint.es/es/bicicletas/carretera/carretera-giant/bicicleta-giant-defy-advanced-0-2026.html
2026-02-25 20:01:38,027 - DEBUG - scraping.utils - Bicycle reference: 35998
2026-02-25 20:01:38,125 - DEBUG - scraping.utils - New price history saved: 2026-02-25 : 3999.00
2026-02-25 20:01:38,126 - DEBUG - scraping.utils - Bicycle_index: 7
2026-02-25 20:01:38,126 - DEBUG - scraping.utils - Bicycle href: https://www.bikingpoint.es/es/bicicletas/mtb-rigidas/bicicleta-massi-pro-29-expert-1x12.html
2026-02-25 20:01:38,641 - DEBUG - scraping.utils - Bicycle reference: 60081
2026-02-25 20:01:38,736 - DEBUG - scraping.utils - New price history saved: 2026-02-25 : 3999.00
2026-02-25 20:01:38,736 - DEBUG - scraping.utils - Bicycle_index: 8
2026-02-25 20:01:38,736 - DEBUG - scraping.utils - Bicycle href: https://www.bikingpoint.es/es/bicicletas/carretera/route-liv/bicicleta-liv-langma-advanced-0-2026.html
2026-02-25 20:01:39,245 - DEBUG - scraping.utils - Bicycle reference: 35662
2026-02-25 20:01:39,342 - DEBUG - scraping.utils - New price history saved: 2026-02-25 : 3999.00
2026-02-25 20:01:39,343 - DEBUG - scraping.utils - Bicycle_index: 9
2026-02-25 20:01:39,343 - DEBUG - scraping.utils - Bicycle href: https://www.bikingpoint.es/es/bicicleta-massi-aire-carbon-sl-29-adv-xt-r-al.html
2026-02-25 20:01:39,847 - DEBUG - scraping.utils - Bicycle reference: 29347
2026-02-25 20:01:39,944 - DEBUG - scraping.utils - New price history saved: 2026-02-25 : 3974.25
2026-02-25 20:01:39,945 - DEBUG - scraping.utils - Bicycle_index: 10
2026-02-25 20:01:39,945 - DEBUG - scraping.utils - Bicycle href: https://www.bikingpoint.es/es/bicicleta-massi-aire-carbon-sl-29-elite-tr.html
2026-02-25 20:01:40,480 - DEBUG - scraping.utils - Bicycle reference: 60067
2026-02-25 20:01:40,578 - DEBUG - scraping.utils - New price history saved: 2026-02-25 : 3919.20
2026-02-25 20:01:40,579 - DEBUG - scraping.utils - Bicycle_index: 11
2026-02-25 20:01:40,579 - DEBUG - scraping.utils - Bicycle href: https://www.bikingpoint.es/es/bicicletas/carretera/carretera-scott/bicicleta-scott-addict-30-white-2026.html
2026-02-25 20:01:41,060 - DEBUG - scraping.utils - Bicycle reference: 35499
2026-02-25 20:01:41,161 - DEBUG - scraping.utils - New price history saved: 2026-02-25 : 3899.00
2026-02-25 20:01:41,161 - DEBUG - scraping.utils - Bicycle_index: 12
2026-02-25 20:01:41,162 - DEBUG - scraping.utils - Bicycle href: https://www.bikingpoint.es/es/bicicleta-scott-voltage-eride-910-2025.html
2026-02-25 20:01:41,650 - DEBUG - scraping.utils - Bicycle reference: 34014
2026-02-25 20:01:41,744 - DEBUG - scraping.utils - New price history saved: 2026-02-25 : 3899.00
2026-02-25 20:01:41,744 - DEBUG - scraping.utils - Bicycle_index: 13
2026-02-25 20:01:41,744 - DEBUG - scraping.utils - Bicycle href: https://www.bikingpoint.es/es/ciber-monday/bicicleta-giant-trance-x-e-2-pro-29-bateria-625.html
2026-02-25 20:01:42,239 - DEBUG - scraping.utils - Bicycle reference: 34663
2026-02-25 20:01:42,341 - DEBUG - scraping.utils - New price history saved: 2026-02-25 : 3899.00
2026-02-25 20:01:42,341 - DEBUG - scraping.utils - Bicycle_index: 14
2026-02-25 20:01:42,342 - DEBUG - scraping.utils - Bicycle href: https://www.bikingpoint.es/es/bicicleta-massi-aire-carbon-sl-29-endurance-2022.html
2026-02-25 20:01:42,807 - DEBUG - scraping.utils - Bicycle reference: 57695
2026-02-25 20:01:42,902 - DEBUG - scraping.utils - New price history saved: 2026-02-25 : 3839.20
2026-02-25 20:01:42,902 - DEBUG - scraping.utils - Bicycle_index: 15
2026-02-25 20:01:42,903 - DEBUG - scraping.utils - Bicycle href: https://www.bikingpoint.es/es/bicicletas/carretera/carretera-scott/bicicleta-scott-addict-rc-30-2025.html
2026-02-25 20:01:43,361 - DEBUG - scraping.utils - Bicycle reference: 34175
2026-02-25 20:01:43,457 - DEBUG - scraping.utils - New price history saved: 2026-02-25 : 3824.00
2026-02-25 20:01:49,160 - DEBUG - scraping.utils - create_bicycles started for biking_point with 15 product_elements_html finded on the page
2026-02-25 20:01:49,160 - DEBUG - scraping.utils - Bicycle references saved in DB: [35563, 35515, 631941, 61563, 30465, 62776, 62667, 626671, 35477, 35475, 34209, 35480, 35478, 35813, 34548, 626681, 62771, 63195, 34210, 35556, 63076, 62668, 34490, 35500, 35658, 27890, 35651, 33495, 35659, 34694, 63291, 61562, 35497, 35503, 61668, 30703, 35483, 34195, 626691, 61572, 34136, 61621, 631966, 35702, 35628, 35123, 63596, 35494, 61568, 61674, 61869, 63196, 34171, 35504, 35498, 63210, 30688, 34632, 30937, 61576, 35488, 63593, 35490, 62677, 32784, 631971, 31063, 33154, 61624, 28114, 35653, 60064, 29404, 30487, 34196, 30476, 35495, 35621, 63594, 59926, 61648, 34185, 60063, 60077, 61628, 60081, 629721, 35998, 34014, 34013, 35817, 35662, 64920, 29347, 60067, 35499, 57695, 34175, 34198, 28329, 61611, 63214, 59831, 57126, 28174, 30480, 34004, 35220, 27385, 35664, 61613, 59927, 31141, 35552, 35923, 61715, 63202, 35654, 64303, 28119, 59928, 61663, 63238, 35663, 632381, 61912, 61655, 59917, 27384, 59971, 57733, 60083, 30938, 31077, 33991, 35828, 35865, 34206, 61716, 57157, 30966, 28175, 28121, 63215, 30489, 30492, 60200, 35496, 30490, 33417, 60445, 60071, 61656, 61664, 62799, 35666, 35797, 57700, 34187, 35983, 28176, 35590, 35427, 61709, 34200, 35655, 35667, 61659, 35661, 64758, 35800, 29315, 61069, 34001, 635371, 34049, 63207, 61710, 35706, 61660, 59920, 59932, 35993, 34643, 27255, 53006, 32193, 35492, 35115, 33990, 32772, 58609, 62660, 35939, 27744, 30840, 626601, 57978, 61661, 27257, 28254, 31164, 61315, 31568, 63560, 28584, 30244, 61272, 27755, 35751, 34517, 25268, 54138, 27548, 27256, 61729, 35705, 58381, 33987, 27258, 31163, 64827, 27754, 35656, 27728, 62659, 626591, 27750, 61728, 35777, 27752, 60664, 35892, 28180, 61732, 33153, 64572, 35825, 35681, 35493, 35610, 60103, 60397, 27407, 35099, 35648, 61727, 35891, 61733, 36044, 64995, 61725, 61724, 56041, 62234, 33456, 32962, 62235, 27406, 35381, 35591, 35672, 63998, 62241, 35963, 55590, 57792, 31912, 35622, 34184, 35988, 53965, 57803, 57802, 35624, 31821, 35203, 35682, 35207, 35205, 35206, 35204, 35668, 35625, 35623, 28330, 35890, 31837, 35673, 63211, 34663, 30483, 60246, 31591, 34919, 34666, 31140, 34003, 31078, 33919, 30484, 27254, 35369, 35097, 35201]
2026-02-25 20:01:49,160 - DEBUG - scraping.utils - Bicycle_index: 1
2026-02-25 20:01:49,160 - DEBUG - scraping.utils - Bicycle href: https://www.bikingpoint.es/es/bicicletas/electricas/bicicleta-giant-trance-x-advanced-e-1-elite-2025.html
2026-02-25 20:01:49,670 - DEBUG - scraping.utils - Bicycle reference: 31078
2026-02-25 20:01:49,761 - DEBUG - scraping.utils - New price history saved: 2026-02-25 : 3799.00
2026-02-25 20:01:49,761 - DEBUG - scraping.utils - Bicycle_index: 2
2026-02-25 20:01:49,762 - DEBUG - scraping.utils - Bicycle href: https://www.bikingpoint.es/es/bicicletas/electricas/bicicleta-scott-addict-rc-eride-20-2025.html
2026-02-25 20:01:50,246 - DEBUG - scraping.utils - Bicycle reference: 34198
2026-02-25 20:01:50,338 - DEBUG - scraping.utils - New price history saved: 2026-02-25 : 3799.00
2026-02-25 20:01:50,339 - DEBUG - scraping.utils - Bicycle_index: 3
2026-02-25 20:01:50,339 - DEBUG - scraping.utils - Bicycle href: https://www.bikingpoint.es/es/bicicletas/electricas/bicicleta-liv-intrigue-x-e-2-pro.html
2026-02-25 20:01:50,796 - DEBUG - scraping.utils - Bicycle reference: 28329
2026-02-25 20:01:50,889 - DEBUG - scraping.utils - New price history saved: 2026-02-25 : 3779.00
2026-02-25 20:01:50,890 - DEBUG - scraping.utils - Bicycle_index: 4
2026-02-25 20:01:50,890 - DEBUG - scraping.utils - Bicycle href: https://www.bikingpoint.es/es/bicicletas/carretera/carretera-massi/bicicleta-massi-team-race-105-di2-12v-db-2026.html
2026-02-25 20:01:51,429 - DEBUG - scraping.utils - Bicycle reference: 61611
2026-02-25 20:01:51,524 - DEBUG - scraping.utils - New price history saved: 2026-02-25 : 3699.00
2026-02-25 20:01:51,524 - DEBUG - scraping.utils - Bicycle_index: 5
2026-02-25 20:01:51,524 - DEBUG - scraping.utils - Bicycle href: https://www.bikingpoint.es/es/bicicletas/carretera/carretera-massi/team-2-race/bicicleta-massi-team-2-race-105-di2-2026.html
2026-02-25 20:01:52,049 - DEBUG - scraping.utils - Bicycle reference: 63214
2026-02-25 20:01:52,142 - DEBUG - scraping.utils - New price history saved: 2026-02-25 : 3699.00
2026-02-25 20:01:52,142 - DEBUG - scraping.utils - Bicycle_index: 6
2026-02-25 20:01:52,142 - DEBUG - scraping.utils - Bicycle href: https://www.bikingpoint.es/es/bicicletas/doccasion/bicicleta-trek-emonda-slr9-t-s-2021-2a-mano.html
2026-02-25 20:01:52,565 - DEBUG - scraping.utils - Bicycle reference: 36064
2026-02-25 20:01:52,611 - INFO - scraping.utils - Creating a new bicycle for reference 36064
2026-02-25 20:01:52,611 - DEBUG - scraping.utils - Bicycle_index: 7
2026-02-25 20:01:52,611 - DEBUG - scraping.utils - Bicycle href: https://www.bikingpoint.es/es/bicicletas/carretera/carretera-massi/bicicleta-massi-team-race-ultegra-di2-tour.html
2026-02-25 20:01:53,164 - DEBUG - scraping.utils - Bicycle reference: 59831
2026-02-25 20:01:53,255 - DEBUG - scraping.utils - New price history saved: 2026-02-25 : 3519.20
2026-02-25 20:01:53,255 - DEBUG - scraping.utils - Bicycle_index: 8
2026-02-25 20:01:53,256 - DEBUG - scraping.utils - Bicycle href: https://www.bikingpoint.es/es/bicicletas/electricas/bicicleta-giant-trance-x-e-3-pro-29-bateria-625.html
2026-02-25 20:01:53,736 - DEBUG - scraping.utils - Bicycle reference: 35220
2026-02-25 20:01:53,841 - DEBUG - scraping.utils - New price history saved: 2026-02-25 : 3499.00
2026-02-25 20:01:53,841 - DEBUG - scraping.utils - Bicycle_index: 9
2026-02-25 20:01:53,841 - DEBUG - scraping.utils - Bicycle href: https://www.bikingpoint.es/es/bicicletas/carretera/route-look/bicicleta-look-785-huez-rs-chame-ult-di2-12v-2022.html
2026-02-25 20:01:54,302 - DEBUG - scraping.utils - Bicycle reference: 57126
2026-02-25 20:01:54,393 - DEBUG - scraping.utils - New price history saved: 2026-02-25 : 3499.00
2026-02-25 20:01:54,393 - DEBUG - scraping.utils - Bicycle_index: 10
2026-02-25 20:01:54,393 - DEBUG - scraping.utils - Bicycle href: https://www.bikingpoint.es/es/bicicleta-giant-anthem-advanced-pro-29-1-2022.html
2026-02-25 20:01:54,875 - DEBUG - scraping.utils - Bicycle reference: 28174
2026-02-25 20:01:54,968 - DEBUG - scraping.utils - New price history saved: 2026-02-25 : 3499.00
2026-02-25 20:01:54,968 - DEBUG - scraping.utils - Bicycle_index: 11
2026-02-25 20:01:54,969 - DEBUG - scraping.utils - Bicycle href: https://www.bikingpoint.es/es/bicicleta-scott-spark-rc-team-black-2024.html
2026-02-25 20:01:55,406 - DEBUG - scraping.utils - Bicycle reference: 30480
2026-02-25 20:01:55,499 - DEBUG - scraping.utils - New price history saved: 2026-02-25 : 3499.00
2026-02-25 20:01:55,500 - DEBUG - scraping.utils - Bicycle_index: 12
2026-02-25 20:01:55,500 - DEBUG - scraping.utils - Bicycle href: https://www.bikingpoint.es/es/bicicletas/carretera/carretera-giant/bicicleta-giant-propel-advanced-pro-1-2025.html
2026-02-25 20:01:56,089 - DEBUG - scraping.utils - Bicycle reference: 34004
2026-02-25 20:01:56,181 - DEBUG - scraping.utils - New price history saved: 2026-02-25 : 3499.00
2026-02-25 20:01:56,182 - DEBUG - scraping.utils - Bicycle_index: 13
2026-02-25 20:01:56,182 - DEBUG - scraping.utils - Bicycle href: https://www.bikingpoint.es/es/bicicletas/electricas/bicicleta-scott-strike-eride-920-azul.html
2026-02-25 20:01:56,718 - DEBUG - scraping.utils - Bicycle reference: 27385
2026-02-25 20:01:56,808 - DEBUG - scraping.utils - New price history saved: 2026-02-25 : 3499.00
2026-02-25 20:01:56,808 - DEBUG - scraping.utils - Bicycle_index: 14
2026-02-25 20:01:56,808 - DEBUG - scraping.utils - Bicycle href: https://www.bikingpoint.es/es/bicicletas/carretera/carretera-massi/bicicleta-massi-team-race-105-12-db-xtech-2026.html
2026-02-25 20:01:57,375 - DEBUG - scraping.utils - Bicycle reference: 61613
2026-02-25 20:01:57,472 - DEBUG - scraping.utils - New price history saved: 2026-02-25 : 3399.00
2026-02-25 20:01:57,472 - DEBUG - scraping.utils - Bicycle_index: 15
2026-02-25 20:01:57,473 - DEBUG - scraping.utils - Bicycle href: https://www.bikingpoint.es/es/bicicletas/carretera/carretera-massi/bicicleta-massi-arrow-race-ultegra-disc-di2.html
2026-02-25 20:01:57,966 - DEBUG - scraping.utils - Bicycle reference: 59927
2026-02-25 20:01:58,064 - DEBUG - scraping.utils - New price history saved: 2026-02-25 : 3399.00
bicycle_references_not_in_web: [35563, 35515, 631941, 61563, 30465, 62776, 62667, 626671, 35477, 35475, 34209, 35480, 35478, 35813, 34548, 626681, 62771, 63195, 34210, 35556, 63076, 62668, 34490, 35500, 35658, 27890, 35651, 33495, 35659, 34694, 63291, 61562, 35497, 35503, 61668, 30703, 35483, 34195, 626691, 61572, 34136, 61621, 631966, 35702, 35628, 35123, 63596, 35494, 61568, 61674, 61869, 63196, 34171, 35504, 35498, 63210, 30688, 34632, 30937, 61576, 35488, 63593, 35490, 62677, 32784, 631971, 31063, 33154, 61624, 28114, 35653, 60064, 29404, 30487, 34196, 30476, 35495, 35621, 63594, 59926, 61648, 34185, 60063, 60077, 61628, 60081, 629721, 35998, 34014, 34013, 35817, 35662, 64920, 29347, 60067, 35499, 57695, 34175, 34198, 28329, 61611, 63214, 59831, 57126, 28174, 30480, 34004, 35220, 27385, 35664, 61613, 59927, 31141, 35552, 35923, 61715, 63202, 35654, 64303, 28119, 59928, 61663, 63238, 35663, 632381, 61912, 61655, 59917, 27384, 59971, 57733, 60083, 30938, 31077, 33991, 35828, 35865, 34206, 61716, 57157, 30966, 28175, 28121, 63215, 30489, 30492, 60200, 35496, 30490, 33417, 60445, 60071, 61656, 61664, 62799, 35666, 35797, 57700, 34187, 35983, 28176, 35590, 35427, 61709, 34200, 35655, 35667, 61659, 35661, 64758, 35800, 29315, 61069, 34001, 635371, 34049, 63207, 61710, 35706, 61660, 59920, 59932, 35993, 34643, 27255, 53006, 32193, 35492, 35115, 33990, 32772, 58609, 62660, 35939, 27744, 30840, 626601, 57978, 61661, 27257, 28254, 31164, 61315, 31568, 63560, 28584, 30244, 61272, 27755, 35751, 34517, 25268, 54138, 27548, 27256, 61729, 35705, 58381, 33987, 27258, 31163, 64827, 27754, 35656, 27728, 62659, 626591, 27750, 61728, 35777, 27752, 60664, 35892, 28180, 61732, 33153, 64572, 35825, 35681, 35493, 35610, 60103, 60397, 27407, 35099, 35648, 61727, 35891, 61733, 36044, 64995, 61725, 61724, 56041, 62234, 33456, 32962, 62235, 27406, 35381, 35591, 35672, 63998, 62241, 35963, 55590, 57792, 31912, 35622, 34184, 35988, 53965, 57803, 57802, 35624, 31821, 35203, 35682, 35207, 35205, 35206, 35204, 35668, 35625, 35623, 28330, 35890, 31837, 35673, 63211, 34663, 30483, 60246, 31591, 34919, 34666, 31140, 34003, 31078, 33919, 30484, 27254, 35369, 35097, 35201]
url: https://www.bikingpoint.es/es/bicicletas.html/?p=5
Página 5: Encontradas 15 bicicletas
bicycle_references_not_in_web: [35563, 35515, 631941, 61563, 30465, 62776, 62667, 626671, 35477, 35475, 34209, 35480, 35478, 35813, 34548, 626681, 62771, 63195, 34210, 35556, 63076, 62668, 34490, 35500, 35658, 27890, 35651, 33495, 35659, 34694, 63291, 61562, 35497, 35503, 61668, 30703, 35483, 34195, 626691, 61572, 34136, 61621, 631966, 35702, 35628, 35123, 63596, 35494, 61568, 61674, 61869, 63196, 34171, 35504, 35498, 63210, 30688, 34632, 30937, 61576, 35488, 63593, 35490, 62677, 32784, 631971, 31063, 33154, 61624, 28114, 35653, 60064, 29404, 30487, 34196, 30476, 35495, 35621, 63594, 59926, 61648, 34185, 60063, 60077, 61628, 60081, 629721, 35998, 34014, 34013, 35817, 35662, 64920, 29347, 60067, 35499, 57695, 34175, 34198, 28329, 61611, 63214, 59831, 57126, 28174, 30480, 34004, 35220, 27385, 35664, 61613, 59927, 31141, 35552, 35923, 61715, 63202, 35654, 64303, 28119, 59928, 61663, 63238, 35663, 632381, 61912, 61655, 59917, 27384, 59971, 57733, 60083, 30938, 31077, 33991, 35828, 35865, 34206, 61716, 57157, 30966, 28175, 28121, 63215, 30489, 30492, 60200, 35496, 30490, 33417, 60445, 60071, 61656, 61664, 62799, 35666, 35797, 57700, 34187, 35983, 28176, 35590, 35427, 61709, 34200, 35655, 35667, 61659, 35661, 64758, 35800, 29315, 61069, 34001, 635371, 34049, 63207, 61710, 35706, 61660, 59920, 59932, 35993, 34643, 27255, 53006, 32193, 35492, 35115, 33990, 32772, 58609, 62660, 35939, 27744, 30840, 626601, 57978, 61661, 27257, 28254, 31164, 61315, 31568, 63560, 28584, 30244, 61272, 27755, 35751, 34517, 25268, 54138, 27548, 27256, 61729, 35705, 58381, 33987, 27258, 31163, 64827, 27754, 35656, 27728, 62659, 626591, 27750, 61728, 35777, 27752, 60664, 35892, 28180, 61732, 33153, 64572, 35825, 35681, 35493, 35610, 60103, 60397, 27407, 35099, 35648, 61727, 35891, 61733, 36044, 64995, 61725, 61724, 56041, 62234, 33456, 32962, 62235, 27406, 35381, 35591, 35672, 63998, 62241, 35963, 55590, 57792, 31912, 35622, 34184, 35988, 53965, 57803, 57802, 35624, 31821, 35203, 35682, 35207, 35205, 35206, 35204, 35668, 35625, 35623, 28330, 35890, 31837, 35673, 63211, 34663, 30483, 60246, 31591, 34919, 34666, 31140, 34003, 31078, 33919, 30484, 27254, 35369, 35097, 35201]
url: https://www.bikingpoint.es/es/bicicletas.html/?p=6
Página 6: Encontradas 15 bicicletas
bicycle_references_not_in_web: [35563, 35515, 631941, 61563, 30465, 62776, 62667, 626671, 35477, 35475, 34209, 35480, 35478, 35813, 34548, 626681, 62771, 63195, 34210, 35556, 63076, 62668, 34490, 35500, 35658, 27890, 35651, 33495, 35659, 34694, 63291, 61562, 35497, 35503, 61668, 30703, 35483, 34195, 626691, 61572, 34136, 61621, 631966, 35702, 35628, 35123, 63596, 35494, 61568, 61674, 61869, 63196, 34171, 35504, 35498, 63210, 30688, 34632, 30937, 61576, 35488, 63593, 35490, 62677, 32784, 631971, 31063, 33154, 61624, 28114, 35653, 60064, 29404, 30487, 34196, 30476, 35495, 35621, 63594, 59926, 61648, 34185, 60063, 60077, 61628, 60081, 629721, 35998, 34014, 34013, 35817, 35662, 64920, 29347, 60067, 35499, 57695, 34175, 34198, 28329, 61611, 63214, 59831, 57126, 28174, 30480, 34004, 35220, 27385, 35664, 61613, 59927, 31141, 35552, 35923, 61715, 63202, 35654, 64303, 28119, 59928, 61663, 63238, 35663, 632381, 61912, 61655, 59917, 27384, 59971, 57733, 60083, 30938, 31077, 33991, 35828, 35865, 34206, 61716, 57157, 30966, 28175, 28121, 63215, 30489, 30492, 60200, 35496, 30490, 33417, 60445, 60071, 61656, 61664, 62799, 35666, 35797, 57700, 34187, 35983, 28176, 35590, 35427, 61709, 34200, 35655, 35667, 61659, 35661, 64758, 35800, 29315, 61069, 34001, 635371, 34049, 63207, 61710, 35706, 61660, 59920, 59932, 35993, 34643, 27255, 53006, 32193, 35492, 35115, 33990, 32772, 58609, 62660, 35939, 27744, 30840, 626601, 57978, 61661, 27257, 28254, 31164, 61315, 31568, 63560, 28584, 30244, 61272, 27755, 35751, 34517, 25268, 54138, 27548, 27256, 61729, 35705, 58381, 33987, 27258, 31163, 64827, 27754, 35656, 27728, 62659, 626591, 27750, 61728, 35777, 27752, 60664, 35892, 28180, 61732, 33153, 64572, 35825, 35681, 35493, 35610, 60103, 60397, 27407, 35099, 35648, 61727, 35891, 61733, 36044, 64995, 61725, 61724, 56041, 62234, 33456, 32962, 62235, 27406, 35381, 35591, 35672, 63998, 62241, 35963, 55590, 57792, 31912, 35622, 34184, 35988, 53965, 57803, 57802, 35624, 31821, 35203, 35682, 35207, 35205, 35206, 35204, 35668, 35625, 35623, 28330, 35890, 31837, 35673, 63211, 34663, 30483, 60246, 31591, 34919, 34666, 31140, 34003, 31078, 33919, 30484, 27254, 35369, 35097, 35201]
url: https://www.bikingpoint.es/es/bicicletas.html/?p=7
Página 7: Encontradas 15 bicicletas
Error durante el guardado de Bicycle o add_todays_price
2026-02-25 20:02:07,851 - DEBUG - scraping.utils - create_bicycles started for biking_point with 15 product_elements_html finded on the page
2026-02-25 20:02:07,851 - DEBUG - scraping.utils - Bicycle references saved in DB: [35563, 35515, 631941, 61563, 30465, 62776, 62667, 626671, 35477, 35475, 34209, 35480, 35478, 35813, 34548, 626681, 62771, 63195, 34210, 35556, 63076, 62668, 34490, 35500, 35658, 27890, 35651, 33495, 35659, 34694, 63291, 61562, 35497, 35503, 61668, 30703, 35483, 34195, 626691, 61572, 34136, 61621, 631966, 35702, 35628, 35123, 63596, 35494, 61568, 61674, 61869, 63196, 34171, 35504, 35498, 63210, 30688, 34632, 30937, 61576, 35488, 63593, 35490, 62677, 32784, 631971, 31063, 33154, 61624, 28114, 35653, 60064, 29404, 30487, 34196, 30476, 35495, 35621, 63594, 59926, 61648, 34185, 60063, 60077, 61628, 60081, 629721, 35998, 34014, 34013, 35817, 35662, 64920, 29347, 60067, 35499, 57695, 34175, 34198, 28329, 61611, 63214, 59831, 57126, 28174, 30480, 34004, 35220, 27385, 35664, 61613, 59927, 31141, 35552, 35923, 61715, 63202, 35654, 64303, 28119, 59928, 61663, 63238, 35663, 632381, 61912, 61655, 59917, 27384, 59971, 57733, 60083, 30938, 31077, 33991, 35828, 35865, 34206, 61716, 57157, 30966, 28175, 28121, 63215, 30489, 30492, 60200, 35496, 30490, 33417, 60445, 60071, 61656, 61664, 62799, 35666, 35797, 57700, 34187, 35983, 28176, 35590, 35427, 61709, 34200, 35655, 35667, 61659, 35661, 64758, 35800, 29315, 61069, 34001, 635371, 34049, 63207, 61710, 35706, 61660, 59920, 59932, 35993, 34643, 27255, 53006, 32193, 35492, 35115, 33990, 32772, 58609, 62660, 35939, 27744, 30840, 626601, 57978, 61661, 27257, 28254, 31164, 61315, 31568, 63560, 28584, 30244, 61272, 27755, 35751, 34517, 25268, 54138, 27548, 27256, 61729, 35705, 58381, 33987, 27258, 31163, 64827, 27754, 35656, 27728, 62659, 626591, 27750, 61728, 35777, 27752, 60664, 35892, 28180, 61732, 33153, 64572, 35825, 35681, 35493, 35610, 60103, 60397, 27407, 35099, 35648, 61727, 35891, 61733, 36044, 64995, 61725, 61724, 56041, 62234, 33456, 32962, 62235, 27406, 35381, 35591, 35672, 63998, 62241, 35963, 55590, 57792, 31912, 35622, 34184, 35988, 53965, 57803, 57802, 35624, 31821, 35203, 35682, 35207, 35205, 35206, 35204, 35668, 35625, 35623, 28330, 35890, 31837, 35673, 63211, 34663, 30483, 60246, 31591, 34919, 34666, 31140, 34003, 31078, 33919, 30484, 27254, 35369, 35097, 35201]
2026-02-25 20:02:07,851 - DEBUG - scraping.utils - Bicycle_index: 1
2026-02-25 20:02:07,851 - DEBUG - scraping.utils - Bicycle href: https://www.bikingpoint.es/es/bicicletas/electricas/bicicleta-scott-voltage-eride-920-2025.html
2026-02-25 20:02:08,443 - DEBUG - scraping.utils - Bicycle reference: 33919
2026-02-25 20:02:08,787 - DEBUG - scraping.utils - New price history saved: 2026-02-25 : 3399.00
2026-02-25 20:02:08,787 - DEBUG - scraping.utils - Bicycle_index: 2
2026-02-25 20:02:08,787 - DEBUG - scraping.utils - Bicycle href: https://www.bikingpoint.es/es/bicicletas/ciclocross/bicicleta-liv-devote-advanced-1-2026.html
2026-02-25 20:02:09,283 - DEBUG - scraping.utils - Bicycle reference: 35664
2026-02-25 20:02:09,381 - DEBUG - scraping.utils - New price history saved: 2026-02-25 : 3399.00
2026-02-25 20:02:09,381 - DEBUG - scraping.utils - Bicycle_index: 3
2026-02-25 20:02:09,382 - DEBUG - scraping.utils - Bicycle href: https://www.bikingpoint.es/es/bicicleta-scott-spark-rc-team-white-2024.html
2026-02-25 20:02:09,976 - DEBUG - scraping.utils - Bicycle reference: 30483
2026-02-25 20:02:10,073 - DEBUG - scraping.utils - New price history saved: 2026-02-25 : 3349.00
2026-02-25 20:02:10,074 - DEBUG - scraping.utils - Bicycle_index: 4
2026-02-25 20:02:10,074 - DEBUG - scraping.utils - Bicycle href: https://www.bikingpoint.es/es/bicicletas/ciclocross/ciclocross-massi/bicicleta-massi-across-carbon-grx-1x12-black-2026.html
2026-02-25 20:02:10,570 - DEBUG - scraping.utils - Bicycle reference: 63238
2026-02-25 20:02:10,670 - DEBUG - scraping.utils - New price history saved: 2026-02-25 : 3299.00
2026-02-25 20:02:10,670 - DEBUG - scraping.utils - Bicycle_index: 5
2026-02-25 20:02:10,670 - DEBUG - scraping.utils - Bicycle href: https://www.bikingpoint.es/es/bicicletas/carretera/route-liv/bicicleta-liv-langma-advanced-1-pro-compact-2026.html
2026-02-25 20:02:11,227 - DEBUG - scraping.utils - Bicycle reference: 35663
2026-02-25 20:02:11,351 - DEBUG - scraping.utils - New price history saved: 2026-02-25 : 3299.00
2026-02-25 20:02:11,351 - DEBUG - scraping.utils - Bicycle_index: 6
2026-02-25 20:02:11,351 - DEBUG - scraping.utils - Bicycle href: https://www.bikingpoint.es/es/bicicleta-massi-aire-sl-ltd-x-2-2026.html
2026-02-25 20:02:12,010 - DEBUG - scraping.utils - Bicycle reference: 64303
2026-02-25 20:02:12,106 - DEBUG - scraping.utils - New price history saved: 2026-02-25 : 3299.00
2026-02-25 20:02:12,106 - DEBUG - scraping.utils - Bicycle_index: 7
2026-02-25 20:02:12,106 - DEBUG - scraping.utils - Bicycle href: https://www.bikingpoint.es/es/bicicletas/electricas/bicicleta-giant-trance-x-e-2-pro-29.html
2026-02-25 20:02:12,569 - DEBUG - scraping.utils - Bicycle reference: 28119
2026-02-25 20:02:12,666 - DEBUG - scraping.utils - New price history saved: 2026-02-25 : 3299.00
2026-02-25 20:02:12,666 - DEBUG - scraping.utils - Bicycle_index: 8
2026-02-25 20:02:12,666 - DEBUG - scraping.utils - Bicycle href: https://www.bikingpoint.es/es/bicicletas/carretera/carretera-massi/bicicleta-massi-arrow-race-105-disc-di2-carbo.html
2026-02-25 20:02:13,234 - DEBUG - scraping.utils - Bicycle reference: 59928
2026-02-25 20:02:13,332 - DEBUG - scraping.utils - New price history saved: 2026-02-25 : 3299.00
2026-02-25 20:02:13,332 - DEBUG - scraping.utils - Bicycle_index: 9
2026-02-25 20:02:13,332 - DEBUG - scraping.utils - Bicycle href: https://www.bikingpoint.es/es/bicicletas/mtb-rigidas/bicicleta-massi-pro-29-elite-2026.html
2026-02-25 20:02:13,897 - DEBUG - scraping.utils - Bicycle reference: 61663
2026-02-25 20:02:13,993 - DEBUG - scraping.utils - New price history saved: 2026-02-25 : 3299.00
2026-02-25 20:02:13,993 - DEBUG - scraping.utils - Bicycle_index: 10
2026-02-25 20:02:13,993 - DEBUG - scraping.utils - Bicycle href: https://www.bikingpoint.es/es/bicicletas/carretera/carretera-massi/team-2-race/bicicleta-massi-team-2-105-12v-xtech-2026.html
2026-02-25 20:02:14,523 - DEBUG - scraping.utils - Bicycle reference: 63202
2026-02-25 20:02:14,622 - DEBUG - scraping.utils - New price history saved: 2026-02-25 : 3299.00
2026-02-25 20:02:14,622 - DEBUG - scraping.utils - Bicycle_index: 11
2026-02-25 20:02:14,622 - DEBUG - scraping.utils - Bicycle href: https://www.bikingpoint.es/es/bicicletas/carretera/carretera-giant/bicicleta-giant-tcr-advanced-1-pro-compact-2026.html
2026-02-25 20:02:15,095 - DEBUG - scraping.utils - Bicycle reference: 35654
2026-02-25 20:02:15,193 - DEBUG - scraping.utils - New price history saved: 2026-02-25 : 3299.00
2026-02-25 20:02:15,193 - DEBUG - scraping.utils - Bicycle_index: 12
2026-02-25 20:02:15,193 - DEBUG - scraping.utils - Bicycle href: https://www.bikingpoint.es/es/bicicletas/ciclocross/ciclocross-massi/bicicleta-massi-across-carbon-grx-1x12-green-2026.html
2026-02-25 20:02:15,764 - DEBUG - scraping.utils - Bicycle reference: 632381
2026-02-25 20:02:15,865 - DEBUG - scraping.utils - New price history saved: 2026-02-25 : 3299.00
2026-02-25 20:02:15,866 - DEBUG - scraping.utils - Bicycle_index: 13
2026-02-25 20:02:15,866 - DEBUG - scraping.utils - Bicycle href: https://www.bikingpoint.es/es/bicicletas/ciclocross/ciclocross-massi/bicicleta-massi-across-carbon-grx-1x12.html
2026-02-25 20:02:16,361 - DEBUG - scraping.utils - Bicycle reference: 61715
2026-02-25 20:02:16,460 - DEBUG - scraping.utils - New price history saved: 2026-02-25 : 3299.00
2026-02-25 20:02:16,460 - DEBUG - scraping.utils - Bicycle_index: 14
2026-02-25 20:02:16,461 - DEBUG - scraping.utils - Bicycle href: https://www.bikingpoint.es/es/bicicletas/carretera/route-look/bicicleta-look-785-huez-disc-105-proteam-2025.html
2026-02-25 20:02:16,977 - DEBUG - scraping.utils - Bicycle reference: 61912
2026-02-25 20:02:17,068 - DEBUG - scraping.utils - New price history saved: 2026-02-25 : 3290.00
2026-02-25 20:02:17,068 - DEBUG - scraping.utils - Bicycle_index: 15
2026-02-25 20:02:17,068 - DEBUG - scraping.utils - Bicycle href: https://www.bikingpoint.es/es/bicicleta-massi-aire-carbon-sl-29-comp-1x12-2025.html
2026-02-25 20:02:17,621 - DEBUG - scraping.utils - Bicycle reference: 61655
2026-02-25 20:02:17,715 - DEBUG - scraping.utils - New price history saved: 2026-02-25 : 3279.20
2026-02-25 20:02:22,788 - DEBUG - scraping.utils - create_bicycles started for biking_point with 15 product_elements_html finded on the page
2026-02-25 20:02:22,788 - DEBUG - scraping.utils - Bicycle references saved in DB: [35563, 35515, 631941, 61563, 30465, 62776, 62667, 626671, 35477, 35475, 34209, 35480, 35478, 35813, 34548, 626681, 62771, 63195, 34210, 35556, 63076, 62668, 34490, 35500, 35658, 27890, 35651, 33495, 35659, 34694, 63291, 61562, 35497, 35503, 61668, 30703, 35483, 34195, 626691, 61572, 34136, 61621, 631966, 35702, 35628, 35123, 63596, 35494, 61568, 61674, 61869, 63196, 34171, 35504, 35498, 63210, 30688, 34632, 30937, 61576, 35488, 63593, 35490, 62677, 32784, 631971, 31063, 33154, 61624, 28114, 35653, 60064, 29404, 30487, 34196, 30476, 35495, 35621, 63594, 59926, 61648, 34185, 60063, 60077, 61628, 60081, 629721, 35998, 34014, 34013, 35817, 35662, 64920, 29347, 60067, 35499, 57695, 34175, 34198, 28329, 61611, 63214, 59831, 57126, 28174, 30480, 34004, 35220, 27385, 35664, 61613, 59927, 31141, 35552, 35923, 61715, 63202, 35654, 64303, 28119, 59928, 61663, 63238, 35663, 632381, 61912, 61655, 59917, 27384, 59971, 57733, 60083, 30938, 31077, 33991, 35828, 35865, 34206, 61716, 57157, 30966, 28175, 28121, 63215, 30489, 30492, 60200, 35496, 30490, 33417, 60445, 60071, 61656, 61664, 62799, 35666, 35797, 57700, 34187, 35983, 28176, 35590, 35427, 61709, 34200, 35655, 35667, 61659, 35661, 64758, 35800, 29315, 61069, 34001, 635371, 34049, 63207, 61710, 35706, 61660, 59920, 59932, 35993, 34643, 27255, 53006, 32193, 35492, 35115, 33990, 32772, 58609, 62660, 35939, 27744, 30840, 626601, 57978, 61661, 27257, 28254, 31164, 61315, 31568, 63560, 28584, 30244, 61272, 27755, 35751, 34517, 25268, 54138, 27548, 27256, 61729, 35705, 58381, 33987, 27258, 31163, 64827, 27754, 35656, 27728, 62659, 626591, 27750, 61728, 35777, 27752, 60664, 35892, 28180, 61732, 33153, 64572, 35825, 35681, 35493, 35610, 60103, 60397, 27407, 35099, 35648, 61727, 35891, 61733, 36044, 64995, 61725, 61724, 56041, 62234, 33456, 32962, 62235, 27406, 35381, 35591, 35672, 63998, 62241, 35963, 55590, 57792, 31912, 35622, 34184, 35988, 53965, 57803, 57802, 35624, 31821, 35203, 35682, 35207, 35205, 35206, 35204, 35668, 35625, 35623, 28330, 35890, 31837, 35673, 63211, 34663, 30483, 60246, 31591, 34919, 34666, 31140, 34003, 31078, 33919, 30484, 27254, 35369, 35097, 35201]
2026-02-25 20:02:22,788 - DEBUG - scraping.utils - Bicycle_index: 1
2026-02-25 20:02:22,788 - DEBUG - scraping.utils - Bicycle href: https://www.bikingpoint.es/es/bicicletas/carretera/carretera-massi/bicicleta-massi-team-race-105-disc-di2-carbon-2023.html
2026-02-25 20:02:23,233 - DEBUG - scraping.utils - Bicycle reference: 59917
2026-02-25 20:02:23,326 - DEBUG - scraping.utils - New price history saved: 2026-02-25 : 3199.20
2026-02-25 20:02:23,327 - DEBUG - scraping.utils - Bicycle_index: 2
2026-02-25 20:02:23,327 - DEBUG - scraping.utils - Bicycle href: https://www.bikingpoint.es/es/bicicletas/doccasion/bicicleta-bmc-team-machine-slr-2022-t-56-2a-mano.html
2026-02-25 20:02:23,812 - DEBUG - scraping.utils - Bicycle reference: 35552
2026-02-25 20:02:23,902 - DEBUG - scraping.utils - New price history saved: 2026-02-25 : 3199.00
2026-02-25 20:02:23,903 - DEBUG - scraping.utils - Bicycle_index: 3
2026-02-25 20:02:23,903 - DEBUG - scraping.utils - Bicycle href: https://www.bikingpoint.es/es/bicicletas/electricas/bicicleta-scott-strike-eride-930.html
2026-02-25 20:02:24,421 - DEBUG - scraping.utils - Bicycle reference: 27384
2026-02-25 20:02:24,512 - DEBUG - scraping.utils - New price history saved: 2026-02-25 : 3199.00
2026-02-25 20:02:24,513 - DEBUG - scraping.utils - Bicycle_index: 4
2026-02-25 20:02:24,513 - DEBUG - scraping.utils - Bicycle href: https://www.bikingpoint.es/es/bicicleta-massi-aire-carbon-sl-29-comp-plus.html
2026-02-25 20:02:25,066 - DEBUG - scraping.utils - Bicycle reference: 59971
2026-02-25 20:02:25,158 - DEBUG - scraping.utils - New price history saved: 2026-02-25 : 3039.20
2026-02-25 20:02:25,158 - DEBUG - scraping.utils - Bicycle_index: 5
2026-02-25 20:02:25,158 - DEBUG - scraping.utils - Bicycle href: https://www.bikingpoint.es/es/bicicleta-scott-spark-rc-comp-2025.html
2026-02-25 20:02:25,763 - DEBUG - scraping.utils - Bicycle reference: 34206
2026-02-25 20:02:25,855 - DEBUG - scraping.utils - New price history saved: 2026-02-25 : 2999.00
2026-02-25 20:02:25,855 - DEBUG - scraping.utils - Bicycle_index: 6
2026-02-25 20:02:25,855 - DEBUG - scraping.utils - Bicycle href: https://www.bikingpoint.es/es/bicicleta-giant-anthem-advanced-pro-29-2.html
2026-02-25 20:02:26,377 - DEBUG - scraping.utils - Bicycle reference: 28175
2026-02-25 20:02:26,469 - DEBUG - scraping.utils - New price history saved: 2026-02-25 : 2999.00
2026-02-25 20:02:26,469 - DEBUG - scraping.utils - Bicycle_index: 7
2026-02-25 20:02:26,470 - DEBUG - scraping.utils - Bicycle href: https://www.bikingpoint.es/es/bicicletas/electricas/bicicleta-massi-k2-29-630wh-e7000-pro-2025.html
2026-02-25 20:02:26,951 - DEBUG - scraping.utils - Bicycle reference: 60246
2026-02-25 20:02:27,043 - DEBUG - scraping.utils - New price history saved: 2026-02-25 : 2999.00
2026-02-25 20:02:27,043 - DEBUG - scraping.utils - Bicycle_index: 8
2026-02-25 20:02:27,043 - DEBUG - scraping.utils - Bicycle href: https://www.bikingpoint.es/es/ciber-monday/bicicleta-look-765-rs-db-petrol-rival-red500.html
2026-02-25 20:02:27,534 - DEBUG - scraping.utils - Bicycle reference: 57157
2026-02-25 20:02:27,629 - DEBUG - scraping.utils - New price history saved: 2026-02-25 : 2999.00
2026-02-25 20:02:27,629 - DEBUG - scraping.utils - Bicycle_index: 9
2026-02-25 20:02:27,630 - DEBUG - scraping.utils - Bicycle href: https://www.bikingpoint.es/es/bicicletas/electricas/bicicleta-giant-stance-e-1-29-2025.html
2026-02-25 20:02:28,144 - DEBUG - scraping.utils - Bicycle reference: 30938
2026-02-25 20:02:28,235 - DEBUG - scraping.utils - New price history saved: 2026-02-25 : 2999.00
2026-02-25 20:02:28,236 - DEBUG - scraping.utils - Bicycle_index: 10
2026-02-25 20:02:28,236 - DEBUG - scraping.utils - Bicycle href: https://www.bikingpoint.es/es/bicicleta-scott-spark-930-white-2023.html
2026-02-25 20:02:28,728 - DEBUG - scraping.utils - Bicycle reference: 31077
2026-02-25 20:02:28,826 - DEBUG - scraping.utils - New price history saved: 2026-02-25 : 2999.00
2026-02-25 20:02:28,826 - DEBUG - scraping.utils - Bicycle_index: 11
2026-02-25 20:02:28,827 - DEBUG - scraping.utils - Bicycle href: https://www.bikingpoint.es/es/ciber-monday/bicicleta-giant-revolt-advanced-0-2025.html
2026-02-25 20:02:29,340 - DEBUG - scraping.utils - Bicycle reference: 33991
2026-02-25 20:02:29,430 - DEBUG - scraping.utils - New price history saved: 2026-02-25 : 2999.00
2026-02-25 20:02:29,431 - DEBUG - scraping.utils - Bicycle_index: 12
2026-02-25 20:02:29,431 - DEBUG - scraping.utils - Bicycle href: https://www.bikingpoint.es/es/bicicletas/doccasion/bicicleta-orbea-orca-aero-m20-2023-t-m-2a-mano.html
2026-02-25 20:02:29,934 - DEBUG - scraping.utils - Bicycle reference: 35828
2026-02-25 20:02:30,026 - DEBUG - scraping.utils - New price history saved: 2026-02-25 : 2999.00
2026-02-25 20:02:30,026 - DEBUG - scraping.utils - Bicycle_index: 13
2026-02-25 20:02:30,026 - DEBUG - scraping.utils - Bicycle href: https://www.bikingpoint.es/es/bicicletas/ciclocross/ciclocross-massi/bicicleta-massi-team-gravel-ultegra-2x11.html
2026-02-25 20:02:30,542 - DEBUG - scraping.utils - Bicycle reference: 57733
2026-02-25 20:02:30,641 - DEBUG - scraping.utils - New price history saved: 2026-02-25 : 2999.00
2026-02-25 20:02:30,641 - DEBUG - scraping.utils - Bicycle_index: 14
2026-02-25 20:02:30,642 - DEBUG - scraping.utils - Bicycle href: https://www.bikingpoint.es/es/bicicletas/mtb-rigidas/bicicleta-massi-pro-29-elite-1x12.html
2026-02-25 20:02:31,174 - DEBUG - scraping.utils - Bicycle reference: 60083
2026-02-25 20:02:31,264 - DEBUG - scraping.utils - New price history saved: 2026-02-25 : 2999.00
2026-02-25 20:02:31,264 - DEBUG - scraping.utils - Bicycle_index: 15
2026-02-25 20:02:31,264 - DEBUG - scraping.utils - Bicycle href: https://www.bikingpoint.es/es/bicicletas/carretera/carretera-scott/bicicleta-scott-addict-rc-15-t-l-ed-esp.html
2026-02-25 20:02:31,667 - DEBUG - scraping.utils - Bicycle reference: 30966
2026-02-25 20:02:31,760 - DEBUG - scraping.utils - New price history saved: 2026-02-25 : 2999.00
2026-02-25 20:02:36,360 - DEBUG - scraping.utils - create_bicycles started for biking_point with 15 product_elements_html finded on the page
2026-02-25 20:02:36,360 - DEBUG - scraping.utils - Bicycle references saved in DB: [35563, 35515, 631941, 61563, 30465, 62776, 62667, 626671, 35477, 35475, 34209, 35480, 35478, 35813, 34548, 626681, 62771, 63195, 34210, 35556, 63076, 62668, 34490, 35500, 35658, 27890, 35651, 33495, 35659, 34694, 63291, 61562, 35497, 35503, 61668, 30703, 35483, 34195, 626691, 61572, 34136, 61621, 631966, 35702, 35628, 35123, 63596, 35494, 61568, 61674, 61869, 63196, 34171, 35504, 35498, 63210, 30688, 34632, 30937, 61576, 35488, 63593, 35490, 62677, 32784, 631971, 31063, 33154, 61624, 28114, 35653, 60064, 29404, 30487, 34196, 30476, 35495, 35621, 63594, 59926, 61648, 34185, 60063, 60077, 61628, 60081, 629721, 35998, 34014, 34013, 35817, 35662, 64920, 29347, 60067, 35499, 57695, 34175, 34198, 28329, 61611, 63214, 59831, 57126, 28174, 30480, 34004, 35220, 27385, 35664, 61613, 59927, 31141, 35552, 35923, 61715, 63202, 35654, 64303, 28119, 59928, 61663, 63238, 35663, 632381, 61912, 61655, 59917, 27384, 59971, 57733, 60083, 30938, 31077, 33991, 35828, 35865, 34206, 61716, 57157, 30966, 28175, 28121, 63215, 30489, 30492, 60200, 35496, 30490, 33417, 60445, 60071, 61656, 61664, 62799, 35666, 35797, 57700, 34187, 35983, 28176, 35590, 35427, 61709, 34200, 35655, 35667, 61659, 35661, 64758, 35800, 29315, 61069, 34001, 635371, 34049, 63207, 61710, 35706, 61660, 59920, 59932, 35993, 34643, 27255, 53006, 32193, 35492, 35115, 33990, 32772, 58609, 62660, 35939, 27744, 30840, 626601, 57978, 61661, 27257, 28254, 31164, 61315, 31568, 63560, 28584, 30244, 61272, 27755, 35751, 34517, 25268, 54138, 27548, 27256, 61729, 35705, 58381, 33987, 27258, 31163, 64827, 27754, 35656, 27728, 62659, 626591, 27750, 61728, 35777, 27752, 60664, 35892, 28180, 61732, 33153, 64572, 35825, 35681, 35493, 35610, 60103, 60397, 27407, 35099, 35648, 61727, 35891, 61733, 36044, 64995, 61725, 61724, 56041, 62234, 33456, 32962, 62235, 27406, 35381, 35591, 35672, 63998, 62241, 35963, 55590, 57792, 31912, 35622, 34184, 35988, 53965, 57803, 57802, 35624, 31821, 35203, 35682, 35207, 35205, 35206, 35204, 35668, 35625, 35623, 28330, 35890, 31837, 35673, 63211, 34663, 30483, 60246, 31591, 34919, 34666, 31140, 34003, 31078, 33919, 30484, 27254, 35369, 35097, 35201]
2026-02-25 20:02:36,360 - DEBUG - scraping.utils - Bicycle_index: 1
2026-02-25 20:02:36,360 - DEBUG - scraping.utils - Bicycle href: https://www.bikingpoint.es/es/bicicletas/ciclocross/bicicleta-giant-revolt-advanced-2-2026.html
2026-02-25 20:02:36,813 - DEBUG - scraping.utils - Bicycle reference: 35865
2026-02-25 20:02:36,913 - DEBUG - scraping.utils - New price history saved: 2026-02-25 : 2999.00
2026-02-25 20:02:36,914 - DEBUG - scraping.utils - Bicycle_index: 2
2026-02-25 20:02:36,914 - DEBUG - scraping.utils - Bicycle href: https://www.bikingpoint.es/es/ciber-monday/bicicleta-giant-trance-x-e-3-pro-29-2022.html
2026-02-25 20:02:37,450 - DEBUG - scraping.utils - Bicycle reference: 28121
2026-02-25 20:02:37,546 - DEBUG - scraping.utils - New price history saved: 2026-02-25 : 2899.00
2026-02-25 20:02:37,546 - DEBUG - scraping.utils - Bicycle_index: 3
2026-02-25 20:02:37,547 - DEBUG - scraping.utils - Bicycle href: https://www.bikingpoint.es/es/bicicletas/carretera/carretera-scott/bicicleta-scott-addict-rc-20-2024.html
2026-02-25 20:02:38,090 - DEBUG - scraping.utils - Bicycle reference: 30489
2026-02-25 20:02:38,186 - DEBUG - scraping.utils - New price history saved: 2026-02-25 : 2899.00
2026-02-25 20:02:38,186 - DEBUG - scraping.utils - Bicycle_index: 4
2026-02-25 20:02:38,186 - DEBUG - scraping.utils - Bicycle href: https://www.bikingpoint.es/es/bicicletas/carretera/carretera-scott/bicicleta-scott-addict-rc-40-2023.html
2026-02-25 20:02:38,624 - DEBUG - scraping.utils - Bicycle reference: 30492
2026-02-25 20:02:38,720 - DEBUG - scraping.utils - New price history saved: 2026-02-25 : 2899.00
2026-02-25 20:02:38,720 - DEBUG - scraping.utils - Bicycle_index: 5
2026-02-25 20:02:38,721 - DEBUG - scraping.utils - Bicycle href: https://www.bikingpoint.es/es/bicicletas/carretera/carretera-massi/team-2-race/bicicleta-massi-team-2-race-105-12v-db-2026.html
2026-02-25 20:02:39,172 - DEBUG - scraping.utils - Bicycle reference: 63215
2026-02-25 20:02:39,266 - DEBUG - scraping.utils - New price history saved: 2026-02-25 : 2899.00
2026-02-25 20:02:39,266 - DEBUG - scraping.utils - Bicycle_index: 6
2026-02-25 20:02:39,266 - DEBUG - scraping.utils - Bicycle href: https://www.bikingpoint.es/es/bicicleta-massi-aire-carbon-sl-29-tech-venom-t-s-31591.html
2026-02-25 20:02:39,844 - DEBUG - scraping.utils - Bicycle reference: 31591
2026-02-25 20:02:39,939 - DEBUG - scraping.utils - New price history saved: 2026-02-25 : 2879.20
2026-02-25 20:02:39,939 - DEBUG - scraping.utils - Bicycle_index: 7
2026-02-25 20:02:39,939 - DEBUG - scraping.utils - Bicycle href: https://www.bikingpoint.es/es/bicicletas/ciclocross/ciclocross-massi/bicicleta-massi-team-gravel-grx-1x11.html
2026-02-25 20:02:43,108 - DEBUG - scraping.utils - Bicycle reference: 60200
2026-02-25 20:02:43,202 - DEBUG - scraping.utils - New price history saved: 2026-02-25 : 2879.00
2026-02-25 20:02:43,202 - DEBUG - scraping.utils - Bicycle_index: 8
2026-02-25 20:02:43,203 - DEBUG - scraping.utils - Bicycle href: https://www.bikingpoint.es/es/bicicletas/carretera/carretera-scott/bicicleta-scott-addict-rc-30.html
2026-02-25 20:02:43,739 - DEBUG - scraping.utils - Bicycle reference: 30490
2026-02-25 20:02:43,838 - DEBUG - scraping.utils - New price history saved: 2026-02-25 : 2849.00
2026-02-25 20:02:43,839 - DEBUG - scraping.utils - Bicycle_index: 9
2026-02-25 20:02:43,839 - DEBUG - scraping.utils - Bicycle href: https://www.bikingpoint.es/es/bicicletas/ciclocross/bicicleta-scott-addict-gravel-30-white-2026.html
2026-02-25 20:02:44,476 - DEBUG - scraping.utils - Bicycle reference: 35496
2026-02-25 20:02:44,576 - DEBUG - scraping.utils - New price history saved: 2026-02-25 : 2849.00
2026-02-25 20:02:44,576 - DEBUG - scraping.utils - Bicycle_index: 10
2026-02-25 20:02:44,576 - DEBUG - scraping.utils - Bicycle href: https://www.bikingpoint.es/es/bicicletas/carretera/carretera-scott/bicicleta-scott-foil-rc-30-2024.html
2026-02-25 20:02:45,035 - DEBUG - scraping.utils - Bicycle reference: 33417
2026-02-25 20:02:45,129 - DEBUG - scraping.utils - New price history saved: 2026-02-25 : 2799.94
2026-02-25 20:02:45,129 - DEBUG - scraping.utils - Bicycle_index: 11
2026-02-25 20:02:45,129 - DEBUG - scraping.utils - Bicycle href: https://www.bikingpoint.es/es/bicicletas/carretera/carretera-massi/bicicleta-massi-team-race-105-di2-12v.html
2026-02-25 20:02:45,709 - DEBUG - scraping.utils - Bicycle reference: 60445
2026-02-25 20:02:45,804 - DEBUG - scraping.utils - New price history saved: 2026-02-25 : 2799.20
2026-02-25 20:02:45,804 - DEBUG - scraping.utils - Bicycle_index: 12
2026-02-25 20:02:45,804 - DEBUG - scraping.utils - Bicycle href: https://www.bikingpoint.es/es/bicicleta-massi-aire-carbon-sl-29-tech-1x12v.html
2026-02-25 20:02:46,320 - DEBUG - scraping.utils - Bicycle reference: 60071
2026-02-25 20:02:46,421 - DEBUG - scraping.utils - New price history saved: 2026-02-25 : 2799.20
2026-02-25 20:02:46,421 - DEBUG - scraping.utils - Bicycle_index: 13
2026-02-25 20:02:46,421 - DEBUG - scraping.utils - Bicycle href: https://www.bikingpoint.es/es/bicicleta-massi-aire-carbon-sl-29-tech-1x12-2025.html
2026-02-25 20:02:47,015 - DEBUG - scraping.utils - Bicycle reference: 61656
2026-02-25 20:02:47,109 - DEBUG - scraping.utils - New price history saved: 2026-02-25 : 2799.20
2026-02-25 20:02:47,109 - DEBUG - scraping.utils - Bicycle_index: 14
2026-02-25 20:02:47,109 - DEBUG - scraping.utils - Bicycle href: https://www.bikingpoint.es/es/bicicletas/mtb-rigidas/bicicleta-massi-pro-29-performance-1x12-2026.html
2026-02-25 20:02:47,589 - DEBUG - scraping.utils - Bicycle reference: 61664
2026-02-25 20:02:47,686 - DEBUG - scraping.utils - New price history saved: 2026-02-25 : 2799.00
2026-02-25 20:02:47,687 - DEBUG - scraping.utils - Bicycle_index: 15
2026-02-25 20:02:47,687 - DEBUG - scraping.utils - Bicycle href: https://www.bikingpoint.es/es/bicicletas/ciclocross/bicicleta-look-765-gravel-apex-1x12-red-dust-2025.html
2026-02-25 20:02:48,473 - DEBUG - scraping.utils - Bicycle reference: 62799
2026-02-25 20:02:48,566 - DEBUG - scraping.utils - New price history saved: 2026-02-25 : 2799.00
bicycle_references_not_in_web: [35563, 35515, 631941, 61563, 30465, 62776, 62667, 626671, 35477, 35475, 34209, 35480, 35478, 35813, 34548, 626681, 62771, 63195, 34210, 35556, 63076, 62668, 34490, 35500, 35658, 27890, 35651, 33495, 35659, 34694, 63291, 61562, 35497, 35503, 61668, 30703, 35483, 34195, 626691, 61572, 34136, 61621, 631966, 35702, 35628, 35123, 63596, 35494, 61568, 61674, 61869, 63196, 34171, 35504, 35498, 63210, 30688, 34632, 30937, 61576, 35488, 63593, 35490, 62677, 32784, 631971, 31063, 33154, 61624, 28114, 35653, 60064, 29404, 30487, 34196, 30476, 35495, 35621, 63594, 59926, 61648, 34185, 60063, 60077, 61628, 60081, 629721, 35998, 34014, 34013, 35817, 35662, 64920, 29347, 60067, 35499, 57695, 34175, 34198, 28329, 61611, 63214, 59831, 57126, 28174, 30480, 34004, 35220, 27385, 35664, 61613, 59927, 31141, 35552, 35923, 61715, 63202, 35654, 64303, 28119, 59928, 61663, 63238, 35663, 632381, 61912, 61655, 59917, 27384, 59971, 57733, 60083, 30938, 31077, 33991, 35828, 35865, 34206, 61716, 57157, 30966, 28175, 28121, 63215, 30489, 30492, 60200, 35496, 30490, 33417, 60445, 60071, 61656, 61664, 62799, 35666, 35797, 57700, 34187, 35983, 28176, 35590, 35427, 61709, 34200, 35655, 35667, 61659, 35661, 64758, 35800, 29315, 61069, 34001, 635371, 34049, 63207, 61710, 35706, 61660, 59920, 59932, 35993, 34643, 27255, 53006, 32193, 35492, 35115, 33990, 32772, 58609, 62660, 35939, 27744, 30840, 626601, 57978, 61661, 27257, 28254, 31164, 61315, 31568, 63560, 28584, 30244, 61272, 27755, 35751, 34517, 25268, 54138, 27548, 27256, 61729, 35705, 58381, 33987, 27258, 31163, 64827, 27754, 35656, 27728, 62659, 626591, 27750, 61728, 35777, 27752, 60664, 35892, 28180, 61732, 33153, 64572, 35825, 35681, 35493, 35610, 60103, 60397, 27407, 35099, 35648, 61727, 35891, 61733, 36044, 64995, 61725, 61724, 56041, 62234, 33456, 32962, 62235, 27406, 35381, 35591, 35672, 63998, 62241, 35963, 55590, 57792, 31912, 35622, 34184, 35988, 53965, 57803, 57802, 35624, 31821, 35203, 35682, 35207, 35205, 35206, 35204, 35668, 35625, 35623, 28330, 35890, 31837, 35673, 63211, 34663, 30483, 60246, 31591, 34919, 34666, 31140, 34003, 31078, 33919, 30484, 27254, 35369, 35097, 35201]
url: https://www.bikingpoint.es/es/bicicletas.html/?p=8
Página 8: Encontradas 15 bicicletas
bicycle_references_not_in_web: [35563, 35515, 631941, 61563, 30465, 62776, 62667, 626671, 35477, 35475, 34209, 35480, 35478, 35813, 34548, 626681, 62771, 63195, 34210, 35556, 63076, 62668, 34490, 35500, 35658, 27890, 35651, 33495, 35659, 34694, 63291, 61562, 35497, 35503, 61668, 30703, 35483, 34195, 626691, 61572, 34136, 61621, 631966, 35702, 35628, 35123, 63596, 35494, 61568, 61674, 61869, 63196, 34171, 35504, 35498, 63210, 30688, 34632, 30937, 61576, 35488, 63593, 35490, 62677, 32784, 631971, 31063, 33154, 61624, 28114, 35653, 60064, 29404, 30487, 34196, 30476, 35495, 35621, 63594, 59926, 61648, 34185, 60063, 60077, 61628, 60081, 629721, 35998, 34014, 34013, 35817, 35662, 64920, 29347, 60067, 35499, 57695, 34175, 34198, 28329, 61611, 63214, 59831, 57126, 28174, 30480, 34004, 35220, 27385, 35664, 61613, 59927, 31141, 35552, 35923, 61715, 63202, 35654, 64303, 28119, 59928, 61663, 63238, 35663, 632381, 61912, 61655, 59917, 27384, 59971, 57733, 60083, 30938, 31077, 33991, 35828, 35865, 34206, 61716, 57157, 30966, 28175, 28121, 63215, 30489, 30492, 60200, 35496, 30490, 33417, 60445, 60071, 61656, 61664, 62799, 35666, 35797, 57700, 34187, 35983, 28176, 35590, 35427, 61709, 34200, 35655, 35667, 61659, 35661, 64758, 35800, 29315, 61069, 34001, 635371, 34049, 63207, 61710, 35706, 61660, 59920, 59932, 35993, 34643, 27255, 53006, 32193, 35492, 35115, 33990, 32772, 58609, 62660, 35939, 27744, 30840, 626601, 57978, 61661, 27257, 28254, 31164, 61315, 31568, 63560, 28584, 30244, 61272, 27755, 35751, 34517, 25268, 54138, 27548, 27256, 61729, 35705, 58381, 33987, 27258, 31163, 64827, 27754, 35656, 27728, 62659, 626591, 27750, 61728, 35777, 27752, 60664, 35892, 28180, 61732, 33153, 64572, 35825, 35681, 35493, 35610, 60103, 60397, 27407, 35099, 35648, 61727, 35891, 61733, 36044, 64995, 61725, 61724, 56041, 62234, 33456, 32962, 62235, 27406, 35381, 35591, 35672, 63998, 62241, 35963, 55590, 57792, 31912, 35622, 34184, 35988, 53965, 57803, 57802, 35624, 31821, 35203, 35682, 35207, 35205, 35206, 35204, 35668, 35625, 35623, 28330, 35890, 31837, 35673, 63211, 34663, 30483, 60246, 31591, 34919, 34666, 31140, 34003, 31078, 33919, 30484, 27254, 35369, 35097, 35201]
url: https://www.bikingpoint.es/es/bicicletas.html/?p=9
Página 9: Encontradas 15 bicicletas
bicycle_references_not_in_web: [35563, 35515, 631941, 61563, 30465, 62776, 62667, 626671, 35477, 35475, 34209, 35480, 35478, 35813, 34548, 626681, 62771, 63195, 34210, 35556, 63076, 62668, 34490, 35500, 35658, 27890, 35651, 33495, 35659, 34694, 63291, 61562, 35497, 35503, 61668, 30703, 35483, 34195, 626691, 61572, 34136, 61621, 631966, 35702, 35628, 35123, 63596, 35494, 61568, 61674, 61869, 63196, 34171, 35504, 35498, 63210, 30688, 34632, 30937, 61576, 35488, 63593, 35490, 62677, 32784, 631971, 31063, 33154, 61624, 28114, 35653, 60064, 29404, 30487, 34196, 30476, 35495, 35621, 63594, 59926, 61648, 34185, 60063, 60077, 61628, 60081, 629721, 35998, 34014, 34013, 35817, 35662, 64920, 29347, 60067, 35499, 57695, 34175, 34198, 28329, 61611, 63214, 59831, 57126, 28174, 30480, 34004, 35220, 27385, 35664, 61613, 59927, 31141, 35552, 35923, 61715, 63202, 35654, 64303, 28119, 59928, 61663, 63238, 35663, 632381, 61912, 61655, 59917, 27384, 59971, 57733, 60083, 30938, 31077, 33991, 35828, 35865, 34206, 61716, 57157, 30966, 28175, 28121, 63215, 30489, 30492, 60200, 35496, 30490, 33417, 60445, 60071, 61656, 61664, 62799, 35666, 35797, 57700, 34187, 35983, 28176, 35590, 35427, 61709, 34200, 35655, 35667, 61659, 35661, 64758, 35800, 29315, 61069, 34001, 635371, 34049, 63207, 61710, 35706, 61660, 59920, 59932, 35993, 34643, 27255, 53006, 32193, 35492, 35115, 33990, 32772, 58609, 62660, 35939, 27744, 30840, 626601, 57978, 61661, 27257, 28254, 31164, 61315, 31568, 63560, 28584, 30244, 61272, 27755, 35751, 34517, 25268, 54138, 27548, 27256, 61729, 35705, 58381, 33987, 27258, 31163, 64827, 27754, 35656, 27728, 62659, 626591, 27750, 61728, 35777, 27752, 60664, 35892, 28180, 61732, 33153, 64572, 35825, 35681, 35493, 35610, 60103, 60397, 27407, 35099, 35648, 61727, 35891, 61733, 36044, 64995, 61725, 61724, 56041, 62234, 33456, 32962, 62235, 27406, 35381, 35591, 35672, 63998, 62241, 35963, 55590, 57792, 31912, 35622, 34184, 35988, 53965, 57803, 57802, 35624, 31821, 35203, 35682, 35207, 35205, 35206, 35204, 35668, 35625, 35623, 28330, 35890, 31837, 35673, 63211, 34663, 30483, 60246, 31591, 34919, 34666, 31140, 34003, 31078, 33919, 30484, 27254, 35369, 35097, 35201]
url: https://www.bikingpoint.es/es/bicicletas.html/?p=10
Página 10: Encontradas 15 bicicletas
2026-02-25 20:02:55,039 - DEBUG - scraping.utils - create_bicycles started for biking_point with 15 product_elements_html finded on the page
2026-02-25 20:02:55,039 - DEBUG - scraping.utils - Bicycle references saved in DB: [35563, 35515, 631941, 61563, 30465, 62776, 62667, 626671, 35477, 35475, 34209, 35480, 35478, 35813, 34548, 626681, 62771, 63195, 34210, 35556, 63076, 62668, 34490, 35500, 35658, 27890, 35651, 33495, 35659, 34694, 63291, 61562, 35497, 35503, 61668, 30703, 35483, 34195, 626691, 61572, 34136, 61621, 631966, 35702, 35628, 35123, 63596, 35494, 61568, 61674, 61869, 63196, 34171, 35504, 35498, 63210, 30688, 34632, 30937, 61576, 35488, 63593, 35490, 62677, 32784, 631971, 31063, 33154, 61624, 28114, 35653, 60064, 29404, 30487, 34196, 30476, 35495, 35621, 63594, 59926, 61648, 34185, 60063, 60077, 61628, 60081, 629721, 35998, 34014, 34013, 35817, 35662, 64920, 29347, 60067, 35499, 57695, 34175, 34198, 28329, 61611, 63214, 59831, 57126, 28174, 30480, 34004, 35220, 27385, 35664, 61613, 59927, 31141, 35552, 35923, 61715, 63202, 35654, 64303, 28119, 59928, 61663, 63238, 35663, 632381, 61912, 61655, 59917, 27384, 59971, 57733, 60083, 30938, 31077, 33991, 35828, 35865, 34206, 61716, 57157, 30966, 28175, 28121, 63215, 30489, 30492, 60200, 35496, 30490, 33417, 60445, 60071, 61656, 61664, 62799, 35666, 35797, 57700, 34187, 35983, 28176, 35590, 35427, 61709, 34200, 35655, 35667, 61659, 35661, 64758, 35800, 29315, 61069, 34001, 635371, 34049, 63207, 61710, 35706, 61660, 59920, 59932, 35993, 34643, 27255, 53006, 32193, 35492, 35115, 33990, 32772, 58609, 62660, 35939, 27744, 30840, 626601, 57978, 61661, 27257, 28254, 31164, 61315, 31568, 63560, 28584, 30244, 61272, 27755, 35751, 34517, 25268, 54138, 27548, 27256, 61729, 35705, 58381, 33987, 27258, 31163, 64827, 27754, 35656, 27728, 62659, 626591, 27750, 61728, 35777, 27752, 60664, 35892, 28180, 61732, 33153, 64572, 35825, 35681, 35493, 35610, 60103, 60397, 27407, 35099, 35648, 61727, 35891, 61733, 36044, 64995, 61725, 61724, 56041, 62234, 33456, 32962, 62235, 27406, 35381, 35591, 35672, 63998, 62241, 35963, 55590, 57792, 31912, 35622, 34184, 35988, 53965, 57803, 57802, 35624, 31821, 35203, 35682, 35207, 35205, 35206, 35204, 35668, 35625, 35623, 28330, 35890, 31837, 35673, 63211, 34663, 30483, 60246, 31591, 34919, 34666, 31140, 34003, 31078, 33919, 30484, 27254, 35369, 35097, 35201]
2026-02-25 20:02:55,039 - DEBUG - scraping.utils - Bicycle_index: 1
2026-02-25 20:02:55,039 - DEBUG - scraping.utils - Bicycle href: https://www.bikingpoint.es/es/bicicletas/carretera/carretera-giant/bicicleta-giant-propel-advanced-2-2026.html
2026-02-25 20:02:55,682 - DEBUG - scraping.utils - Bicycle reference: 35797
2026-02-25 20:02:55,849 - DEBUG - scraping.utils - New price history saved: 2026-02-25 : 2799.00
2026-02-25 20:02:55,850 - DEBUG - scraping.utils - Bicycle_index: 2
2026-02-25 20:02:55,850 - DEBUG - scraping.utils - Bicycle href: https://www.bikingpoint.es/es/bicicletas/electricas/bicicleta-liv-tempt-e-ex-box-2026.html
2026-02-25 20:02:56,324 - DEBUG - scraping.utils - Bicycle reference: 35666
2026-02-25 20:02:56,412 - DEBUG - scraping.utils - New price history saved: 2026-02-25 : 2799.00
2026-02-25 20:02:56,412 - DEBUG - scraping.utils - Bicycle_index: 3
2026-02-25 20:02:56,412 - DEBUG - scraping.utils - Bicycle href: https://www.bikingpoint.es/es/bicicleta-massi-aire-carbon-sl-29-tech-1x12.html
2026-02-25 20:02:57,012 - DEBUG - scraping.utils - Bicycle reference: 57700
2026-02-25 20:02:57,109 - DEBUG - scraping.utils - New price history saved: 2026-02-25 : 2719.20
2026-02-25 20:02:57,109 - DEBUG - scraping.utils - Bicycle_index: 4
2026-02-25 20:02:57,110 - DEBUG - scraping.utils - Bicycle href: https://www.bikingpoint.es/es/bicicleta-giant-anthem-advanced-pro-29-3-2022.html
2026-02-25 20:02:57,533 - DEBUG - scraping.utils - Bicycle reference: 28176
2026-02-25 20:02:57,625 - DEBUG - scraping.utils - New price history saved: 2026-02-25 : 2699.00
2026-02-25 20:02:57,625 - DEBUG - scraping.utils - Bicycle_index: 5
2026-02-25 20:02:57,625 - DEBUG - scraping.utils - Bicycle href: https://www.bikingpoint.es/es/bicicletas/ciclocross/ciclocross-massi/bicicleta-massi-team-gravel-grx-1x11-2025.html
2026-02-25 20:02:58,210 - DEBUG - scraping.utils - Bicycle reference: 61709
2026-02-25 20:02:58,303 - DEBUG - scraping.utils - New price history saved: 2026-02-25 : 2699.00
2026-02-25 20:02:58,303 - DEBUG - scraping.utils - Bicycle_index: 6
2026-02-25 20:02:58,303 - DEBUG - scraping.utils - Bicycle href: https://www.bikingpoint.es/es/bicicletas/ciclocross/bicicleta-scott-addict-gravel-30-2025.html
2026-02-25 20:02:59,004 - DEBUG - scraping.utils - Bicycle reference: 34187
2026-02-25 20:02:59,158 - DEBUG - scraping.utils - New price history saved: 2026-02-25 : 2699.00
2026-02-25 20:02:59,158 - DEBUG - scraping.utils - Bicycle_index: 7
2026-02-25 20:02:59,158 - DEBUG - scraping.utils - Bicycle href: https://www.bikingpoint.es/es/bicicletas/doccasion/bicicleta-giant-stance-e-1-pro-29-2025-t-m-2a-man.html
2026-02-25 20:02:59,808 - DEBUG - scraping.utils - Bicycle reference: 35983
2026-02-25 20:02:59,900 - DEBUG - scraping.utils - New price history saved: 2026-02-25 : 2699.00
2026-02-25 20:02:59,900 - DEBUG - scraping.utils - Bicycle_index: 8
2026-02-25 20:02:59,900 - DEBUG - scraping.utils - Bicycle href: https://www.bikingpoint.es/es/bicicletas/mtb-rigidas/bicicleta-scott-scale-rc-team-2025.html
2026-02-25 20:03:00,401 - DEBUG - scraping.utils - Bicycle reference: 34200
2026-02-25 20:03:00,492 - DEBUG - scraping.utils - New price history saved: 2026-02-25 : 2660.00
2026-02-25 20:03:00,492 - DEBUG - scraping.utils - Bicycle_index: 9
2026-02-25 20:03:00,493 - DEBUG - scraping.utils - Bicycle href: https://www.bikingpoint.es/es/bicicletas/electricas/bicicleta-giant-talon-e-box-2026.html
2026-02-25 20:03:00,928 - DEBUG - scraping.utils - Bicycle reference: 35661
2026-02-25 20:03:01,026 - DEBUG - scraping.utils - New price history saved: 2026-02-25 : 2599.00
2026-02-25 20:03:01,027 - DEBUG - scraping.utils - Bicycle_index: 10
2026-02-25 20:03:01,027 - DEBUG - scraping.utils - Bicycle href: https://www.bikingpoint.es/es/bicicletas/electricas/bicicleta-liv-tempt-e-box-2026.html
2026-02-25 20:03:01,578 - DEBUG - scraping.utils - Bicycle reference: 35667
2026-02-25 20:03:01,670 - DEBUG - scraping.utils - New price history saved: 2026-02-25 : 2599.00
2026-02-25 20:03:01,670 - DEBUG - scraping.utils - Bicycle_index: 11
2026-02-25 20:03:01,670 - DEBUG - scraping.utils - Bicycle href: https://www.bikingpoint.es/es/bicicleta-scott-spark-rc-comp-blue-2023.html
2026-02-25 20:03:02,175 - DEBUG - scraping.utils - Bicycle reference: 30484
2026-02-25 20:03:02,267 - DEBUG - scraping.utils - New price history saved: 2026-02-25 : 2599.00
2026-02-25 20:03:02,267 - DEBUG - scraping.utils - Bicycle_index: 12
2026-02-25 20:03:02,267 - DEBUG - scraping.utils - Bicycle href: https://www.bikingpoint.es/es/bicicletas/ciclocross/bicicleta-giant-revolt-advanced-3-2026.html
2026-02-25 20:03:02,798 - DEBUG - scraping.utils - Bicycle reference: 35655
2026-02-25 20:03:02,889 - DEBUG - scraping.utils - New price history saved: 2026-02-25 : 2599.00
2026-02-25 20:03:02,890 - DEBUG - scraping.utils - Bicycle_index: 13
2026-02-25 20:03:02,890 - DEBUG - scraping.utils - Bicycle href: https://www.bikingpoint.es/es/bicicleta-massi-aire-sl-ltd-x-1-2026.html
2026-02-25 20:03:03,320 - DEBUG - scraping.utils - Bicycle reference: 64758
2026-02-25 20:03:03,414 - DEBUG - scraping.utils - New price history saved: 2026-02-25 : 2599.00
2026-02-25 20:03:03,414 - DEBUG - scraping.utils - Bicycle_index: 14
2026-02-25 20:03:03,415 - DEBUG - scraping.utils - Bicycle href: https://www.bikingpoint.es/es/bicicletas/electricas/bicicleta-giant-trance-x-advanced-e-3-elite-2025.html
2026-02-25 20:03:03,964 - DEBUG - scraping.utils - Bicycle reference: 31141
2026-02-25 20:03:04,056 - DEBUG - scraping.utils - New price history saved: 2026-02-25 : 2599.00
2026-02-25 20:03:04,057 - DEBUG - scraping.utils - Bicycle_index: 15
2026-02-25 20:03:04,058 - DEBUG - scraping.utils - Bicycle href: https://www.bikingpoint.es/es/bicicletas/mtb-rigidas/bicicleta-massi-team-29-expert-2026.html
2026-02-25 20:03:04,587 - DEBUG - scraping.utils - Bicycle reference: 61659
2026-02-25 20:03:04,679 - DEBUG - scraping.utils - New price history saved: 2026-02-25 : 2599.00
2026-02-25 20:03:11,323 - DEBUG - scraping.utils - create_bicycles started for biking_point with 15 product_elements_html finded on the page
2026-02-25 20:03:11,323 - DEBUG - scraping.utils - Bicycle references saved in DB: [35563, 35515, 631941, 61563, 30465, 62776, 62667, 626671, 35477, 35475, 34209, 35480, 35478, 35813, 34548, 626681, 62771, 63195, 34210, 35556, 63076, 62668, 34490, 35500, 35658, 27890, 35651, 33495, 35659, 34694, 63291, 61562, 35497, 35503, 61668, 30703, 35483, 34195, 626691, 61572, 34136, 61621, 631966, 35702, 35628, 35123, 63596, 35494, 61568, 61674, 61869, 63196, 34171, 35504, 35498, 63210, 30688, 34632, 30937, 61576, 35488, 63593, 35490, 62677, 32784, 631971, 31063, 33154, 61624, 28114, 35653, 60064, 29404, 30487, 34196, 30476, 35495, 35621, 63594, 59926, 61648, 34185, 60063, 60077, 61628, 60081, 629721, 35998, 34014, 34013, 35817, 35662, 64920, 29347, 60067, 35499, 57695, 34175, 34198, 28329, 61611, 63214, 59831, 57126, 28174, 30480, 34004, 35220, 27385, 35664, 61613, 59927, 31141, 35552, 35923, 61715, 63202, 35654, 64303, 28119, 59928, 61663, 63238, 35663, 632381, 61912, 61655, 59917, 27384, 59971, 57733, 60083, 30938, 31077, 33991, 35828, 35865, 34206, 61716, 57157, 30966, 28175, 28121, 63215, 30489, 30492, 60200, 35496, 30490, 33417, 60445, 60071, 61656, 61664, 62799, 35666, 35797, 57700, 34187, 35983, 28176, 35590, 35427, 61709, 34200, 35655, 35667, 61659, 35661, 64758, 35800, 29315, 61069, 34001, 635371, 34049, 63207, 61710, 35706, 61660, 59920, 59932, 35993, 34643, 27255, 53006, 32193, 35492, 35115, 33990, 32772, 58609, 62660, 35939, 27744, 30840, 626601, 57978, 61661, 27257, 28254, 31164, 61315, 31568, 63560, 28584, 30244, 61272, 27755, 35751, 34517, 25268, 54138, 27548, 27256, 61729, 35705, 58381, 33987, 27258, 31163, 64827, 27754, 35656, 27728, 62659, 626591, 27750, 61728, 35777, 27752, 60664, 35892, 28180, 61732, 33153, 64572, 35825, 35681, 35493, 35610, 60103, 60397, 27407, 35099, 35648, 61727, 35891, 61733, 36044, 64995, 61725, 61724, 56041, 62234, 33456, 32962, 62235, 27406, 35381, 35591, 35672, 63998, 62241, 35963, 55590, 57792, 31912, 35622, 34184, 35988, 53965, 57803, 57802, 35624, 31821, 35203, 35682, 35207, 35205, 35206, 35204, 35668, 35625, 35623, 28330, 35890, 31837, 35673, 63211, 34663, 30483, 60246, 31591, 34919, 34666, 31140, 34003, 31078, 33919, 30484, 27254, 35369, 35097, 35201]
2026-02-25 20:03:11,323 - DEBUG - scraping.utils - Bicycle_index: 1
2026-02-25 20:03:11,323 - DEBUG - scraping.utils - Bicycle href: https://www.bikingpoint.es/es/bicicletas/carretera/route-liv/bicicleta-liv-langma-advanced-2-pro-compact-2026.html
2026-02-25 20:03:11,804 - DEBUG - scraping.utils - Bicycle reference: 35800
2026-02-25 20:03:11,898 - DEBUG - scraping.utils - New price history saved: 2026-02-25 : 2599.00
2026-02-25 20:03:11,898 - DEBUG - scraping.utils - Bicycle_index: 2
2026-02-25 20:03:11,899 - DEBUG - scraping.utils - Bicycle href: https://www.bikingpoint.es/es/bicicleta-liv-intrigue-29-1.html
2026-02-25 20:03:12,446 - DEBUG - scraping.utils - Bicycle reference: 29315
2026-02-25 20:03:12,541 - DEBUG - scraping.utils - New price history saved: 2026-02-25 : 2590.00
2026-02-25 20:03:12,541 - DEBUG - scraping.utils - Bicycle_index: 3
2026-02-25 20:03:12,541 - DEBUG - scraping.utils - Bicycle href: https://www.bikingpoint.es/es/bicicletas/ciclocross/ciclocross-massi/bicicleta-massi-across-carbon-grx-2x10-2026.html
2026-02-25 20:03:13,015 - DEBUG - scraping.utils - Bicycle reference: 635371
2026-02-25 20:03:13,110 - DEBUG - scraping.utils - New price history saved: 2026-02-25 : 2499.00
2026-02-25 20:03:13,111 - DEBUG - scraping.utils - Bicycle_index: 4
2026-02-25 20:03:13,111 - DEBUG - scraping.utils - Bicycle href: https://www.bikingpoint.es/es/bicicletas/electricas/bicicleta-giant-expression-e-2-2026.html
2026-02-25 20:03:13,665 - DEBUG - scraping.utils - Bicycle reference: 34049
2026-02-25 20:03:13,760 - DEBUG - scraping.utils - New price history saved: 2026-02-25 : 2499.00
2026-02-25 20:03:13,760 - DEBUG - scraping.utils - Bicycle_index: 5
2026-02-25 20:03:13,760 - DEBUG - scraping.utils - Bicycle href: https://www.bikingpoint.es/es/bicicletas/carretera/carretera-massi/bicicleta-massi-team-2-105-mix-12v-db-wb-2026.html
2026-02-25 20:03:14,259 - DEBUG - scraping.utils - Bicycle reference: 63207
2026-02-25 20:03:14,358 - DEBUG - scraping.utils - New price history saved: 2026-02-25 : 2499.00
2026-02-25 20:03:14,359 - DEBUG - scraping.utils - Bicycle_index: 6
2026-02-25 20:03:14,359 - DEBUG - scraping.utils - Bicycle href: https://www.bikingpoint.es/es/bicicletas/electricas/bicicleta-massi-k2-29-elite-504wh-e7000.html
2026-02-25 20:03:14,843 - DEBUG - scraping.utils - Bicycle reference: 61069
2026-02-25 20:03:17,740 - DEBUG - scraping.utils - New price history saved: 2026-02-25 : 2499.00
2026-02-25 20:03:17,741 - DEBUG - scraping.utils - Bicycle_index: 7
2026-02-25 20:03:17,742 - DEBUG - scraping.utils - Bicycle href: https://www.bikingpoint.es/es/bicicletas/carretera/route-liv/bicicleta-liv-langma-advanced-1-pc-2025.html
2026-02-25 20:03:18,210 - DEBUG - scraping.utils - Bicycle reference: 34001
2026-02-25 20:03:18,307 - DEBUG - scraping.utils - New price history saved: 2026-02-25 : 2499.00
2026-02-25 20:03:18,308 - DEBUG - scraping.utils - Bicycle_index: 8
2026-02-25 20:03:18,308 - DEBUG - scraping.utils - Bicycle href: https://www.bikingpoint.es/es/bicicletas/ciclocross/ciclocross-massi/bicicleta-massi-team-gravel-105-mix-2x11-2025.html
2026-02-25 20:03:18,914 - DEBUG - scraping.utils - Bicycle reference: 61710
2026-02-25 20:03:19,012 - DEBUG - scraping.utils - New price history saved: 2026-02-25 : 2429.00
2026-02-25 20:03:19,013 - DEBUG - scraping.utils - Bicycle_index: 9
2026-02-25 20:03:19,013 - DEBUG - scraping.utils - Bicycle href: https://www.bikingpoint.es/es/bicicletas/doccasion/bicicleta-massi-aire-carbon-sl-end-2022-2a-mano.html
2026-02-25 20:03:19,478 - DEBUG - scraping.utils - Bicycle reference: 35706
2026-02-25 20:03:19,575 - DEBUG - scraping.utils - New price history saved: 2026-02-25 : 2399.00
2026-02-25 20:03:19,575 - DEBUG - scraping.utils - Bicycle_index: 10
2026-02-25 20:03:19,575 - DEBUG - scraping.utils - Bicycle href: https://www.bikingpoint.es/es/bicicletas/mtb-rigidas/bicicleta-massi-team-29-pro-2026.html
2026-02-25 20:03:20,093 - DEBUG - scraping.utils - Bicycle reference: 61660
2026-02-25 20:03:20,193 - DEBUG - scraping.utils - New price history saved: 2026-02-25 : 2299.00
2026-02-25 20:03:20,193 - DEBUG - scraping.utils - Bicycle_index: 11
2026-02-25 20:03:20,193 - DEBUG - scraping.utils - Bicycle href: https://www.bikingpoint.es/es/bicicletas/carretera/carretera-massi/bicicleta-massi-team-race-ultegra-mix-disc.html
2026-02-25 20:03:20,734 - DEBUG - scraping.utils - Bicycle reference: 59920
2026-02-25 20:03:20,833 - DEBUG - scraping.utils - New price history saved: 2026-02-25 : 2239.20
2026-02-25 20:03:20,834 - DEBUG - scraping.utils - Bicycle_index: 12
2026-02-25 20:03:20,834 - DEBUG - scraping.utils - Bicycle href: https://www.bikingpoint.es/es/bicicletas/carretera/route-look/bicicleta-look-875-rs-madison-proteam-black-2025.html
2026-02-25 20:03:21,307 - DEBUG - scraping.utils - Bicycle reference: 53006
2026-02-25 20:03:21,405 - DEBUG - scraping.utils - New price history saved: 2026-02-25 : 2199.00
2026-02-25 20:03:21,405 - DEBUG - scraping.utils - Bicycle_index: 13
2026-02-25 20:03:21,406 - DEBUG - scraping.utils - Bicycle href: https://www.bikingpoint.es/es/bicicletas/doccasion/bicicleta-scott-strike-940-t-s-2022-2a-mano.html
2026-02-25 20:03:21,963 - DEBUG - scraping.utils - Bicycle reference: 35993
2026-02-25 20:03:22,065 - DEBUG - scraping.utils - New price history saved: 2026-02-25 : 2199.00
2026-02-25 20:03:22,066 - DEBUG - scraping.utils - Bicycle_index: 14
2026-02-25 20:03:22,066 - DEBUG - scraping.utils - Bicycle href: https://www.bikingpoint.es/es/bicicletas/carretera/carretera-massi/bicicleta-massi-arrow-race-105-disc-2023.html
2026-02-25 20:03:22,608 - DEBUG - scraping.utils - Bicycle reference: 59932
2026-02-25 20:03:22,705 - DEBUG - scraping.utils - New price history saved: 2026-02-25 : 2199.00
2026-02-25 20:03:22,705 - DEBUG - scraping.utils - Bicycle_index: 15
2026-02-25 20:03:22,705 - DEBUG - scraping.utils - Bicycle href: https://www.bikingpoint.es/es/bicicletas/ciclocross/bicicleta-scott-addict-gravel-40-black-2025.html
2026-02-25 20:03:23,219 - DEBUG - scraping.utils - Bicycle reference: 34643
2026-02-25 20:03:23,317 - DEBUG - scraping.utils - New price history saved: 2026-02-25 : 2136.00
2026-02-25 20:03:27,984 - DEBUG - scraping.utils - create_bicycles started for biking_point with 15 product_elements_html finded on the page
2026-02-25 20:03:27,984 - DEBUG - scraping.utils - Bicycle references saved in DB: [35563, 35515, 631941, 61563, 30465, 62776, 62667, 626671, 35477, 35475, 34209, 35480, 35478, 35813, 34548, 626681, 62771, 63195, 34210, 35556, 63076, 62668, 34490, 35500, 35658, 27890, 35651, 33495, 35659, 34694, 63291, 61562, 35497, 35503, 61668, 30703, 35483, 34195, 626691, 61572, 34136, 61621, 631966, 35702, 35628, 35123, 63596, 35494, 61568, 61674, 61869, 63196, 34171, 35504, 35498, 63210, 30688, 34632, 30937, 61576, 35488, 63593, 35490, 62677, 32784, 631971, 31063, 33154, 61624, 28114, 35653, 60064, 29404, 30487, 34196, 30476, 35495, 35621, 63594, 59926, 61648, 34185, 60063, 60077, 61628, 60081, 629721, 35998, 34014, 34013, 35817, 35662, 64920, 29347, 60067, 35499, 57695, 34175, 34198, 28329, 61611, 63214, 59831, 57126, 28174, 30480, 34004, 35220, 27385, 35664, 61613, 59927, 31141, 35552, 35923, 61715, 63202, 35654, 64303, 28119, 59928, 61663, 63238, 35663, 632381, 61912, 61655, 59917, 27384, 59971, 57733, 60083, 30938, 31077, 33991, 35828, 35865, 34206, 61716, 57157, 30966, 28175, 28121, 63215, 30489, 30492, 60200, 35496, 30490, 33417, 60445, 60071, 61656, 61664, 62799, 35666, 35797, 57700, 34187, 35983, 28176, 35590, 35427, 61709, 34200, 35655, 35667, 61659, 35661, 64758, 35800, 29315, 61069, 34001, 635371, 34049, 63207, 61710, 35706, 61660, 59920, 59932, 35993, 34643, 27255, 53006, 32193, 35492, 35115, 33990, 32772, 58609, 62660, 35939, 27744, 30840, 626601, 57978, 61661, 27257, 28254, 31164, 61315, 31568, 63560, 28584, 30244, 61272, 27755, 35751, 34517, 25268, 54138, 27548, 27256, 61729, 35705, 58381, 33987, 27258, 31163, 64827, 27754, 35656, 27728, 62659, 626591, 27750, 61728, 35777, 27752, 60664, 35892, 28180, 61732, 33153, 64572, 35825, 35681, 35493, 35610, 60103, 60397, 27407, 35099, 35648, 61727, 35891, 61733, 36044, 64995, 61725, 61724, 56041, 62234, 33456, 32962, 62235, 27406, 35381, 35591, 35672, 63998, 62241, 35963, 55590, 57792, 31912, 35622, 34184, 35988, 53965, 57803, 57802, 35624, 31821, 35203, 35682, 35207, 35205, 35206, 35204, 35668, 35625, 35623, 28330, 35890, 31837, 35673, 63211, 34663, 30483, 60246, 31591, 34919, 34666, 31140, 34003, 31078, 33919, 30484, 27254, 35369, 35097, 35201]
2026-02-25 20:03:27,984 - DEBUG - scraping.utils - Bicycle_index: 1
2026-02-25 20:03:27,984 - DEBUG - scraping.utils - Bicycle href: https://www.bikingpoint.es/es/bicicleta-scott-spark-960-black-2022.html
2026-02-25 20:03:28,524 - DEBUG - scraping.utils - Bicycle reference: 27255
2026-02-25 20:03:28,615 - DEBUG - scraping.utils - New price history saved: 2026-02-25 : 2099.00
2026-02-25 20:03:28,615 - DEBUG - scraping.utils - Bicycle_index: 2
2026-02-25 20:03:28,615 - DEBUG - scraping.utils - Bicycle href: https://www.bikingpoint.es/es/bicicletas/ciclocross/bicicleta-giant-revolt-advanced-2-2025.html
2026-02-25 20:03:29,094 - DEBUG - scraping.utils - Bicycle reference: 33990
2026-02-25 20:03:29,187 - DEBUG - scraping.utils - New price history saved: 2026-02-25 : 2098.00
2026-02-25 20:03:29,188 - DEBUG - scraping.utils - Bicycle_index: 3
2026-02-25 20:03:29,188 - DEBUG - scraping.utils - Bicycle href: https://www.bikingpoint.es/es/bicicletas/ciclocross/bicicleta-giant-revolt-advanced-1-2024.html
2026-02-25 20:03:29,705 - DEBUG - scraping.utils - Bicycle reference: 32772
2026-02-25 20:03:29,795 - DEBUG - scraping.utils - New price history saved: 2026-02-25 : 2089.00
2026-02-25 20:03:29,795 - DEBUG - scraping.utils - Bicycle_index: 4
2026-02-25 20:03:29,795 - DEBUG - scraping.utils - Bicycle href: https://www.bikingpoint.es/es/bicicletas/mtb-rigidas/bicicleta-massi-team-29-slx-fox-ruedas-esp.html
2026-02-25 20:03:30,263 - DEBUG - scraping.utils - Bicycle reference: 58609
2026-02-25 20:03:30,355 - DEBUG - scraping.utils - New price history saved: 2026-02-25 : 2039.00
2026-02-25 20:03:30,355 - DEBUG - scraping.utils - Bicycle_index: 5
2026-02-25 20:03:30,355 - DEBUG - scraping.utils - Bicycle href: https://www.bikingpoint.es/es/bicicletas/ciclocross/ciclocross-massi/bicicleta-massi-across-alu-grx-1x12-2026-beige.html
2026-02-25 20:03:30,855 - DEBUG - scraping.utils - Bicycle reference: 62660
2026-02-25 20:03:30,946 - DEBUG - scraping.utils - New price history saved: 2026-02-25 : 1999.00
2026-02-25 20:03:30,946 - DEBUG - scraping.utils - Bicycle_index: 6
2026-02-25 20:03:30,947 - DEBUG - scraping.utils - Bicycle href: https://www.bikingpoint.es/es/bicicletas/ciclocross/ciclocross-massi/bicicleta-massi-across-alu-grx-1x12-2026-plata.html
2026-02-25 20:03:31,442 - DEBUG - scraping.utils - Bicycle reference: 626601
2026-02-25 20:03:31,533 - DEBUG - scraping.utils - New price history saved: 2026-02-25 : 1999.00
2026-02-25 20:03:31,534 - DEBUG - scraping.utils - Bicycle_index: 7
2026-02-25 20:03:31,534 - DEBUG - scraping.utils - Bicycle href: https://www.bikingpoint.es/es/bicicletas/electricas/bicicleta-giant-roam-e-gts-disc-2022.html
2026-02-25 20:03:32,224 - DEBUG - scraping.utils - Bicycle reference: 27744
2026-02-25 20:03:32,316 - DEBUG - scraping.utils - New price history saved: 2026-02-25 : 1999.00
2026-02-25 20:03:32,316 - DEBUG - scraping.utils - Bicycle_index: 8
2026-02-25 20:03:32,316 - DEBUG - scraping.utils - Bicycle href: https://www.bikingpoint.es/es/bicicletas/mtb-rigidas/bicicleta-massi-team-elite-29.html
2026-02-25 20:03:32,821 - DEBUG - scraping.utils - Bicycle reference: 30840
2026-02-25 20:03:32,912 - DEBUG - scraping.utils - New price history saved: 2026-02-25 : 1999.00
2026-02-25 20:03:32,912 - DEBUG - scraping.utils - Bicycle_index: 9
2026-02-25 20:03:32,912 - DEBUG - scraping.utils - Bicycle href: https://www.bikingpoint.es/es/bicicletas/mtb-rigidas/bicicleta-scott-scale-910-t-xl-ed-esp.html
2026-02-25 20:03:33,366 - DEBUG - scraping.utils - Bicycle reference: 32193
2026-02-25 20:03:33,456 - DEBUG - scraping.utils - New price history saved: 2026-02-25 : 1999.00
2026-02-25 20:03:33,457 - DEBUG - scraping.utils - Bicycle_index: 10
2026-02-25 20:03:33,457 - DEBUG - scraping.utils - Bicycle href: https://www.bikingpoint.es/es/bicicletas/mtb-rigidas/bicicleta-scott-scale-920-white-2026.html
2026-02-25 20:03:34,041 - DEBUG - scraping.utils - Bicycle reference: 35492
2026-02-25 20:03:34,132 - DEBUG - scraping.utils - New price history saved: 2026-02-25 : 1999.00
2026-02-25 20:03:34,132 - DEBUG - scraping.utils - Bicycle_index: 11
2026-02-25 20:03:34,132 - DEBUG - scraping.utils - Bicycle href: https://www.bikingpoint.es/es/bicicletas/doccasion/bicicleta-scott-spark-rc-900-team-2019-t-s-2a-mano.html
2026-02-25 20:03:34,682 - DEBUG - scraping.utils - Bicycle reference: 35939
2026-02-25 20:03:34,774 - DEBUG - scraping.utils - New price history saved: 2026-02-25 : 1999.00
2026-02-25 20:03:34,774 - DEBUG - scraping.utils - Bicycle_index: 12
2026-02-25 20:03:34,774 - DEBUG - scraping.utils - Bicycle href: https://www.bikingpoint.es/es/bicicletas/mtb-rigidas/bicicleta-massi-team-29-new-elite-2021.html
2026-02-25 20:03:35,428 - DEBUG - scraping.utils - Bicycle reference: 57978
2026-02-25 20:03:35,521 - DEBUG - scraping.utils - New price history saved: 2026-02-25 : 1999.00
2026-02-25 20:03:35,521 - DEBUG - scraping.utils - Bicycle_index: 13
2026-02-25 20:03:35,521 - DEBUG - scraping.utils - Bicycle href: https://www.bikingpoint.es/es/bicicletas/mtb-rigidas/bicicleta-massi-team-29-elite-2026.html
2026-02-25 20:03:36,082 - DEBUG - scraping.utils - Bicycle reference: 61661
2026-02-25 20:03:36,182 - DEBUG - scraping.utils - New price history saved: 2026-02-25 : 1999.00
2026-02-25 20:03:36,182 - DEBUG - scraping.utils - Bicycle_index: 14
2026-02-25 20:03:36,182 - DEBUG - scraping.utils - Bicycle href: https://www.bikingpoint.es/es/bicicleta-scott-spark-970-blue-2022.html
2026-02-25 20:03:36,715 - DEBUG - scraping.utils - Bicycle reference: 27257
2026-02-25 20:03:36,807 - DEBUG - scraping.utils - New price history saved: 2026-02-25 : 1969.89
2026-02-25 20:03:36,807 - DEBUG - scraping.utils - Bicycle_index: 15
2026-02-25 20:03:36,807 - DEBUG - scraping.utils - Bicycle href: https://www.bikingpoint.es/es/bicicleta-scott-spark-950-2022.html
2026-02-25 20:03:37,273 - DEBUG - scraping.utils - Bicycle reference: 27254
2026-02-25 20:03:37,363 - DEBUG - scraping.utils - New price history saved: 2026-02-25 : 1965.00
bicycle_references_not_in_web: [35563, 35515, 631941, 61563, 30465, 62776, 62667, 626671, 35477, 35475, 34209, 35480, 35478, 35813, 34548, 626681, 62771, 63195, 34210, 35556, 63076, 62668, 34490, 35500, 35658, 27890, 35651, 33495, 35659, 34694, 63291, 61562, 35497, 35503, 61668, 30703, 35483, 34195, 626691, 61572, 34136, 61621, 631966, 35702, 35628, 35123, 63596, 35494, 61568, 61674, 61869, 63196, 34171, 35504, 35498, 63210, 30688, 34632, 30937, 61576, 35488, 63593, 35490, 62677, 32784, 631971, 31063, 33154, 61624, 28114, 35653, 60064, 29404, 30487, 34196, 30476, 35495, 35621, 63594, 59926, 61648, 34185, 60063, 60077, 61628, 60081, 629721, 35998, 34014, 34013, 35817, 35662, 64920, 29347, 60067, 35499, 57695, 34175, 34198, 28329, 61611, 63214, 59831, 57126, 28174, 30480, 34004, 35220, 27385, 35664, 61613, 59927, 31141, 35552, 35923, 61715, 63202, 35654, 64303, 28119, 59928, 61663, 63238, 35663, 632381, 61912, 61655, 59917, 27384, 59971, 57733, 60083, 30938, 31077, 33991, 35828, 35865, 34206, 61716, 57157, 30966, 28175, 28121, 63215, 30489, 30492, 60200, 35496, 30490, 33417, 60445, 60071, 61656, 61664, 62799, 35666, 35797, 57700, 34187, 35983, 28176, 35590, 35427, 61709, 34200, 35655, 35667, 61659, 35661, 64758, 35800, 29315, 61069, 34001, 635371, 34049, 63207, 61710, 35706, 61660, 59920, 59932, 35993, 34643, 27255, 53006, 32193, 35492, 35115, 33990, 32772, 58609, 62660, 35939, 27744, 30840, 626601, 57978, 61661, 27257, 28254, 31164, 61315, 31568, 63560, 28584, 30244, 61272, 27755, 35751, 34517, 25268, 54138, 27548, 27256, 61729, 35705, 58381, 33987, 27258, 31163, 64827, 27754, 35656, 27728, 62659, 626591, 27750, 61728, 35777, 27752, 60664, 35892, 28180, 61732, 33153, 64572, 35825, 35681, 35493, 35610, 60103, 60397, 27407, 35099, 35648, 61727, 35891, 61733, 36044, 64995, 61725, 61724, 56041, 62234, 33456, 32962, 62235, 27406, 35381, 35591, 35672, 63998, 62241, 35963, 55590, 57792, 31912, 35622, 34184, 35988, 53965, 57803, 57802, 35624, 31821, 35203, 35682, 35207, 35205, 35206, 35204, 35668, 35625, 35623, 28330, 35890, 31837, 35673, 63211, 34663, 30483, 60246, 31591, 34919, 34666, 31140, 34003, 31078, 33919, 30484, 27254, 35369, 35097, 35201]
url: https://www.bikingpoint.es/es/bicicletas.html/?p=11
Página 11: Encontradas 15 bicicletas
bicycle_references_not_in_web: [35563, 35515, 631941, 61563, 30465, 62776, 62667, 626671, 35477, 35475, 34209, 35480, 35478, 35813, 34548, 626681, 62771, 63195, 34210, 35556, 63076, 62668, 34490, 35500, 35658, 27890, 35651, 33495, 35659, 34694, 63291, 61562, 35497, 35503, 61668, 30703, 35483, 34195, 626691, 61572, 34136, 61621, 631966, 35702, 35628, 35123, 63596, 35494, 61568, 61674, 61869, 63196, 34171, 35504, 35498, 63210, 30688, 34632, 30937, 61576, 35488, 63593, 35490, 62677, 32784, 631971, 31063, 33154, 61624, 28114, 35653, 60064, 29404, 30487, 34196, 30476, 35495, 35621, 63594, 59926, 61648, 34185, 60063, 60077, 61628, 60081, 629721, 35998, 34014, 34013, 35817, 35662, 64920, 29347, 60067, 35499, 57695, 34175, 34198, 28329, 61611, 63214, 59831, 57126, 28174, 30480, 34004, 35220, 27385, 35664, 61613, 59927, 31141, 35552, 35923, 61715, 63202, 35654, 64303, 28119, 59928, 61663, 63238, 35663, 632381, 61912, 61655, 59917, 27384, 59971, 57733, 60083, 30938, 31077, 33991, 35828, 35865, 34206, 61716, 57157, 30966, 28175, 28121, 63215, 30489, 30492, 60200, 35496, 30490, 33417, 60445, 60071, 61656, 61664, 62799, 35666, 35797, 57700, 34187, 35983, 28176, 35590, 35427, 61709, 34200, 35655, 35667, 61659, 35661, 64758, 35800, 29315, 61069, 34001, 635371, 34049, 63207, 61710, 35706, 61660, 59920, 59932, 35993, 34643, 27255, 53006, 32193, 35492, 35115, 33990, 32772, 58609, 62660, 35939, 27744, 30840, 626601, 57978, 61661, 27257, 28254, 31164, 61315, 31568, 63560, 28584, 30244, 61272, 27755, 35751, 34517, 25268, 54138, 27548, 27256, 61729, 35705, 58381, 33987, 27258, 31163, 64827, 27754, 35656, 27728, 62659, 626591, 27750, 61728, 35777, 27752, 60664, 35892, 28180, 61732, 33153, 64572, 35825, 35681, 35493, 35610, 60103, 60397, 27407, 35099, 35648, 61727, 35891, 61733, 36044, 64995, 61725, 61724, 56041, 62234, 33456, 32962, 62235, 27406, 35381, 35591, 35672, 63998, 62241, 35963, 55590, 57792, 31912, 35622, 34184, 35988, 53965, 57803, 57802, 35624, 31821, 35203, 35682, 35207, 35205, 35206, 35204, 35668, 35625, 35623, 28330, 35890, 31837, 35673, 63211, 34663, 30483, 60246, 31591, 34919, 34666, 31140, 34003, 31078, 33919, 30484, 27254, 35369, 35097, 35201]
url: https://www.bikingpoint.es/es/bicicletas.html/?p=12
Página 12: Encontradas 15 bicicletas
bicycle_references_not_in_web: [35563, 35515, 631941, 61563, 30465, 62776, 62667, 626671, 35477, 35475, 34209, 35480, 35478, 35813, 34548, 626681, 62771, 63195, 34210, 35556, 63076, 62668, 34490, 35500, 35658, 27890, 35651, 33495, 35659, 34694, 63291, 61562, 35497, 35503, 61668, 30703, 35483, 34195, 626691, 61572, 34136, 61621, 631966, 35702, 35628, 35123, 63596, 35494, 61568, 61674, 61869, 63196, 34171, 35504, 35498, 63210, 30688, 34632, 30937, 61576, 35488, 63593, 35490, 62677, 32784, 631971, 31063, 33154, 61624, 28114, 35653, 60064, 29404, 30487, 34196, 30476, 35495, 35621, 63594, 59926, 61648, 34185, 60063, 60077, 61628, 60081, 629721, 35998, 34014, 34013, 35817, 35662, 64920, 29347, 60067, 35499, 57695, 34175, 34198, 28329, 61611, 63214, 59831, 57126, 28174, 30480, 34004, 35220, 27385, 35664, 61613, 59927, 31141, 35552, 35923, 61715, 63202, 35654, 64303, 28119, 59928, 61663, 63238, 35663, 632381, 61912, 61655, 59917, 27384, 59971, 57733, 60083, 30938, 31077, 33991, 35828, 35865, 34206, 61716, 57157, 30966, 28175, 28121, 63215, 30489, 30492, 60200, 35496, 30490, 33417, 60445, 60071, 61656, 61664, 62799, 35666, 35797, 57700, 34187, 35983, 28176, 35590, 35427, 61709, 34200, 35655, 35667, 61659, 35661, 64758, 35800, 29315, 61069, 34001, 635371, 34049, 63207, 61710, 35706, 61660, 59920, 59932, 35993, 34643, 27255, 53006, 32193, 35492, 35115, 33990, 32772, 58609, 62660, 35939, 27744, 30840, 626601, 57978, 61661, 27257, 28254, 31164, 61315, 31568, 63560, 28584, 30244, 61272, 27755, 35751, 34517, 25268, 54138, 27548, 27256, 61729, 35705, 58381, 33987, 27258, 31163, 64827, 27754, 35656, 27728, 62659, 626591, 27750, 61728, 35777, 27752, 60664, 35892, 28180, 61732, 33153, 64572, 35825, 35681, 35493, 35610, 60103, 60397, 27407, 35099, 35648, 61727, 35891, 61733, 36044, 64995, 61725, 61724, 56041, 62234, 33456, 32962, 62235, 27406, 35381, 35591, 35672, 63998, 62241, 35963, 55590, 57792, 31912, 35622, 34184, 35988, 53965, 57803, 57802, 35624, 31821, 35203, 35682, 35207, 35205, 35206, 35204, 35668, 35625, 35623, 28330, 35890, 31837, 35673, 63211, 34663, 30483, 60246, 31591, 34919, 34666, 31140, 34003, 31078, 33919, 30484, 27254, 35369, 35097, 35201]
url: https://www.bikingpoint.es/es/bicicletas.html/?p=13
Página 13: Encontradas 15 bicicletas
2026-02-25 20:03:42,952 - DEBUG - scraping.utils - create_bicycles started for biking_point with 15 product_elements_html finded on the page
2026-02-25 20:03:42,952 - DEBUG - scraping.utils - Bicycle references saved in DB: [35563, 35515, 631941, 61563, 30465, 62776, 62667, 626671, 35477, 35475, 34209, 35480, 35478, 35813, 34548, 626681, 62771, 63195, 34210, 35556, 63076, 62668, 34490, 35500, 35658, 27890, 35651, 33495, 35659, 34694, 63291, 61562, 35497, 35503, 61668, 30703, 35483, 34195, 626691, 61572, 34136, 61621, 631966, 35702, 35628, 35123, 63596, 35494, 61568, 61674, 61869, 63196, 34171, 35504, 35498, 63210, 30688, 34632, 30937, 61576, 35488, 63593, 35490, 62677, 32784, 631971, 31063, 33154, 61624, 28114, 35653, 60064, 29404, 30487, 34196, 30476, 35495, 35621, 63594, 59926, 61648, 34185, 60063, 60077, 61628, 60081, 629721, 35998, 34014, 34013, 35817, 35662, 64920, 29347, 60067, 35499, 57695, 34175, 34198, 28329, 61611, 63214, 59831, 57126, 28174, 30480, 34004, 35220, 27385, 35664, 61613, 59927, 31141, 35552, 35923, 61715, 63202, 35654, 64303, 28119, 59928, 61663, 63238, 35663, 632381, 61912, 61655, 59917, 27384, 59971, 57733, 60083, 30938, 31077, 33991, 35828, 35865, 34206, 61716, 57157, 30966, 28175, 28121, 63215, 30489, 30492, 60200, 35496, 30490, 33417, 60445, 60071, 61656, 61664, 62799, 35666, 35797, 57700, 34187, 35983, 28176, 35590, 35427, 61709, 34200, 35655, 35667, 61659, 35661, 64758, 35800, 29315, 61069, 34001, 635371, 34049, 63207, 61710, 35706, 61660, 59920, 59932, 35993, 34643, 27255, 53006, 32193, 35492, 35115, 33990, 32772, 58609, 62660, 35939, 27744, 30840, 626601, 57978, 61661, 27257, 28254, 31164, 61315, 31568, 63560, 28584, 30244, 61272, 27755, 35751, 34517, 25268, 54138, 27548, 27256, 61729, 35705, 58381, 33987, 27258, 31163, 64827, 27754, 35656, 27728, 62659, 626591, 27750, 61728, 35777, 27752, 60664, 35892, 28180, 61732, 33153, 64572, 35825, 35681, 35493, 35610, 60103, 60397, 27407, 35099, 35648, 61727, 35891, 61733, 36044, 64995, 61725, 61724, 56041, 62234, 33456, 32962, 62235, 27406, 35381, 35591, 35672, 63998, 62241, 35963, 55590, 57792, 31912, 35622, 34184, 35988, 53965, 57803, 57802, 35624, 31821, 35203, 35682, 35207, 35205, 35206, 35204, 35668, 35625, 35623, 28330, 35890, 31837, 35673, 63211, 34663, 30483, 60246, 31591, 34919, 34666, 31140, 34003, 31078, 33919, 30484, 27254, 35369, 35097, 35201]
2026-02-25 20:03:42,952 - DEBUG - scraping.utils - Bicycle_index: 1
2026-02-25 20:03:42,952 - DEBUG - scraping.utils - Bicycle href: https://www.bikingpoint.es/es/bicicletas/carretera/carretera-giant/bicicleta-giant-tcr-adv-1-disc-pro-ct-naranja.html
2026-02-25 20:03:43,458 - DEBUG - scraping.utils - Bicycle reference: 28254
2026-02-25 20:03:43,550 - DEBUG - scraping.utils - New price history saved: 2026-02-25 : 1949.00
2026-02-25 20:03:43,550 - DEBUG - scraping.utils - Bicycle_index: 2
2026-02-25 20:03:43,550 - DEBUG - scraping.utils - Bicycle href: https://www.bikingpoint.es/es/bicicletas/mtb-rigidas/bicicleta-massi-casta-29-replica-venom-1x12.html
2026-02-25 20:03:44,030 - DEBUG - scraping.utils - Bicycle reference: 31164
2026-02-25 20:03:44,124 - DEBUG - scraping.utils - New price history saved: 2026-02-25 : 1949.00
2026-02-25 20:03:44,124 - DEBUG - scraping.utils - Bicycle_index: 3
2026-02-25 20:03:44,124 - DEBUG - scraping.utils - Bicycle href: https://www.bikingpoint.es/es/bicicletas/paseo-city-cruiser/plegables-yeah/bicicleta-plegable-dahon-unio-e20-db-negra.html
2026-02-25 20:03:44,606 - DEBUG - scraping.utils - Bicycle reference: 61315
2026-02-25 20:03:44,697 - DEBUG - scraping.utils - New price history saved: 2026-02-25 : 1949.00
2026-02-25 20:03:44,697 - DEBUG - scraping.utils - Bicycle_index: 4
2026-02-25 20:03:44,698 - DEBUG - scraping.utils - Bicycle href: https://www.bikingpoint.es/es/bicicletas/electricas/bicicleta-giant-talon-e-ex-29-2023.html
2026-02-25 20:03:45,122 - DEBUG - scraping.utils - Bicycle reference: 31568
2026-02-25 20:03:45,215 - DEBUG - scraping.utils - New price history saved: 2026-02-25 : 1899.00
2026-02-25 20:03:45,215 - DEBUG - scraping.utils - Bicycle_index: 5
2026-02-25 20:03:45,215 - DEBUG - scraping.utils - Bicycle href: https://www.bikingpoint.es/es/bicicletas/ciclocross/ciclocross-massi/bicicleta-massi-across-alu-grx-1x11.html
2026-02-25 20:03:45,820 - DEBUG - scraping.utils - Bicycle reference: 61272
2026-02-25 20:03:45,926 - DEBUG - scraping.utils - New price history saved: 2026-02-25 : 1899.00
2026-02-25 20:03:45,926 - DEBUG - scraping.utils - Bicycle_index: 6
2026-02-25 20:03:45,926 - DEBUG - scraping.utils - Bicycle href: https://www.bikingpoint.es/es/bicicletas/electricas/bicicleta-liv-rove-e-2026.html
2026-02-25 20:03:46,375 - DEBUG - scraping.utils - Bicycle reference: 27755
2026-02-25 20:03:46,470 - DEBUG - scraping.utils - New price history saved: 2026-02-25 : 1899.00
2026-02-25 20:03:46,470 - DEBUG - scraping.utils - Bicycle_index: 7
2026-02-25 20:03:46,470 - DEBUG - scraping.utils - Bicycle href: https://www.bikingpoint.es/es/bicicleta-liv-pique-29-2.html
2026-02-25 20:03:46,967 - DEBUG - scraping.utils - Bicycle reference: 28584
2026-02-25 20:03:47,059 - DEBUG - scraping.utils - New price history saved: 2026-02-25 : 1899.00
2026-02-25 20:03:47,059 - DEBUG - scraping.utils - Bicycle_index: 8
2026-02-25 20:03:47,059 - DEBUG - scraping.utils - Bicycle href: https://www.bikingpoint.es/es/bicicletas/electricas/bicicleta-giant-roam-e-sta-2026.html
2026-02-25 20:03:47,505 - DEBUG - scraping.utils - Bicycle reference: 30244
2026-02-25 20:03:47,598 - DEBUG - scraping.utils - New price history saved: 2026-02-25 : 1899.00
2026-02-25 20:03:47,598 - DEBUG - scraping.utils - Bicycle_index: 9
2026-02-25 20:03:47,598 - DEBUG - scraping.utils - Bicycle href: https://www.bikingpoint.es/es/bicicletas/ciclocross/ciclocross-massi/bicicleta-massi-across-alu-105-2x11-2026.html
2026-02-25 20:03:48,238 - DEBUG - scraping.utils - Bicycle reference: 63560
2026-02-25 20:03:48,332 - DEBUG - scraping.utils - New price history saved: 2026-02-25 : 1899.00
2026-02-25 20:03:48,332 - DEBUG - scraping.utils - Bicycle_index: 10
2026-02-25 20:03:48,333 - DEBUG - scraping.utils - Bicycle href: https://www.bikingpoint.es/es/bicicletas/ciclocross/bicicleta-liv-devote-1-2026.html
2026-02-25 20:03:48,824 - DEBUG - scraping.utils - Bicycle reference: 35751
2026-02-25 20:03:48,918 - DEBUG - scraping.utils - New price history saved: 2026-02-25 : 1849.00
2026-02-25 20:03:48,918 - DEBUG - scraping.utils - Bicycle_index: 11
2026-02-25 20:03:48,918 - DEBUG - scraping.utils - Bicycle href: https://www.bikingpoint.es/es/bicicletas/mtb-rigidas/bicicleta-massi-team-29-performance-1x12-2021.html
2026-02-25 20:03:49,422 - DEBUG - scraping.utils - Bicycle reference: 54138
2026-02-25 20:03:49,517 - DEBUG - scraping.utils - New price history saved: 2026-02-25 : 1840.00
2026-02-25 20:03:49,517 - DEBUG - scraping.utils - Bicycle_index: 12
2026-02-25 20:03:49,517 - DEBUG - scraping.utils - Bicycle href: https://www.bikingpoint.es/es/bicicletas/mtb-rigidas/bicicleta-massi-team-rally-fox-slx.html
2026-02-25 20:03:52,835 - DEBUG - scraping.utils - Bicycle reference: 27548
2026-02-25 20:03:52,927 - DEBUG - scraping.utils - New price history saved: 2026-02-25 : 1799.00
2026-02-25 20:03:52,928 - DEBUG - scraping.utils - Bicycle_index: 13
2026-02-25 20:03:52,928 - DEBUG - scraping.utils - Bicycle href: https://www.bikingpoint.es/es/bicicletas/carretera/carretera-massi/bicicleta-massi-team-race-tiagra-tour-disc.html
2026-02-25 20:03:53,404 - DEBUG - scraping.utils - Bicycle reference: 58381
2026-02-25 20:03:53,502 - DEBUG - scraping.utils - New price history saved: 2026-02-25 : 1799.00
2026-02-25 20:03:53,502 - DEBUG - scraping.utils - Bicycle_index: 14
2026-02-25 20:03:53,502 - DEBUG - scraping.utils - Bicycle href: https://www.bikingpoint.es/es/bicicleta-scott-spark-960-red-2022.html
2026-02-25 20:03:53,956 - DEBUG - scraping.utils - Bicycle reference: 27256
2026-02-25 20:03:54,055 - DEBUG - scraping.utils - New price history saved: 2026-02-25 : 1799.00
2026-02-25 20:03:54,056 - DEBUG - scraping.utils - Bicycle_index: 15
2026-02-25 20:03:54,056 - DEBUG - scraping.utils - Bicycle href: https://www.bikingpoint.es/es/bicicletas/mtb-rigidas/bicicleta-massi-casta-29-replica-1x12-2026.html
2026-02-25 20:03:54,688 - DEBUG - scraping.utils - Bicycle reference: 61729
2026-02-25 20:03:54,786 - DEBUG - scraping.utils - New price history saved: 2026-02-25 : 1799.00
2026-02-25 20:03:58,873 - DEBUG - scraping.utils - create_bicycles started for biking_point with 15 product_elements_html finded on the page
2026-02-25 20:03:58,873 - DEBUG - scraping.utils - Bicycle references saved in DB: [35563, 35515, 631941, 61563, 30465, 62776, 62667, 626671, 35477, 35475, 34209, 35480, 35478, 35813, 34548, 626681, 62771, 63195, 34210, 35556, 63076, 62668, 34490, 35500, 35658, 27890, 35651, 33495, 35659, 34694, 63291, 61562, 35497, 35503, 61668, 30703, 35483, 34195, 626691, 61572, 34136, 61621, 631966, 35702, 35628, 35123, 63596, 35494, 61568, 61674, 61869, 63196, 34171, 35504, 35498, 63210, 30688, 34632, 30937, 61576, 35488, 63593, 35490, 62677, 32784, 631971, 31063, 33154, 61624, 28114, 35653, 60064, 29404, 30487, 34196, 30476, 35495, 35621, 63594, 59926, 61648, 34185, 60063, 60077, 61628, 60081, 629721, 35998, 34014, 34013, 35817, 35662, 64920, 29347, 60067, 35499, 57695, 34175, 34198, 28329, 61611, 63214, 59831, 57126, 28174, 30480, 34004, 35220, 27385, 35664, 61613, 59927, 31141, 35552, 35923, 61715, 63202, 35654, 64303, 28119, 59928, 61663, 63238, 35663, 632381, 61912, 61655, 59917, 27384, 59971, 57733, 60083, 30938, 31077, 33991, 35828, 35865, 34206, 61716, 57157, 30966, 28175, 28121, 63215, 30489, 30492, 60200, 35496, 30490, 33417, 60445, 60071, 61656, 61664, 62799, 35666, 35797, 57700, 34187, 35983, 28176, 35590, 35427, 61709, 34200, 35655, 35667, 61659, 35661, 64758, 35800, 29315, 61069, 34001, 635371, 34049, 63207, 61710, 35706, 61660, 59920, 59932, 35993, 34643, 27255, 53006, 32193, 35492, 35115, 33990, 32772, 58609, 62660, 35939, 27744, 30840, 626601, 57978, 61661, 27257, 28254, 31164, 61315, 31568, 63560, 28584, 30244, 61272, 27755, 35751, 34517, 25268, 54138, 27548, 27256, 61729, 35705, 58381, 33987, 27258, 31163, 64827, 27754, 35656, 27728, 62659, 626591, 27750, 61728, 35777, 27752, 60664, 35892, 28180, 61732, 33153, 64572, 35825, 35681, 35493, 35610, 60103, 60397, 27407, 35099, 35648, 61727, 35891, 61733, 36044, 64995, 61725, 61724, 56041, 62234, 33456, 32962, 62235, 27406, 35381, 35591, 35672, 63998, 62241, 35963, 55590, 57792, 31912, 35622, 34184, 35988, 53965, 57803, 57802, 35624, 31821, 35203, 35682, 35207, 35205, 35206, 35204, 35668, 35625, 35623, 28330, 35890, 31837, 35673, 63211, 34663, 30483, 60246, 31591, 34919, 34666, 31140, 34003, 31078, 33919, 30484, 27254, 35369, 35097, 35201]
2026-02-25 20:03:58,873 - DEBUG - scraping.utils - Bicycle_index: 1
2026-02-25 20:03:58,873 - DEBUG - scraping.utils - Bicycle href: https://www.bikingpoint.es/es/bicicletas/doccasion/bicicleta-giant-revolt-advanced-2-2022-t-m-l-2a-ma.html
2026-02-25 20:03:59,399 - DEBUG - scraping.utils - Bicycle reference: 35705
2026-02-25 20:03:59,496 - DEBUG - scraping.utils - New price history saved: 2026-02-25 : 1799.00
2026-02-25 20:03:59,497 - DEBUG - scraping.utils - Bicycle_index: 2
2026-02-25 20:03:59,497 - DEBUG - scraping.utils - Bicycle href: https://www.bikingpoint.es/es/bicicletas/ciclocross/bicicleta-giant-revolt-advanced-3-2025.html
2026-02-25 20:03:59,992 - DEBUG - scraping.utils - Bicycle reference: 33987
2026-02-25 20:04:00,090 - DEBUG - scraping.utils - New price history saved: 2026-02-25 : 1795.00
2026-02-25 20:04:00,090 - DEBUG - scraping.utils - Bicycle_index: 3
2026-02-25 20:04:00,090 - DEBUG - scraping.utils - Bicycle href: https://www.bikingpoint.es/es/bicicleta-scott-spark-970-orange-2022.html
2026-02-25 20:04:00,632 - DEBUG - scraping.utils - Bicycle reference: 27258
2026-02-25 20:04:00,729 - DEBUG - scraping.utils - New price history saved: 2026-02-25 : 1749.00
2026-02-25 20:04:00,730 - DEBUG - scraping.utils - Bicycle_index: 4
2026-02-25 20:04:00,730 - DEBUG - scraping.utils - Bicycle href: https://www.bikingpoint.es/es/bicicletas/mtb-rigidas/bicicleta-massi-casta-29-advanced-venom-1x12.html
2026-02-25 20:04:01,276 - DEBUG - scraping.utils - Bicycle reference: 31163
2026-02-25 20:04:01,367 - DEBUG - scraping.utils - New price history saved: 2026-02-25 : 1749.00
2026-02-25 20:04:01,367 - DEBUG - scraping.utils - Bicycle_index: 5
2026-02-25 20:04:01,367 - DEBUG - scraping.utils - Bicycle href: https://www.bikingpoint.es/es/bicicletas/ciclocross/ciclocross-massi/bicicleta-massi-across-alu-cues-1x11-2026.html
2026-02-25 20:04:01,855 - DEBUG - scraping.utils - Bicycle reference: 64827
2026-02-25 20:04:01,947 - DEBUG - scraping.utils - New price history saved: 2026-02-25 : 1725.00
2026-02-25 20:04:01,947 - DEBUG - scraping.utils - Bicycle_index: 6
2026-02-25 20:04:01,948 - DEBUG - scraping.utils - Bicycle href: https://www.bikingpoint.es/es/bicicletas/electricas/bicicleta-giant-talon-e-3-29-2022.html
2026-02-25 20:04:02,424 - DEBUG - scraping.utils - Bicycle reference: 27728
2026-02-25 20:04:02,514 - DEBUG - scraping.utils - New price history saved: 2026-02-25 : 1699.00
2026-02-25 20:04:02,514 - DEBUG - scraping.utils - Bicycle_index: 7
2026-02-25 20:04:02,515 - DEBUG - scraping.utils - Bicycle href: https://www.bikingpoint.es/es/bicicletas/ciclocross/ciclocross-massi/bicicleta-massi-across-alu-grx-2x10-2026-beige.html
2026-02-25 20:04:02,993 - DEBUG - scraping.utils - Bicycle reference: 62659
2026-02-25 20:04:03,085 - DEBUG - scraping.utils - New price history saved: 2026-02-25 : 1699.00
2026-02-25 20:04:03,085 - DEBUG - scraping.utils - Bicycle_index: 8
2026-02-25 20:04:03,085 - DEBUG - scraping.utils - Bicycle href: https://www.bikingpoint.es/es/bicicletas/ciclocross/bicicleta-giant-revolt-1-2026.html
2026-02-25 20:04:03,593 - DEBUG - scraping.utils - Bicycle reference: 35656
2026-02-25 20:04:03,686 - DEBUG - scraping.utils - New price history saved: 2026-02-25 : 1699.00
2026-02-25 20:04:03,687 - DEBUG - scraping.utils - Bicycle_index: 9
2026-02-25 20:04:03,687 - DEBUG - scraping.utils - Bicycle href: https://www.bikingpoint.es/es/bicicletas/ciclocross/ciclocross-massi/bicicleta-massi-across-alu-grx-2x10-2026-plata.html
2026-02-25 20:04:04,136 - DEBUG - scraping.utils - Bicycle reference: 626591
2026-02-25 20:04:04,227 - DEBUG - scraping.utils - New price history saved: 2026-02-25 : 1699.00
2026-02-25 20:04:04,227 - DEBUG - scraping.utils - Bicycle_index: 10
2026-02-25 20:04:04,228 - DEBUG - scraping.utils - Bicycle href: https://www.bikingpoint.es/es/bicicleta-liv-embolden-29-1-2025.html
2026-02-25 20:04:04,708 - DEBUG - scraping.utils - Bicycle reference: 27754
2026-02-25 20:04:04,800 - DEBUG - scraping.utils - New price history saved: 2026-02-25 : 1699.00
2026-02-25 20:04:04,800 - DEBUG - scraping.utils - Bicycle_index: 11
2026-02-25 20:04:04,800 - DEBUG - scraping.utils - Bicycle href: https://www.bikingpoint.es/es/bicicletas/doccasion/bicicleta-scott-spark-rc-900-comp-red-2021-l-2a-ma.html
2026-02-25 20:04:05,287 - DEBUG - scraping.utils - Bicycle reference: 34517
2026-02-25 20:04:05,377 - DEBUG - scraping.utils - New price history saved: 2026-02-25 : 1600.00
2026-02-25 20:04:05,377 - DEBUG - scraping.utils - Bicycle_index: 12
2026-02-25 20:04:05,377 - DEBUG - scraping.utils - Bicycle href: https://www.bikingpoint.es/es/bicicletas/doccasion/bicicleta-massi-pro-29-performance-2023-t-m-2a-man.html
2026-02-25 20:04:05,831 - DEBUG - scraping.utils - Bicycle reference: 35115
2026-02-25 20:04:05,921 - DEBUG - scraping.utils - New price history saved: 2026-02-25 : 1600.00
2026-02-25 20:04:05,921 - DEBUG - scraping.utils - Bicycle_index: 13
2026-02-25 20:04:05,921 - DEBUG - scraping.utils - Bicycle href: https://www.bikingpoint.es/es/bicicletas/doccasion/bicicleta-scott-genius-920-t-l-2017-2a-mano.html
2026-02-25 20:04:06,410 - DEBUG - scraping.utils - Bicycle reference: 35427
2026-02-25 20:04:06,502 - DEBUG - scraping.utils - New price history saved: 2026-02-25 : 1600.00
2026-02-25 20:04:06,502 - DEBUG - scraping.utils - Bicycle_index: 14
2026-02-25 20:04:06,502 - DEBUG - scraping.utils - Bicycle href: https://www.bikingpoint.es/es/bicicletas/mtb-rigidas/bicicleta-giant-xtc-advanced-29-2-cobre-negro.html
2026-02-25 20:04:06,932 - DEBUG - scraping.utils - Bicycle reference: 27750
2026-02-25 20:04:07,022 - DEBUG - scraping.utils - New price history saved: 2026-02-25 : 1599.00
2026-02-25 20:04:07,022 - DEBUG - scraping.utils - Bicycle_index: 15
2026-02-25 20:04:07,023 - DEBUG - scraping.utils - Bicycle href: https://www.bikingpoint.es/es/bicicletas/mtb-rigidas/bicicleta-massi-casta-29-advanced-1x12-2026.html
2026-02-25 20:04:07,471 - DEBUG - scraping.utils - Bicycle reference: 61728
2026-02-25 20:04:07,560 - DEBUG - scraping.utils - New price history saved: 2026-02-25 : 1599.00
2026-02-25 20:04:12,549 - DEBUG - scraping.utils - create_bicycles started for biking_point with 15 product_elements_html finded on the page
2026-02-25 20:04:12,549 - DEBUG - scraping.utils - Bicycle references saved in DB: [35563, 35515, 631941, 61563, 30465, 62776, 62667, 626671, 35477, 35475, 34209, 35480, 35478, 35813, 34548, 626681, 62771, 63195, 34210, 35556, 63076, 62668, 34490, 35500, 35658, 27890, 35651, 33495, 35659, 34694, 63291, 61562, 35497, 35503, 61668, 30703, 35483, 34195, 626691, 61572, 34136, 61621, 631966, 35702, 35628, 35123, 63596, 35494, 61568, 61674, 61869, 63196, 34171, 35504, 35498, 63210, 30688, 34632, 30937, 61576, 35488, 63593, 35490, 62677, 32784, 631971, 31063, 33154, 61624, 28114, 35653, 60064, 29404, 30487, 34196, 30476, 35495, 35621, 63594, 59926, 61648, 34185, 60063, 60077, 61628, 60081, 629721, 35998, 34014, 34013, 35817, 35662, 64920, 29347, 60067, 35499, 57695, 34175, 34198, 28329, 61611, 63214, 59831, 57126, 28174, 30480, 34004, 35220, 27385, 35664, 61613, 59927, 31141, 35552, 35923, 61715, 63202, 35654, 64303, 28119, 59928, 61663, 63238, 35663, 632381, 61912, 61655, 59917, 27384, 59971, 57733, 60083, 30938, 31077, 33991, 35828, 35865, 34206, 61716, 57157, 30966, 28175, 28121, 63215, 30489, 30492, 60200, 35496, 30490, 33417, 60445, 60071, 61656, 61664, 62799, 35666, 35797, 57700, 34187, 35983, 28176, 35590, 35427, 61709, 34200, 35655, 35667, 61659, 35661, 64758, 35800, 29315, 61069, 34001, 635371, 34049, 63207, 61710, 35706, 61660, 59920, 59932, 35993, 34643, 27255, 53006, 32193, 35492, 35115, 33990, 32772, 58609, 62660, 35939, 27744, 30840, 626601, 57978, 61661, 27257, 28254, 31164, 61315, 31568, 63560, 28584, 30244, 61272, 27755, 35751, 34517, 25268, 54138, 27548, 27256, 61729, 35705, 58381, 33987, 27258, 31163, 64827, 27754, 35656, 27728, 62659, 626591, 27750, 61728, 35777, 27752, 60664, 35892, 28180, 61732, 33153, 64572, 35825, 35681, 35493, 35610, 60103, 60397, 27407, 35099, 35648, 61727, 35891, 61733, 36044, 64995, 61725, 61724, 56041, 62234, 33456, 32962, 62235, 27406, 35381, 35591, 35672, 63998, 62241, 35963, 55590, 57792, 31912, 35622, 34184, 35988, 53965, 57803, 57802, 35624, 31821, 35203, 35682, 35207, 35205, 35206, 35204, 35668, 35625, 35623, 28330, 35890, 31837, 35673, 63211, 34663, 30483, 60246, 31591, 34919, 34666, 31140, 34003, 31078, 33919, 30484, 27254, 35369, 35097, 35201]
2026-02-25 20:04:12,549 - DEBUG - scraping.utils - Bicycle_index: 1
2026-02-25 20:04:12,550 - DEBUG - scraping.utils - Bicycle href: https://www.bikingpoint.es/es/bicicletas/doccasion/bicicleta-orbea-occam-m23-2023-t-s-2a-mano.html
2026-02-25 20:04:13,153 - DEBUG - scraping.utils - Bicycle reference: 35777
2026-02-25 20:04:13,245 - DEBUG - scraping.utils - New price history saved: 2026-02-25 : 1599.00
2026-02-25 20:04:13,245 - DEBUG - scraping.utils - Bicycle_index: 2
2026-02-25 20:04:13,245 - DEBUG - scraping.utils - Bicycle href: https://www.bikingpoint.es/es/bicicleta-liv-embolden-29-2-2025.html
2026-02-25 20:04:13,751 - DEBUG - scraping.utils - Bicycle reference: 28180
2026-02-25 20:04:13,841 - DEBUG - scraping.utils - New price history saved: 2026-02-25 : 1499.00
2026-02-25 20:04:13,841 - DEBUG - scraping.utils - Bicycle_index: 3
2026-02-25 20:04:13,842 - DEBUG - scraping.utils - Bicycle href: https://www.bikingpoint.es/es/bicicletas/doccasion/bicicleta-massi-team-ultegra-disc-2019-t-52-2a-man.html
2026-02-25 20:04:14,307 - DEBUG - scraping.utils - Bicycle reference: 35892
2026-02-25 20:04:14,398 - DEBUG - scraping.utils - New price history saved: 2026-02-25 : 1499.00
2026-02-25 20:04:14,398 - DEBUG - scraping.utils - Bicycle_index: 4
2026-02-25 20:04:14,398 - DEBUG - scraping.utils - Bicycle href: https://www.bikingpoint.es/es/bicicleta-giant-stance-29-1-2022.html
2026-02-25 20:04:14,882 - DEBUG - scraping.utils - Bicycle reference: 27752
2026-02-25 20:04:14,976 - DEBUG - scraping.utils - New price history saved: 2026-02-25 : 1499.00
2026-02-25 20:04:14,976 - DEBUG - scraping.utils - Bicycle_index: 5
2026-02-25 20:04:14,976 - DEBUG - scraping.utils - Bicycle href: https://www.bikingpoint.es/es/bicicletas/carretera/carretera-massi/bicicleta-massi-shadow-105-mix-disc-t-48-oferta.html
2026-02-25 20:04:15,429 - DEBUG - scraping.utils - Bicycle reference: 60664
2026-02-25 20:04:15,520 - DEBUG - scraping.utils - New price history saved: 2026-02-25 : 1499.00
2026-02-25 20:04:15,520 - DEBUG - scraping.utils - Bicycle_index: 6
2026-02-25 20:04:15,521 - DEBUG - scraping.utils - Bicycle href: https://www.bikingpoint.es/es/bicicletas/mtb-rigidas/bicicleta-massi-casta-29-endurance-2026.html
2026-02-25 20:04:16,066 - DEBUG - scraping.utils - Bicycle reference: 61732
2026-02-25 20:04:16,159 - DEBUG - scraping.utils - New price history saved: 2026-02-25 : 1450.00
2026-02-25 20:04:16,160 - DEBUG - scraping.utils - Bicycle_index: 7
2026-02-25 20:04:16,160 - DEBUG - scraping.utils - Bicycle href: https://www.bikingpoint.es/es/bicicletas/vtt-semi-rigides/bicicleta-scott-scale-930-t-xl-ed-esp.html
2026-02-25 20:04:16,692 - DEBUG - scraping.utils - Bicycle reference: 33153
2026-02-25 20:04:16,783 - DEBUG - scraping.utils - New price history saved: 2026-02-25 : 1449.00
2026-02-25 20:04:16,783 - DEBUG - scraping.utils - Bicycle_index: 8
2026-02-25 20:04:16,783 - DEBUG - scraping.utils - Bicycle href: https://www.bikingpoint.es/es/bicicletas/ciclocross/bicicleta-giant-revolt-2-2026.html
2026-02-25 20:04:17,349 - DEBUG - scraping.utils - Bicycle reference: 35648
2026-02-25 20:04:17,486 - DEBUG - scraping.utils - New price history saved: 2026-02-25 : 1399.00
2026-02-25 20:04:17,486 - DEBUG - scraping.utils - Bicycle_index: 9
2026-02-25 20:04:17,486 - DEBUG - scraping.utils - Bicycle href: https://www.bikingpoint.es/es/bicicletas/paseo-city-cruiser/plegables-yeah/bicicleta-plegable-dahon-k-feather.html
2026-02-25 20:04:17,962 - DEBUG - scraping.utils - Bicycle reference: 64572
2026-02-25 20:04:18,057 - DEBUG - scraping.utils - New price history saved: 2026-02-25 : 1349.00
2026-02-25 20:04:18,057 - DEBUG - scraping.utils - Bicycle_index: 10
2026-02-25 20:04:18,057 - DEBUG - scraping.utils - Bicycle href: https://www.bikingpoint.es/es/bicicletas/mtb-rigidas/bicicleta-massi-casta-29-pro-1x12-2026.html
2026-02-25 20:04:18,506 - DEBUG - scraping.utils - Bicycle reference: 61727
2026-02-25 20:04:18,598 - DEBUG - scraping.utils - New price history saved: 2026-02-25 : 1349.00
2026-02-25 20:04:18,598 - DEBUG - scraping.utils - Bicycle_index: 11
2026-02-25 20:04:18,598 - DEBUG - scraping.utils - Bicycle href: https://www.bikingpoint.es/es/bicicletas/doccasion/bicicleta-specialized-epic-ht-c-c-t-m-2018-2a-mano.html
2026-02-25 20:04:19,124 - DEBUG - scraping.utils - Bicycle reference: 35891
2026-02-25 20:04:19,220 - DEBUG - scraping.utils - New price history saved: 2026-02-25 : 1299.00
2026-02-25 20:04:19,221 - DEBUG - scraping.utils - Bicycle_index: 12
2026-02-25 20:04:19,221 - DEBUG - scraping.utils - Bicycle href: https://www.bikingpoint.es/es/bicicletas/doccasion/bicicleta-giant-stance-e-2-t-s-2022-2a-mano.html
2026-02-25 20:04:19,668 - DEBUG - scraping.utils - Bicycle reference: 35943
2026-02-25 20:04:19,714 - INFO - scraping.utils - Creating a new bicycle for reference 35943
2026-02-25 20:04:19,715 - DEBUG - scraping.utils - Bicycle_index: 13
2026-02-25 20:04:19,715 - DEBUG - scraping.utils - Bicycle href: https://www.bikingpoint.es/es/bicicletas/mtb-rigidas/bicicleta-massi-casta-29-elite-1x12-2025.html
2026-02-25 20:04:20,182 - DEBUG - scraping.utils - Bicycle reference: 61733
2026-02-25 20:04:20,273 - DEBUG - scraping.utils - New price history saved: 2026-02-25 : 1299.00
2026-02-25 20:04:20,274 - DEBUG - scraping.utils - Bicycle_index: 14
2026-02-25 20:04:20,274 - DEBUG - scraping.utils - Bicycle href: https://www.bikingpoint.es/es/bicicletas/vtt-semi-rigides/bicicleta-massi-team-rally-fox-2021-t-17-2a-mano.html
2026-02-25 20:04:20,738 - DEBUG - scraping.utils - Bicycle reference: 35681
2026-02-25 20:04:20,830 - DEBUG - scraping.utils - New price history saved: 2026-02-25 : 1299.00
2026-02-25 20:04:20,830 - DEBUG - scraping.utils - Bicycle_index: 15
2026-02-25 20:04:20,830 - DEBUG - scraping.utils - Bicycle href: https://www.bikingpoint.es/es/bicicletas/mtb-rigidas/bicicleta-scott-scale-940-white-2026.html
2026-02-25 20:04:21,338 - DEBUG - scraping.utils - Bicycle reference: 35493
2026-02-25 20:04:21,429 - DEBUG - scraping.utils - New price history saved: 2026-02-25 : 1199.00
bicycle_references_not_in_web: [35563, 35515, 631941, 61563, 30465, 62776, 62667, 626671, 35477, 35475, 34209, 35480, 35478, 35813, 34548, 626681, 62771, 63195, 34210, 35556, 63076, 62668, 34490, 35500, 35658, 27890, 35651, 33495, 35659, 34694, 63291, 61562, 35497, 35503, 61668, 30703, 35483, 34195, 626691, 61572, 34136, 61621, 631966, 35702, 35628, 35123, 63596, 35494, 61568, 61674, 61869, 63196, 34171, 35504, 35498, 63210, 30688, 34632, 30937, 61576, 35488, 63593, 35490, 62677, 32784, 631971, 31063, 33154, 61624, 28114, 35653, 60064, 29404, 30487, 34196, 30476, 35495, 35621, 63594, 59926, 61648, 34185, 60063, 60077, 61628, 60081, 629721, 35998, 34014, 34013, 35817, 35662, 64920, 29347, 60067, 35499, 57695, 34175, 34198, 28329, 61611, 63214, 59831, 57126, 28174, 30480, 34004, 35220, 27385, 35664, 61613, 59927, 31141, 35552, 35923, 61715, 63202, 35654, 64303, 28119, 59928, 61663, 63238, 35663, 632381, 61912, 61655, 59917, 27384, 59971, 57733, 60083, 30938, 31077, 33991, 35828, 35865, 34206, 61716, 57157, 30966, 28175, 28121, 63215, 30489, 30492, 60200, 35496, 30490, 33417, 60445, 60071, 61656, 61664, 62799, 35666, 35797, 57700, 34187, 35983, 28176, 35590, 35427, 61709, 34200, 35655, 35667, 61659, 35661, 64758, 35800, 29315, 61069, 34001, 635371, 34049, 63207, 61710, 35706, 61660, 59920, 59932, 35993, 34643, 27255, 53006, 32193, 35492, 35115, 33990, 32772, 58609, 62660, 35939, 27744, 30840, 626601, 57978, 61661, 27257, 28254, 31164, 61315, 31568, 63560, 28584, 30244, 61272, 27755, 35751, 34517, 25268, 54138, 27548, 27256, 61729, 35705, 58381, 33987, 27258, 31163, 64827, 27754, 35656, 27728, 62659, 626591, 27750, 61728, 35777, 27752, 60664, 35892, 28180, 61732, 33153, 64572, 35825, 35681, 35493, 35610, 60103, 60397, 27407, 35099, 35648, 61727, 35891, 61733, 36044, 64995, 61725, 61724, 56041, 62234, 33456, 32962, 62235, 27406, 35381, 35591, 35672, 63998, 62241, 35963, 55590, 57792, 31912, 35622, 34184, 35988, 53965, 57803, 57802, 35624, 31821, 35203, 35682, 35207, 35205, 35206, 35204, 35668, 35625, 35623, 28330, 35890, 31837, 35673, 63211, 34663, 30483, 60246, 31591, 34919, 34666, 31140, 34003, 31078, 33919, 30484, 27254, 35369, 35097, 35201]
url: https://www.bikingpoint.es/es/bicicletas.html/?p=14
Página 14: Encontradas 15 bicicletas
bicycle_references_not_in_web: [35563, 35515, 631941, 61563, 30465, 62776, 62667, 626671, 35477, 35475, 34209, 35480, 35478, 35813, 34548, 626681, 62771, 63195, 34210, 35556, 63076, 62668, 34490, 35500, 35658, 27890, 35651, 33495, 35659, 34694, 63291, 61562, 35497, 35503, 61668, 30703, 35483, 34195, 626691, 61572, 34136, 61621, 631966, 35702, 35628, 35123, 63596, 35494, 61568, 61674, 61869, 63196, 34171, 35504, 35498, 63210, 30688, 34632, 30937, 61576, 35488, 63593, 35490, 62677, 32784, 631971, 31063, 33154, 61624, 28114, 35653, 60064, 29404, 30487, 34196, 30476, 35495, 35621, 63594, 59926, 61648, 34185, 60063, 60077, 61628, 60081, 629721, 35998, 34014, 34013, 35817, 35662, 64920, 29347, 60067, 35499, 57695, 34175, 34198, 28329, 61611, 63214, 59831, 57126, 28174, 30480, 34004, 35220, 27385, 35664, 61613, 59927, 31141, 35552, 35923, 61715, 63202, 35654, 64303, 28119, 59928, 61663, 63238, 35663, 632381, 61912, 61655, 59917, 27384, 59971, 57733, 60083, 30938, 31077, 33991, 35828, 35865, 34206, 61716, 57157, 30966, 28175, 28121, 63215, 30489, 30492, 60200, 35496, 30490, 33417, 60445, 60071, 61656, 61664, 62799, 35666, 35797, 57700, 34187, 35983, 28176, 35590, 35427, 61709, 34200, 35655, 35667, 61659, 35661, 64758, 35800, 29315, 61069, 34001, 635371, 34049, 63207, 61710, 35706, 61660, 59920, 59932, 35993, 34643, 27255, 53006, 32193, 35492, 35115, 33990, 32772, 58609, 62660, 35939, 27744, 30840, 626601, 57978, 61661, 27257, 28254, 31164, 61315, 31568, 63560, 28584, 30244, 61272, 27755, 35751, 34517, 25268, 54138, 27548, 27256, 61729, 35705, 58381, 33987, 27258, 31163, 64827, 27754, 35656, 27728, 62659, 626591, 27750, 61728, 35777, 27752, 60664, 35892, 28180, 61732, 33153, 64572, 35825, 35681, 35493, 35610, 60103, 60397, 27407, 35099, 35648, 61727, 35891, 61733, 36044, 64995, 61725, 61724, 56041, 62234, 33456, 32962, 62235, 27406, 35381, 35591, 35672, 63998, 62241, 35963, 55590, 57792, 31912, 35622, 34184, 35988, 53965, 57803, 57802, 35624, 31821, 35203, 35682, 35207, 35205, 35206, 35204, 35668, 35625, 35623, 28330, 35890, 31837, 35673, 63211, 34663, 30483, 60246, 31591, 34919, 34666, 31140, 34003, 31078, 33919, 30484, 27254, 35369, 35097, 35201]
url: https://www.bikingpoint.es/es/bicicletas.html/?p=15
Página 15: Encontradas 15 bicicletas
bicycle_references_not_in_web: [35563, 35515, 631941, 61563, 30465, 62776, 62667, 626671, 35477, 35475, 34209, 35480, 35478, 35813, 34548, 626681, 62771, 63195, 34210, 35556, 63076, 62668, 34490, 35500, 35658, 27890, 35651, 33495, 35659, 34694, 63291, 61562, 35497, 35503, 61668, 30703, 35483, 34195, 626691, 61572, 34136, 61621, 631966, 35702, 35628, 35123, 63596, 35494, 61568, 61674, 61869, 63196, 34171, 35504, 35498, 63210, 30688, 34632, 30937, 61576, 35488, 63593, 35490, 62677, 32784, 631971, 31063, 33154, 61624, 28114, 35653, 60064, 29404, 30487, 34196, 30476, 35495, 35621, 63594, 59926, 61648, 34185, 60063, 60077, 61628, 60081, 629721, 35998, 34014, 34013, 35817, 35662, 64920, 29347, 60067, 35499, 57695, 34175, 34198, 28329, 61611, 63214, 59831, 57126, 28174, 30480, 34004, 35220, 27385, 35664, 61613, 59927, 31141, 35552, 35923, 61715, 63202, 35654, 64303, 28119, 59928, 61663, 63238, 35663, 632381, 61912, 61655, 59917, 27384, 59971, 57733, 60083, 30938, 31077, 33991, 35828, 35865, 34206, 61716, 57157, 30966, 28175, 28121, 63215, 30489, 30492, 60200, 35496, 30490, 33417, 60445, 60071, 61656, 61664, 62799, 35666, 35797, 57700, 34187, 35983, 28176, 35590, 35427, 61709, 34200, 35655, 35667, 61659, 35661, 64758, 35800, 29315, 61069, 34001, 635371, 34049, 63207, 61710, 35706, 61660, 59920, 59932, 35993, 34643, 27255, 53006, 32193, 35492, 35115, 33990, 32772, 58609, 62660, 35939, 27744, 30840, 626601, 57978, 61661, 27257, 28254, 31164, 61315, 31568, 63560, 28584, 30244, 61272, 27755, 35751, 34517, 25268, 54138, 27548, 27256, 61729, 35705, 58381, 33987, 27258, 31163, 64827, 27754, 35656, 27728, 62659, 626591, 27750, 61728, 35777, 27752, 60664, 35892, 28180, 61732, 33153, 64572, 35825, 35681, 35493, 35610, 60103, 60397, 27407, 35099, 35648, 61727, 35891, 61733, 36044, 64995, 61725, 61724, 56041, 62234, 33456, 32962, 62235, 27406, 35381, 35591, 35672, 63998, 62241, 35963, 55590, 57792, 31912, 35622, 34184, 35988, 53965, 57803, 57802, 35624, 31821, 35203, 35682, 35207, 35205, 35206, 35204, 35668, 35625, 35623, 28330, 35890, 31837, 35673, 63211, 34663, 30483, 60246, 31591, 34919, 34666, 31140, 34003, 31078, 33919, 30484, 27254, 35369, 35097, 35201]
url: https://www.bikingpoint.es/es/bicicletas.html/?p=16
Página 16: Encontradas 15 bicicletas
Error durante el guardado de Bicycle o add_todays_price
2026-02-25 20:04:28,656 - DEBUG - scraping.utils - create_bicycles started for biking_point with 15 product_elements_html finded on the page
2026-02-25 20:04:28,656 - DEBUG - scraping.utils - Bicycle references saved in DB: [35563, 35515, 631941, 61563, 30465, 62776, 62667, 626671, 35477, 35475, 34209, 35480, 35478, 35813, 34548, 626681, 62771, 63195, 34210, 35556, 63076, 62668, 34490, 35500, 35658, 27890, 35651, 33495, 35659, 34694, 63291, 61562, 35497, 35503, 61668, 30703, 35483, 34195, 626691, 61572, 34136, 61621, 631966, 35702, 35628, 35123, 63596, 35494, 61568, 61674, 61869, 63196, 34171, 35504, 35498, 63210, 30688, 34632, 30937, 61576, 35488, 63593, 35490, 62677, 32784, 631971, 31063, 33154, 61624, 28114, 35653, 60064, 29404, 30487, 34196, 30476, 35495, 35621, 63594, 59926, 61648, 34185, 60063, 60077, 61628, 60081, 629721, 35998, 34014, 34013, 35817, 35662, 64920, 29347, 60067, 35499, 57695, 34175, 34198, 28329, 61611, 63214, 59831, 57126, 28174, 30480, 34004, 35220, 27385, 35664, 61613, 59927, 31141, 35552, 35923, 61715, 63202, 35654, 64303, 28119, 59928, 61663, 63238, 35663, 632381, 61912, 61655, 59917, 27384, 59971, 57733, 60083, 30938, 31077, 33991, 35828, 35865, 34206, 61716, 57157, 30966, 28175, 28121, 63215, 30489, 30492, 60200, 35496, 30490, 33417, 60445, 60071, 61656, 61664, 62799, 35666, 35797, 57700, 34187, 35983, 28176, 35590, 35427, 61709, 34200, 35655, 35667, 61659, 35661, 64758, 35800, 29315, 61069, 34001, 635371, 34049, 63207, 61710, 35706, 61660, 59920, 59932, 35993, 34643, 27255, 53006, 32193, 35492, 35115, 33990, 32772, 58609, 62660, 35939, 27744, 30840, 626601, 57978, 61661, 27257, 28254, 31164, 61315, 31568, 63560, 28584, 30244, 61272, 27755, 35751, 34517, 25268, 54138, 27548, 27256, 61729, 35705, 58381, 33987, 27258, 31163, 64827, 27754, 35656, 27728, 62659, 626591, 27750, 61728, 35777, 27752, 60664, 35892, 28180, 61732, 33153, 64572, 35825, 35681, 35493, 35610, 60103, 60397, 27407, 35099, 35648, 61727, 35891, 61733, 36044, 64995, 61725, 61724, 56041, 62234, 33456, 32962, 62235, 27406, 35381, 35591, 35672, 63998, 62241, 35963, 55590, 57792, 31912, 35622, 34184, 35988, 53965, 57803, 57802, 35624, 31821, 35203, 35682, 35207, 35205, 35206, 35204, 35668, 35625, 35623, 28330, 35890, 31837, 35673, 63211, 34663, 30483, 60246, 31591, 34919, 34666, 31140, 34003, 31078, 33919, 30484, 27254, 35369, 35097, 35201]
2026-02-25 20:04:28,656 - DEBUG - scraping.utils - Bicycle_index: 1
2026-02-25 20:04:28,656 - DEBUG - scraping.utils - Bicycle href: https://www.bikingpoint.es/es/bicicletas/doccasion/bicicleta-megamo-factory-07-t-m-2021-2a-mano.html
2026-02-25 20:04:29,161 - DEBUG - scraping.utils - Bicycle reference: 35369
2026-02-25 20:04:29,264 - DEBUG - scraping.utils - New price history saved: 2026-02-25 : 1100.00
2026-02-25 20:04:29,264 - DEBUG - scraping.utils - Bicycle_index: 2
2026-02-25 20:04:29,264 - DEBUG - scraping.utils - Bicycle href: https://www.bikingpoint.es/es/bicicletas/mtb-rigidas/bicicleta-massi-fura-29-endurance-1x12v-2026.html
2026-02-25 20:04:29,740 - DEBUG - scraping.utils - Bicycle reference: 64995
2026-02-25 20:04:29,843 - DEBUG - scraping.utils - New price history saved: 2026-02-25 : 1099.00
2026-02-25 20:04:29,843 - DEBUG - scraping.utils - Bicycle_index: 3
2026-02-25 20:04:29,843 - DEBUG - scraping.utils - Bicycle href: https://www.bikingpoint.es/es/bicicletas/doccasion/bicicleta-merida-big-nine-1500-2022-t-19-2a-mano.html
2026-02-25 20:04:30,402 - DEBUG - scraping.utils - Bicycle reference: 35097
2026-02-25 20:04:30,499 - DEBUG - scraping.utils - New price history saved: 2026-02-25 : 1099.00
2026-02-25 20:04:30,499 - DEBUG - scraping.utils - Bicycle_index: 4
2026-02-25 20:04:30,499 - DEBUG - scraping.utils - Bicycle href: https://www.bikingpoint.es/es/bicicletas/doccasion/bicicleta-scott-speedster-road-2x10-t-56-2a-mano.html
2026-02-25 20:04:31,094 - DEBUG - scraping.utils - Bicycle reference: 35610
2026-02-25 20:04:31,192 - DEBUG - scraping.utils - New price history saved: 2026-02-25 : 1099.00
2026-02-25 20:04:31,193 - DEBUG - scraping.utils - Bicycle_index: 5
2026-02-25 20:04:31,193 - DEBUG - scraping.utils - Bicycle href: https://www.bikingpoint.es/es/bicicletas/mtb-rigidas/bicicleta-massi-fura-29-endurance-1x12-2025.html
2026-02-25 20:04:32,019 - DEBUG - scraping.utils - Bicycle reference: 61725
2026-02-25 20:04:32,116 - DEBUG - scraping.utils - New price history saved: 2026-02-25 : 1099.00
2026-02-25 20:04:32,117 - DEBUG - scraping.utils - Bicycle_index: 6
2026-02-25 20:04:32,117 - DEBUG - scraping.utils - Bicycle href: https://www.bikingpoint.es/es/bicicletas/mtb-rigidas/bicicleta-massi-fura-29-pro-1x12.html
2026-02-25 20:04:32,712 - DEBUG - scraping.utils - Bicycle reference: 60103
2026-02-25 20:04:32,812 - DEBUG - scraping.utils - New price history saved: 2026-02-25 : 1075.00
2026-02-25 20:04:32,813 - DEBUG - scraping.utils - Bicycle_index: 7
2026-02-25 20:04:32,813 - DEBUG - scraping.utils - Bicycle href: https://www.bikingpoint.es/es/bicicletas/mtb-rigidas/bicicleta-massi-fura-29-pro-1x12-2025.html
2026-02-25 20:04:33,356 - DEBUG - scraping.utils - Bicycle reference: 60397
2026-02-25 20:04:33,458 - DEBUG - scraping.utils - New price history saved: 2026-02-25 : 1075.00
2026-02-25 20:04:33,458 - DEBUG - scraping.utils - Bicycle_index: 8
2026-02-25 20:04:33,458 - DEBUG - scraping.utils - Bicycle href: https://www.bikingpoint.es/es/bicicletas/mtb-rigidas/bicicleta-massi-fura-29-elite-1x12-2025.html
2026-02-25 20:04:33,969 - DEBUG - scraping.utils - Bicycle reference: 61724
2026-02-25 20:04:34,064 - DEBUG - scraping.utils - New price history saved: 2026-02-25 : 1049.00
2026-02-25 20:04:34,065 - DEBUG - scraping.utils - Bicycle_index: 9
2026-02-25 20:04:34,065 - DEBUG - scraping.utils - Bicycle href: https://www.bikingpoint.es/es/bicicletas/doccasion/bicicleta-massi-across-alu-grx-1x11-24-t-54-2a-m.html
2026-02-25 20:04:34,510 - DEBUG - scraping.utils - Bicycle reference: 35099
2026-02-25 20:04:34,613 - DEBUG - scraping.utils - New price history saved: 2026-02-25 : 1000.00
2026-02-25 20:04:34,613 - DEBUG - scraping.utils - Bicycle_index: 10
2026-02-25 20:04:34,613 - DEBUG - scraping.utils - Bicycle href: https://www.bikingpoint.es/es/bicicletas/doccasion/bicicleta-giant-talon-e-3-t-l-2022-2a-mano.html
2026-02-25 20:04:35,150 - DEBUG - scraping.utils - Bicycle reference: 35381
2026-02-25 20:04:35,254 - DEBUG - scraping.utils - New price history saved: 2026-02-25 : 1000.00
2026-02-25 20:04:35,254 - DEBUG - scraping.utils - Bicycle_index: 11
2026-02-25 20:04:35,254 - DEBUG - scraping.utils - Bicycle href: https://www.bikingpoint.es/es/bicicletas/mtb-rigidas/bicicleta-massi-fura-29-tech-1x10-2025.html
2026-02-25 20:04:35,821 - DEBUG - scraping.utils - Bicycle reference: 62234
2026-02-25 20:04:35,914 - DEBUG - scraping.utils - New price history saved: 2026-02-25 : 999.00
2026-02-25 20:04:35,914 - DEBUG - scraping.utils - Bicycle_index: 12
2026-02-25 20:04:35,914 - DEBUG - scraping.utils - Bicycle href: https://www.bikingpoint.es/es/bicicleta-massi-aire-alu-27-5-1x10-deore-especial.html
2026-02-25 20:04:36,493 - DEBUG - scraping.utils - Bicycle reference: 56041
2026-02-25 20:04:36,586 - DEBUG - scraping.utils - New price history saved: 2026-02-25 : 999.00
2026-02-25 20:04:36,586 - DEBUG - scraping.utils - Bicycle_index: 13
2026-02-25 20:04:36,587 - DEBUG - scraping.utils - Bicycle href: https://www.bikingpoint.es/es/bicicletas/ciclocross/bicicleta-giant-revolt-1-2025.html
2026-02-25 20:04:37,149 - DEBUG - scraping.utils - Bicycle reference: 33456
2026-02-25 20:04:37,242 - DEBUG - scraping.utils - New price history saved: 2026-02-25 : 999.00
2026-02-25 20:04:37,242 - DEBUG - scraping.utils - Bicycle_index: 14
2026-02-25 20:04:37,243 - DEBUG - scraping.utils - Bicycle href: https://www.bikingpoint.es/es/bicicletas/ciclocross/bicicleta-giant-revolt-2-2025.html
2026-02-25 20:04:37,775 - DEBUG - scraping.utils - Bicycle reference: 32962
2026-02-25 20:04:37,866 - DEBUG - scraping.utils - New price history saved: 2026-02-25 : 993.00
2026-02-25 20:04:37,866 - DEBUG - scraping.utils - Bicycle_index: 15
2026-02-25 20:04:37,866 - DEBUG - scraping.utils - Bicycle href: https://www.bikingpoint.es/es/bicicletas/mtb-rigidas/bicicleta-massi-fura-29-comp-1x11-2025.html
2026-02-25 20:04:38,374 - DEBUG - scraping.utils - Bicycle reference: 62235
2026-02-25 20:04:38,469 - DEBUG - scraping.utils - New price history saved: 2026-02-25 : 949.00
2026-02-25 20:04:42,886 - DEBUG - scraping.utils - create_bicycles started for biking_point with 15 product_elements_html finded on the page
2026-02-25 20:04:42,886 - DEBUG - scraping.utils - Bicycle references saved in DB: [35563, 35515, 631941, 61563, 30465, 62776, 62667, 626671, 35477, 35475, 34209, 35480, 35478, 35813, 34548, 626681, 62771, 63195, 34210, 35556, 63076, 62668, 34490, 35500, 35658, 27890, 35651, 33495, 35659, 34694, 63291, 61562, 35497, 35503, 61668, 30703, 35483, 34195, 626691, 61572, 34136, 61621, 631966, 35702, 35628, 35123, 63596, 35494, 61568, 61674, 61869, 63196, 34171, 35504, 35498, 63210, 30688, 34632, 30937, 61576, 35488, 63593, 35490, 62677, 32784, 631971, 31063, 33154, 61624, 28114, 35653, 60064, 29404, 30487, 34196, 30476, 35495, 35621, 63594, 59926, 61648, 34185, 60063, 60077, 61628, 60081, 629721, 35998, 34014, 34013, 35817, 35662, 64920, 29347, 60067, 35499, 57695, 34175, 34198, 28329, 61611, 63214, 59831, 57126, 28174, 30480, 34004, 35220, 27385, 35664, 61613, 59927, 31141, 35552, 35923, 61715, 63202, 35654, 64303, 28119, 59928, 61663, 63238, 35663, 632381, 61912, 61655, 59917, 27384, 59971, 57733, 60083, 30938, 31077, 33991, 35828, 35865, 34206, 61716, 57157, 30966, 28175, 28121, 63215, 30489, 30492, 60200, 35496, 30490, 33417, 60445, 60071, 61656, 61664, 62799, 35666, 35797, 57700, 34187, 35983, 28176, 35590, 35427, 61709, 34200, 35655, 35667, 61659, 35661, 64758, 35800, 29315, 61069, 34001, 635371, 34049, 63207, 61710, 35706, 61660, 59920, 59932, 35993, 34643, 27255, 53006, 32193, 35492, 35115, 33990, 32772, 58609, 62660, 35939, 27744, 30840, 626601, 57978, 61661, 27257, 28254, 31164, 61315, 31568, 63560, 28584, 30244, 61272, 27755, 35751, 34517, 25268, 54138, 27548, 27256, 61729, 35705, 58381, 33987, 27258, 31163, 64827, 27754, 35656, 27728, 62659, 626591, 27750, 61728, 35777, 27752, 60664, 35892, 28180, 61732, 33153, 64572, 35825, 35681, 35493, 35610, 60103, 60397, 27407, 35099, 35648, 61727, 35891, 61733, 36044, 64995, 61725, 61724, 56041, 62234, 33456, 32962, 62235, 27406, 35381, 35591, 35672, 63998, 62241, 35963, 55590, 57792, 31912, 35622, 34184, 35988, 53965, 57803, 57802, 35624, 31821, 35203, 35682, 35207, 35205, 35206, 35204, 35668, 35625, 35623, 28330, 35890, 31837, 35673, 63211, 34663, 30483, 60246, 31591, 34919, 34666, 31140, 34003, 31078, 33919, 30484, 27254, 35369, 35097, 35201]
2026-02-25 20:04:42,886 - DEBUG - scraping.utils - Bicycle_index: 1
2026-02-25 20:04:42,886 - DEBUG - scraping.utils - Bicycle href: https://www.bikingpoint.es/es/bicicletas/mtb-rigidas/bicicleta-scott-scale-980.html
2026-02-25 20:04:43,330 - DEBUG - scraping.utils - Bicycle reference: 27406
2026-02-25 20:04:43,419 - DEBUG - scraping.utils - New price history saved: 2026-02-25 : 899.00
2026-02-25 20:04:43,419 - DEBUG - scraping.utils - Bicycle_index: 2
2026-02-25 20:04:43,420 - DEBUG - scraping.utils - Bicycle href: https://www.bikingpoint.es/es/bicicletas/mtb-rigidas/bicicleta-massi-fura-29-enter-1x9-2025.html
2026-02-25 20:04:43,939 - DEBUG - scraping.utils - Bicycle reference: 62241
2026-02-25 20:04:44,029 - DEBUG - scraping.utils - New price history saved: 2026-02-25 : 799.00
2026-02-25 20:04:44,029 - DEBUG - scraping.utils - Bicycle_index: 3
2026-02-25 20:04:44,030 - DEBUG - scraping.utils - Bicycle href: https://www.bikingpoint.es/es/bicicletas/mtb-rigidas/bicicleta-massi-trax-enter-29-1x9-2025.html
2026-02-25 20:04:44,508 - DEBUG - scraping.utils - Bicycle reference: 63998
2026-02-25 20:04:44,597 - DEBUG - scraping.utils - New price history saved: 2026-02-25 : 799.00
2026-02-25 20:04:44,597 - DEBUG - scraping.utils - Bicycle_index: 4
2026-02-25 20:04:44,598 - DEBUG - scraping.utils - Bicycle href: https://www.bikingpoint.es/es/bicicletas/doccasion/bicicleta-scott-scale-970-2022-t-l-2a-mano.html
2026-02-25 20:04:45,145 - DEBUG - scraping.utils - Bicycle reference: 35963
2026-02-25 20:04:45,238 - DEBUG - scraping.utils - New price history saved: 2026-02-25 : 750.00
2026-02-25 20:04:45,238 - DEBUG - scraping.utils - Bicycle_index: 5
2026-02-25 20:04:45,238 - DEBUG - scraping.utils - Bicycle href: https://www.bikingpoint.es/es/bicicletas/doccasion/bicicleta-massi-fura-29-pro-1x12-t-s-2023-2a-mano.html
2026-02-25 20:04:45,767 - DEBUG - scraping.utils - Bicycle reference: 34919
2026-02-25 20:04:45,857 - DEBUG - scraping.utils - New price history saved: 2026-02-25 : 750.00
2026-02-25 20:04:45,857 - DEBUG - scraping.utils - Bicycle_index: 6
2026-02-25 20:04:45,857 - DEBUG - scraping.utils - Bicycle href: https://www.bikingpoint.es/es/bicicletas/mtb-rigidas/bicicleta-scott-contrail-30-black-2026.html
2026-02-25 20:04:46,337 - DEBUG - scraping.utils - Bicycle reference: 35591
2026-02-25 20:04:46,427 - DEBUG - scraping.utils - New price history saved: 2026-02-25 : 749.00
2026-02-25 20:04:46,427 - DEBUG - scraping.utils - Bicycle_index: 7
2026-02-25 20:04:46,427 - DEBUG - scraping.utils - Bicycle href: https://www.bikingpoint.es/es/bicicletas/paseo-city-cruiser/plegables-yeah/bicicleta-plegable-dahon-mariner-d8-color.html
2026-02-25 20:04:46,885 - DEBUG - scraping.utils - Bicycle reference: 55590
2026-02-25 20:04:46,983 - DEBUG - scraping.utils - New price history saved: 2026-02-25 : 744.95
2026-02-25 20:04:46,983 - DEBUG - scraping.utils - Bicycle_index: 8
2026-02-25 20:04:46,984 - DEBUG - scraping.utils - Bicycle href: https://www.bikingpoint.es/es/bicicletas/paseo-city-cruiser/plegables-yeah/bicicleta-dahon-piazza-d8.html
2026-02-25 20:04:47,522 - DEBUG - scraping.utils - Bicycle reference: 57792
2026-02-25 20:04:47,613 - DEBUG - scraping.utils - New price history saved: 2026-02-25 : 656.95
2026-02-25 20:04:47,614 - DEBUG - scraping.utils - Bicycle_index: 9
2026-02-25 20:04:47,614 - DEBUG - scraping.utils - Bicycle href: https://www.bikingpoint.es/es/bicicletas/mtb-rigidas/bicicleta-scott-aspect-950-yellow-kh-2025.html
2026-02-25 20:04:48,135 - DEBUG - scraping.utils - Bicycle reference: 31912
2026-02-25 20:04:48,226 - DEBUG - scraping.utils - New price history saved: 2026-02-25 : 649.00
2026-02-25 20:04:48,226 - DEBUG - scraping.utils - Bicycle_index: 10
2026-02-25 20:04:48,226 - DEBUG - scraping.utils - Bicycle href: https://www.bikingpoint.es/es/bicicletas/mtb-rigidas/bicicleta-liv-tempt-3-27-5-2026.html
2026-02-25 20:04:48,674 - DEBUG - scraping.utils - Bicycle reference: 35622
2026-02-25 20:04:48,770 - DEBUG - scraping.utils - New price history saved: 2026-02-25 : 649.00
2026-02-25 20:04:48,770 - DEBUG - scraping.utils - Bicycle_index: 11
2026-02-25 20:04:48,770 - DEBUG - scraping.utils - Bicycle href: https://www.bikingpoint.es/es/bicicletas/mtb-rigidas/bicicleta-scott-aspect-950-grey-kh-2025.html
2026-02-25 20:04:49,298 - DEBUG - scraping.utils - Bicycle reference: 34184
2026-02-25 20:04:49,388 - DEBUG - scraping.utils - New price history saved: 2026-02-25 : 647.10
2026-02-25 20:04:49,388 - DEBUG - scraping.utils - Bicycle_index: 12
2026-02-25 20:04:49,388 - DEBUG - scraping.utils - Bicycle href: https://www.bikingpoint.es/es/bicicletas/infantil/enfants-scott/bicicleta-scott-scale-600-silver-2026.html
2026-02-25 20:04:49,832 - DEBUG - scraping.utils - Bicycle reference: 35988
2026-02-25 20:04:49,922 - DEBUG - scraping.utils - New price history saved: 2026-02-25 : 646.00
2026-02-25 20:04:49,922 - DEBUG - scraping.utils - Bicycle_index: 13
2026-02-25 20:04:49,922 - DEBUG - scraping.utils - Bicycle href: https://www.bikingpoint.es/es/bicicletas/paseo-city-cruiser/plegables-yeah/bicicleta-plegable-dahon-vybe-d7.html
2026-02-25 20:04:50,478 - DEBUG - scraping.utils - Bicycle reference: 53965
2026-02-25 20:04:50,569 - DEBUG - scraping.utils - New price history saved: 2026-02-25 : 599.00
2026-02-25 20:04:50,569 - DEBUG - scraping.utils - Bicycle_index: 14
2026-02-25 20:04:50,569 - DEBUG - scraping.utils - Bicycle href: https://www.bikingpoint.es/es/bicicletas/paseo-city-cruiser/plegables-yeah/bicicleta-plegable-dahon-hit-negra.html
2026-02-25 20:04:51,027 - DEBUG - scraping.utils - Bicycle reference: 57803
2026-02-25 20:04:51,120 - DEBUG - scraping.utils - New price history saved: 2026-02-25 : 572.99
2026-02-25 20:04:51,120 - DEBUG - scraping.utils - Bicycle_index: 15
2026-02-25 20:04:51,120 - DEBUG - scraping.utils - Bicycle href: https://www.bikingpoint.es/es/bicicletas/paseo-city-cruiser/plegables-yeah/bicicleta-plegable-dahon-hit-naked-negra.html
2026-02-25 20:04:51,605 - DEBUG - scraping.utils - Bicycle reference: 57802
2026-02-25 20:04:51,696 - DEBUG - scraping.utils - New price history saved: 2026-02-25 : 561.75
2026-02-25 20:04:58,476 - DEBUG - scraping.utils - create_bicycles started for biking_point with 15 product_elements_html finded on the page
2026-02-25 20:04:58,476 - DEBUG - scraping.utils - Bicycle references saved in DB: [35563, 35515, 631941, 61563, 30465, 62776, 62667, 626671, 35477, 35475, 34209, 35480, 35478, 35813, 34548, 626681, 62771, 63195, 34210, 35556, 63076, 62668, 34490, 35500, 35658, 27890, 35651, 33495, 35659, 34694, 63291, 61562, 35497, 35503, 61668, 30703, 35483, 34195, 626691, 61572, 34136, 61621, 631966, 35702, 35628, 35123, 63596, 35494, 61568, 61674, 61869, 63196, 34171, 35504, 35498, 63210, 30688, 34632, 30937, 61576, 35488, 63593, 35490, 62677, 32784, 631971, 31063, 33154, 61624, 28114, 35653, 60064, 29404, 30487, 34196, 30476, 35495, 35621, 63594, 59926, 61648, 34185, 60063, 60077, 61628, 60081, 629721, 35998, 34014, 34013, 35817, 35662, 64920, 29347, 60067, 35499, 57695, 34175, 34198, 28329, 61611, 63214, 59831, 57126, 28174, 30480, 34004, 35220, 27385, 35664, 61613, 59927, 31141, 35552, 35923, 61715, 63202, 35654, 64303, 28119, 59928, 61663, 63238, 35663, 632381, 61912, 61655, 59917, 27384, 59971, 57733, 60083, 30938, 31077, 33991, 35828, 35865, 34206, 61716, 57157, 30966, 28175, 28121, 63215, 30489, 30492, 60200, 35496, 30490, 33417, 60445, 60071, 61656, 61664, 62799, 35666, 35797, 57700, 34187, 35983, 28176, 35590, 35427, 61709, 34200, 35655, 35667, 61659, 35661, 64758, 35800, 29315, 61069, 34001, 635371, 34049, 63207, 61710, 35706, 61660, 59920, 59932, 35993, 34643, 27255, 53006, 32193, 35492, 35115, 33990, 32772, 58609, 62660, 35939, 27744, 30840, 626601, 57978, 61661, 27257, 28254, 31164, 61315, 31568, 63560, 28584, 30244, 61272, 27755, 35751, 34517, 25268, 54138, 27548, 27256, 61729, 35705, 58381, 33987, 27258, 31163, 64827, 27754, 35656, 27728, 62659, 626591, 27750, 61728, 35777, 27752, 60664, 35892, 28180, 61732, 33153, 64572, 35825, 35681, 35493, 35610, 60103, 60397, 27407, 35099, 35648, 61727, 35891, 61733, 36044, 64995, 61725, 61724, 56041, 62234, 33456, 32962, 62235, 27406, 35381, 35591, 35672, 63998, 62241, 35963, 55590, 57792, 31912, 35622, 34184, 35988, 53965, 57803, 57802, 35624, 31821, 35203, 35682, 35207, 35205, 35206, 35204, 35668, 35625, 35623, 28330, 35890, 31837, 35673, 63211, 34663, 30483, 60246, 31591, 34919, 34666, 31140, 34003, 31078, 33919, 30484, 27254, 35369, 35097, 35201]
2026-02-25 20:04:58,476 - DEBUG - scraping.utils - Bicycle_index: 1
2026-02-25 20:04:58,476 - DEBUG - scraping.utils - Bicycle href: https://www.bikingpoint.es/es/bicicletas/mtb-rigidas/bicicleta-giant-talon-29-3-2025-35624.html
2026-02-25 20:04:59,092 - DEBUG - scraping.utils - Bicycle reference: 35624
2026-02-25 20:04:59,200 - DEBUG - scraping.utils - New price history saved: 2026-02-25 : 551.65
2026-02-25 20:04:59,200 - DEBUG - scraping.utils - Bicycle_index: 2
2026-02-25 20:04:59,200 - DEBUG - scraping.utils - Bicycle href: https://www.bikingpoint.es/es/bicicletas/mtb-rigidas/bicicleta-scott-aspect-960-orange-2025.html
2026-02-25 20:04:59,707 - DEBUG - scraping.utils - Bicycle reference: 31821
2026-02-25 20:04:59,800 - DEBUG - scraping.utils - New price history saved: 2026-02-25 : 549.00
2026-02-25 20:04:59,800 - DEBUG - scraping.utils - Bicycle_index: 3
2026-02-25 20:04:59,801 - DEBUG - scraping.utils - Bicycle href: https://www.bikingpoint.es/es/bicicletas/infantil/enfants-scott/bicicleta-scott-contrail-400-purple-24.html
2026-02-25 20:05:02,984 - DEBUG - scraping.utils - Bicycle reference: 35203
2026-02-25 20:05:03,087 - DEBUG - scraping.utils - New price history saved: 2026-02-25 : 476.00
2026-02-25 20:05:03,087 - DEBUG - scraping.utils - Bicycle_index: 4
2026-02-25 20:05:03,087 - DEBUG - scraping.utils - Bicycle href: https://www.bikingpoint.es/es/bicicletas/vtt-semi-rigides/bicicleta-ktm-chicago-291-2024-t-m-2a-mano.html
2026-02-25 20:05:03,543 - DEBUG - scraping.utils - Bicycle reference: 35682
2026-02-25 20:05:03,642 - DEBUG - scraping.utils - New price history saved: 2026-02-25 : 450.00
2026-02-25 20:05:03,643 - DEBUG - scraping.utils - Bicycle_index: 5
2026-02-25 20:05:03,643 - DEBUG - scraping.utils - Bicycle href: https://www.bikingpoint.es/es/bicicletas/infantil/enfants-scott/bicicleta-scott-contrail-400-orange-24.html
2026-02-25 20:05:04,096 - DEBUG - scraping.utils - Bicycle reference: 35201
2026-02-25 20:05:04,193 - DEBUG - scraping.utils - New price history saved: 2026-02-25 : 448.00
2026-02-25 20:05:04,193 - DEBUG - scraping.utils - Bicycle_index: 6
2026-02-25 20:05:04,193 - DEBUG - scraping.utils - Bicycle href: https://www.bikingpoint.es/es/bicicletas/infantil/enfants-giant/bicicleta-giant-talon-20-2026.html
2026-02-25 20:05:04,649 - DEBUG - scraping.utils - Bicycle reference: 35669
2026-02-25 20:05:04,699 - INFO - scraping.utils - Creating a new bicycle for reference 35669
2026-02-25 20:05:04,700 - DEBUG - scraping.utils - Bicycle_index: 7
2026-02-25 20:05:04,700 - DEBUG - scraping.utils - Bicycle href: https://www.bikingpoint.es/es/bicicletas/infantil/enfants-scott/bicicleta-scott-contrail-200-blue-20.html
2026-02-25 20:05:05,217 - DEBUG - scraping.utils - Bicycle reference: 35204
2026-02-25 20:05:05,313 - DEBUG - scraping.utils - New price history saved: 2026-02-25 : 391.00
2026-02-25 20:05:05,313 - DEBUG - scraping.utils - Bicycle_index: 8
2026-02-25 20:05:05,313 - DEBUG - scraping.utils - Bicycle href: https://www.bikingpoint.es/es/bicicletas/infantil/enfants-scott/bicicleta-scott-contrail-160-yellow-16.html
2026-02-25 20:05:05,916 - DEBUG - scraping.utils - Bicycle reference: 35207
2026-02-25 20:05:06,013 - DEBUG - scraping.utils - New price history saved: 2026-02-25 : 391.00
2026-02-25 20:05:06,013 - DEBUG - scraping.utils - Bicycle_index: 9
2026-02-25 20:05:06,013 - DEBUG - scraping.utils - Bicycle href: https://www.bikingpoint.es/es/bicicletas/infantil/enfants-scott/bicicleta-scott-contrail-200-yellow-20.html
2026-02-25 20:05:06,540 - DEBUG - scraping.utils - Bicycle reference: 35205
2026-02-25 20:05:06,637 - DEBUG - scraping.utils - New price history saved: 2026-02-25 : 391.00
2026-02-25 20:05:06,637 - DEBUG - scraping.utils - Bicycle_index: 10
2026-02-25 20:05:06,638 - DEBUG - scraping.utils - Bicycle href: https://www.bikingpoint.es/es/bicicletas/infantil/enfants-scott/bicicleta-scott-contrail-160-green-16.html
2026-02-25 20:05:07,108 - DEBUG - scraping.utils - Bicycle reference: 35206
2026-02-25 20:05:07,205 - DEBUG - scraping.utils - New price history saved: 2026-02-25 : 391.00
2026-02-25 20:05:07,205 - DEBUG - scraping.utils - Bicycle_index: 11
2026-02-25 20:05:07,205 - DEBUG - scraping.utils - Bicycle href: https://www.bikingpoint.es/es/bicicletas/infantil/enfants-giant/bicicleta-giant-talon-24-disc-2026.html
2026-02-25 20:05:07,813 - DEBUG - scraping.utils - Bicycle reference: 35668
2026-02-25 20:05:07,913 - DEBUG - scraping.utils - New price history saved: 2026-02-25 : 390.15
2026-02-25 20:05:07,913 - DEBUG - scraping.utils - Bicycle_index: 12
2026-02-25 20:05:07,913 - DEBUG - scraping.utils - Bicycle href: https://www.bikingpoint.es/es/bicicletas/infantil/bicicleta-liv-tempt-24-disc-2026.html
2026-02-25 20:05:08,451 - DEBUG - scraping.utils - Bicycle reference: 35623
2026-02-25 20:05:08,550 - DEBUG - scraping.utils - New price history saved: 2026-02-25 : 362.49
2026-02-25 20:05:08,550 - DEBUG - scraping.utils - Bicycle_index: 13
2026-02-25 20:05:08,550 - DEBUG - scraping.utils - Bicycle href: https://www.bikingpoint.es/es/bicicletas/infantil/enfants-giant/bicicleta-giant-arx-24-2025.html
2026-02-25 20:05:09,023 - DEBUG - scraping.utils - Bicycle reference: 35625
2026-02-25 20:05:09,119 - DEBUG - scraping.utils - New price history saved: 2026-02-25 : 339.15
2026-02-25 20:05:09,119 - DEBUG - scraping.utils - Bicycle_index: 14
2026-02-25 20:05:09,119 - DEBUG - scraping.utils - Bicycle href: https://www.bikingpoint.es/es/bicicletas/infantil/enfants-giant/bicicleta-giant-arx-20-2026.html
2026-02-25 20:05:09,699 - DEBUG - scraping.utils - Bicycle reference: 35672
2026-02-25 20:05:09,795 - DEBUG - scraping.utils - New price history saved: 2026-02-25 : 321.15
2026-02-25 20:05:09,795 - DEBUG - scraping.utils - Bicycle_index: 15
2026-02-25 20:05:09,795 - DEBUG - scraping.utils - Bicycle href: https://www.bikingpoint.es/es/bicicletas/infantil/enfants-giant/bicicleta-liv-tempt-20-azul-2026.html
2026-02-25 20:05:10,264 - DEBUG - scraping.utils - Bicycle reference: 35890
2026-02-25 20:05:10,361 - DEBUG - scraping.utils - New price history saved: 2026-02-25 : 312.99
bicycle_references_not_in_web: [35563, 35515, 631941, 61563, 30465, 62776, 62667, 626671, 35477, 35475, 34209, 35480, 35478, 35813, 34548, 626681, 62771, 63195, 34210, 35556, 63076, 62668, 34490, 35500, 35658, 27890, 35651, 33495, 35659, 34694, 63291, 61562, 35497, 35503, 61668, 30703, 35483, 34195, 626691, 61572, 34136, 61621, 631966, 35702, 35628, 35123, 63596, 35494, 61568, 61674, 61869, 63196, 34171, 35504, 35498, 63210, 30688, 34632, 30937, 61576, 35488, 63593, 35490, 62677, 32784, 631971, 31063, 33154, 61624, 28114, 35653, 60064, 29404, 30487, 34196, 30476, 35495, 35621, 63594, 59926, 61648, 34185, 60063, 60077, 61628, 60081, 629721, 35998, 34014, 34013, 35817, 35662, 64920, 29347, 60067, 35499, 57695, 34175, 34198, 28329, 61611, 63214, 59831, 57126, 28174, 30480, 34004, 35220, 27385, 35664, 61613, 59927, 31141, 35552, 35923, 61715, 63202, 35654, 64303, 28119, 59928, 61663, 63238, 35663, 632381, 61912, 61655, 59917, 27384, 59971, 57733, 60083, 30938, 31077, 33991, 35828, 35865, 34206, 61716, 57157, 30966, 28175, 28121, 63215, 30489, 30492, 60200, 35496, 30490, 33417, 60445, 60071, 61656, 61664, 62799, 35666, 35797, 57700, 34187, 35983, 28176, 35590, 35427, 61709, 34200, 35655, 35667, 61659, 35661, 64758, 35800, 29315, 61069, 34001, 635371, 34049, 63207, 61710, 35706, 61660, 59920, 59932, 35993, 34643, 27255, 53006, 32193, 35492, 35115, 33990, 32772, 58609, 62660, 35939, 27744, 30840, 626601, 57978, 61661, 27257, 28254, 31164, 61315, 31568, 63560, 28584, 30244, 61272, 27755, 35751, 34517, 25268, 54138, 27548, 27256, 61729, 35705, 58381, 33987, 27258, 31163, 64827, 27754, 35656, 27728, 62659, 626591, 27750, 61728, 35777, 27752, 60664, 35892, 28180, 61732, 33153, 64572, 35825, 35681, 35493, 35610, 60103, 60397, 27407, 35099, 35648, 61727, 35891, 61733, 36044, 64995, 61725, 61724, 56041, 62234, 33456, 32962, 62235, 27406, 35381, 35591, 35672, 63998, 62241, 35963, 55590, 57792, 31912, 35622, 34184, 35988, 53965, 57803, 57802, 35624, 31821, 35203, 35682, 35207, 35205, 35206, 35204, 35668, 35625, 35623, 28330, 35890, 31837, 35673, 63211, 34663, 30483, 60246, 31591, 34919, 34666, 31140, 34003, 31078, 33919, 30484, 27254, 35369, 35097, 35201]
url: https://www.bikingpoint.es/es/bicicletas.html/?p=17
Página 17: Encontradas 15 bicicletas
bicycle_references_not_in_web: [35563, 35515, 631941, 61563, 30465, 62776, 62667, 626671, 35477, 35475, 34209, 35480, 35478, 35813, 34548, 626681, 62771, 63195, 34210, 35556, 63076, 62668, 34490, 35500, 35658, 27890, 35651, 33495, 35659, 34694, 63291, 61562, 35497, 35503, 61668, 30703, 35483, 34195, 626691, 61572, 34136, 61621, 631966, 35702, 35628, 35123, 63596, 35494, 61568, 61674, 61869, 63196, 34171, 35504, 35498, 63210, 30688, 34632, 30937, 61576, 35488, 63593, 35490, 62677, 32784, 631971, 31063, 33154, 61624, 28114, 35653, 60064, 29404, 30487, 34196, 30476, 35495, 35621, 63594, 59926, 61648, 34185, 60063, 60077, 61628, 60081, 629721, 35998, 34014, 34013, 35817, 35662, 64920, 29347, 60067, 35499, 57695, 34175, 34198, 28329, 61611, 63214, 59831, 57126, 28174, 30480, 34004, 35220, 27385, 35664, 61613, 59927, 31141, 35552, 35923, 61715, 63202, 35654, 64303, 28119, 59928, 61663, 63238, 35663, 632381, 61912, 61655, 59917, 27384, 59971, 57733, 60083, 30938, 31077, 33991, 35828, 35865, 34206, 61716, 57157, 30966, 28175, 28121, 63215, 30489, 30492, 60200, 35496, 30490, 33417, 60445, 60071, 61656, 61664, 62799, 35666, 35797, 57700, 34187, 35983, 28176, 35590, 35427, 61709, 34200, 35655, 35667, 61659, 35661, 64758, 35800, 29315, 61069, 34001, 635371, 34049, 63207, 61710, 35706, 61660, 59920, 59932, 35993, 34643, 27255, 53006, 32193, 35492, 35115, 33990, 32772, 58609, 62660, 35939, 27744, 30840, 626601, 57978, 61661, 27257, 28254, 31164, 61315, 31568, 63560, 28584, 30244, 61272, 27755, 35751, 34517, 25268, 54138, 27548, 27256, 61729, 35705, 58381, 33987, 27258, 31163, 64827, 27754, 35656, 27728, 62659, 626591, 27750, 61728, 35777, 27752, 60664, 35892, 28180, 61732, 33153, 64572, 35825, 35681, 35493, 35610, 60103, 60397, 27407, 35099, 35648, 61727, 35891, 61733, 36044, 64995, 61725, 61724, 56041, 62234, 33456, 32962, 62235, 27406, 35381, 35591, 35672, 63998, 62241, 35963, 55590, 57792, 31912, 35622, 34184, 35988, 53965, 57803, 57802, 35624, 31821, 35203, 35682, 35207, 35205, 35206, 35204, 35668, 35625, 35623, 28330, 35890, 31837, 35673, 63211, 34663, 30483, 60246, 31591, 34919, 34666, 31140, 34003, 31078, 33919, 30484, 27254, 35369, 35097, 35201]
url: https://www.bikingpoint.es/es/bicicletas.html/?p=18
Página 18: Encontradas 15 bicicletas
bicycle_references_not_in_web: [35563, 35515, 631941, 61563, 30465, 62776, 62667, 626671, 35477, 35475, 34209, 35480, 35478, 35813, 34548, 626681, 62771, 63195, 34210, 35556, 63076, 62668, 34490, 35500, 35658, 27890, 35651, 33495, 35659, 34694, 63291, 61562, 35497, 35503, 61668, 30703, 35483, 34195, 626691, 61572, 34136, 61621, 631966, 35702, 35628, 35123, 63596, 35494, 61568, 61674, 61869, 63196, 34171, 35504, 35498, 63210, 30688, 34632, 30937, 61576, 35488, 63593, 35490, 62677, 32784, 631971, 31063, 33154, 61624, 28114, 35653, 60064, 29404, 30487, 34196, 30476, 35495, 35621, 63594, 59926, 61648, 34185, 60063, 60077, 61628, 60081, 629721, 35998, 34014, 34013, 35817, 35662, 64920, 29347, 60067, 35499, 57695, 34175, 34198, 28329, 61611, 63214, 59831, 57126, 28174, 30480, 34004, 35220, 27385, 35664, 61613, 59927, 31141, 35552, 35923, 61715, 63202, 35654, 64303, 28119, 59928, 61663, 63238, 35663, 632381, 61912, 61655, 59917, 27384, 59971, 57733, 60083, 30938, 31077, 33991, 35828, 35865, 34206, 61716, 57157, 30966, 28175, 28121, 63215, 30489, 30492, 60200, 35496, 30490, 33417, 60445, 60071, 61656, 61664, 62799, 35666, 35797, 57700, 34187, 35983, 28176, 35590, 35427, 61709, 34200, 35655, 35667, 61659, 35661, 64758, 35800, 29315, 61069, 34001, 635371, 34049, 63207, 61710, 35706, 61660, 59920, 59932, 35993, 34643, 27255, 53006, 32193, 35492, 35115, 33990, 32772, 58609, 62660, 35939, 27744, 30840, 626601, 57978, 61661, 27257, 28254, 31164, 61315, 31568, 63560, 28584, 30244, 61272, 27755, 35751, 34517, 25268, 54138, 27548, 27256, 61729, 35705, 58381, 33987, 27258, 31163, 64827, 27754, 35656, 27728, 62659, 626591, 27750, 61728, 35777, 27752, 60664, 35892, 28180, 61732, 33153, 64572, 35825, 35681, 35493, 35610, 60103, 60397, 27407, 35099, 35648, 61727, 35891, 61733, 36044, 64995, 61725, 61724, 56041, 62234, 33456, 32962, 62235, 27406, 35381, 35591, 35672, 63998, 62241, 35963, 55590, 57792, 31912, 35622, 34184, 35988, 53965, 57803, 57802, 35624, 31821, 35203, 35682, 35207, 35205, 35206, 35204, 35668, 35625, 35623, 28330, 35890, 31837, 35673, 63211, 34663, 30483, 60246, 31591, 34919, 34666, 31140, 34003, 31078, 33919, 30484, 27254, 35369, 35097, 35201]
url: https://www.bikingpoint.es/es/bicicletas.html/?p=19
Página 19: Encontradas 15 bicicletas
Error durante el guardado de Bicycle o add_todays_price
2026-02-25 20:05:15,390 - DEBUG - scraping.utils - create_bicycles started for biking_point with 4 product_elements_html finded on the page
2026-02-25 20:05:15,390 - DEBUG - scraping.utils - Bicycle references saved in DB: [35563, 35515, 631941, 61563, 30465, 62776, 62667, 626671, 35477, 35475, 34209, 35480, 35478, 35813, 34548, 626681, 62771, 63195, 34210, 35556, 63076, 62668, 34490, 35500, 35658, 27890, 35651, 33495, 35659, 34694, 63291, 61562, 35497, 35503, 61668, 30703, 35483, 34195, 626691, 61572, 34136, 61621, 631966, 35702, 35628, 35123, 63596, 35494, 61568, 61674, 61869, 63196, 34171, 35504, 35498, 63210, 30688, 34632, 30937, 61576, 35488, 63593, 35490, 62677, 32784, 631971, 31063, 33154, 61624, 28114, 35653, 60064, 29404, 30487, 34196, 30476, 35495, 35621, 63594, 59926, 61648, 34185, 60063, 60077, 61628, 60081, 629721, 35998, 34014, 34013, 35817, 35662, 64920, 29347, 60067, 35499, 57695, 34175, 34198, 28329, 61611, 63214, 59831, 57126, 28174, 30480, 34004, 35220, 27385, 35664, 61613, 59927, 31141, 35552, 35923, 61715, 63202, 35654, 64303, 28119, 59928, 61663, 63238, 35663, 632381, 61912, 61655, 59917, 27384, 59971, 57733, 60083, 30938, 31077, 33991, 35828, 35865, 34206, 61716, 57157, 30966, 28175, 28121, 63215, 30489, 30492, 60200, 35496, 30490, 33417, 60445, 60071, 61656, 61664, 62799, 35666, 35797, 57700, 34187, 35983, 28176, 35590, 35427, 61709, 34200, 35655, 35667, 61659, 35661, 64758, 35800, 29315, 61069, 34001, 635371, 34049, 63207, 61710, 35706, 61660, 59920, 59932, 35993, 34643, 27255, 53006, 32193, 35492, 35115, 33990, 32772, 58609, 62660, 35939, 27744, 30840, 626601, 57978, 61661, 27257, 28254, 31164, 61315, 31568, 63560, 28584, 30244, 61272, 27755, 35751, 34517, 25268, 54138, 27548, 27256, 61729, 35705, 58381, 33987, 27258, 31163, 64827, 27754, 35656, 27728, 62659, 626591, 27750, 61728, 35777, 27752, 60664, 35892, 28180, 61732, 33153, 64572, 35825, 35681, 35493, 35610, 60103, 60397, 27407, 35099, 35648, 61727, 35891, 61733, 36044, 64995, 61725, 61724, 56041, 62234, 33456, 32962, 62235, 27406, 35381, 35591, 35672, 63998, 62241, 35963, 55590, 57792, 31912, 35622, 34184, 35988, 53965, 57803, 57802, 35624, 31821, 35203, 35682, 35207, 35205, 35206, 35204, 35668, 35625, 35623, 28330, 35890, 31837, 35673, 63211, 34663, 30483, 60246, 31591, 34919, 34666, 31140, 34003, 31078, 33919, 30484, 27254, 35369, 35097, 35201]
2026-02-25 20:05:15,390 - DEBUG - scraping.utils - Bicycle_index: 1
2026-02-25 20:05:15,390 - DEBUG - scraping.utils - Bicycle href: https://www.bikingpoint.es/es/bicicletas/infantil/enfants-scott/bicicleta-scott-roxter-14-kh-2025.html
2026-02-25 20:05:15,899 - DEBUG - scraping.utils - Bicycle reference: 31837
2026-02-25 20:05:15,993 - DEBUG - scraping.utils - New price history saved: 2026-02-25 : 307.00
2026-02-25 20:05:15,993 - DEBUG - scraping.utils - Bicycle_index: 2
2026-02-25 20:05:15,993 - DEBUG - scraping.utils - Bicycle href: https://www.bikingpoint.es/es/bicicletas/infantil/enfants-giant/bicicleta-giant-arx-16-2026.html
2026-02-25 20:05:16,506 - DEBUG - scraping.utils - Bicycle reference: 35673
2026-02-25 20:05:16,598 - DEBUG - scraping.utils - New price history saved: 2026-02-25 : 254.15
2026-02-25 20:05:16,598 - DEBUG - scraping.utils - Bicycle_index: 3
2026-02-25 20:05:16,599 - DEBUG - scraping.utils - Bicycle href: https://www.bikingpoint.es/es/bicicletas/doccasion/bicicleta-scott-contessa-16-kh-2022-2a-mano.html
2026-02-25 20:05:17,134 - DEBUG - scraping.utils - Bicycle reference: 34666
2026-02-25 20:05:17,224 - DEBUG - scraping.utils - New price history saved: 2026-02-25 : 200.00
2026-02-25 20:05:17,224 - DEBUG - scraping.utils - Bicycle_index: 4
2026-02-25 20:05:17,225 - DEBUG - scraping.utils - Bicycle href: https://www.bikingpoint.es/es/bicicletas/infantil/enfants-giant/bicicleta-giant-pre-push-2022.html
2026-02-25 20:05:17,685 - DEBUG - scraping.utils - Bicycle reference: 28330
2026-02-25 20:05:17,779 - DEBUG - scraping.utils - New price history saved: 2026-02-25 : 138.00
bicycle_references_not_in_web: [35563, 35515, 631941, 61563, 30465, 62776, 62667, 626671, 35477, 35475, 34209, 35480, 35478, 35813, 34548, 626681, 62771, 63195, 34210, 35556, 63076, 62668, 34490, 35500, 35658, 27890, 35651, 33495, 35659, 34694, 63291, 61562, 35497, 35503, 61668, 30703, 35483, 34195, 626691, 61572, 34136, 61621, 631966, 35702, 35628, 35123, 63596, 35494, 61568, 61674, 61869, 63196, 34171, 35504, 35498, 63210, 30688, 34632, 30937, 61576, 35488, 63593, 35490, 62677, 32784, 631971, 31063, 33154, 61624, 28114, 35653, 60064, 29404, 30487, 34196, 30476, 35495, 35621, 63594, 59926, 61648, 34185, 60063, 60077, 61628, 60081, 629721, 35998, 34014, 34013, 35817, 35662, 64920, 29347, 60067, 35499, 57695, 34175, 34198, 28329, 61611, 63214, 59831, 57126, 28174, 30480, 34004, 35220, 27385, 35664, 61613, 59927, 31141, 35552, 35923, 61715, 63202, 35654, 64303, 28119, 59928, 61663, 63238, 35663, 632381, 61912, 61655, 59917, 27384, 59971, 57733, 60083, 30938, 31077, 33991, 35828, 35865, 34206, 61716, 57157, 30966, 28175, 28121, 63215, 30489, 30492, 60200, 35496, 30490, 33417, 60445, 60071, 61656, 61664, 62799, 35666, 35797, 57700, 34187, 35983, 28176, 35590, 35427, 61709, 34200, 35655, 35667, 61659, 35661, 64758, 35800, 29315, 61069, 34001, 635371, 34049, 63207, 61710, 35706, 61660, 59920, 59932, 35993, 34643, 27255, 53006, 32193, 35492, 35115, 33990, 32772, 58609, 62660, 35939, 27744, 30840, 626601, 57978, 61661, 27257, 28254, 31164, 61315, 31568, 63560, 28584, 30244, 61272, 27755, 35751, 34517, 25268, 54138, 27548, 27256, 61729, 35705, 58381, 33987, 27258, 31163, 64827, 27754, 35656, 27728, 62659, 626591, 27750, 61728, 35777, 27752, 60664, 35892, 28180, 61732, 33153, 64572, 35825, 35681, 35493, 35610, 60103, 60397, 27407, 35099, 35648, 61727, 35891, 61733, 36044, 64995, 61725, 61724, 56041, 62234, 33456, 32962, 62235, 27406, 35381, 35591, 35672, 63998, 62241, 35963, 55590, 57792, 31912, 35622, 34184, 35988, 53965, 57803, 57802, 35624, 31821, 35203, 35682, 35207, 35205, 35206, 35204, 35668, 35625, 35623, 28330, 35890, 31837, 35673, 63211, 34663, 30483, 60246, 31591, 34919, 34666, 31140, 34003, 31078, 33919, 30484, 27254, 35369, 35097, 35201]
url: https://www.bikingpoint.es/es/bicicletas.html/?p=20
Página 20: Encontradas 4 bicicletas
bicycle_references_not_in_web: [35563, 35515, 631941, 61563, 30465, 62776, 62667, 626671, 35477, 35475, 34209, 35480, 35478, 35813, 34548, 626681, 62771, 63195, 34210, 35556, 63076, 62668, 34490, 35500, 35658, 27890, 35651, 33495, 35659, 34694, 63291, 61562, 35497, 35503, 61668, 30703, 35483, 34195, 626691, 61572, 34136, 61621, 631966, 35702, 35628, 35123, 63596, 35494, 61568, 61674, 61869, 63196, 34171, 35504, 35498, 63210, 30688, 34632, 30937, 61576, 35488, 63593, 35490, 62677, 32784, 631971, 31063, 33154, 61624, 28114, 35653, 60064, 29404, 30487, 34196, 30476, 35495, 35621, 63594, 59926, 61648, 34185, 60063, 60077, 61628, 60081, 629721, 35998, 34014, 34013, 35817, 35662, 64920, 29347, 60067, 35499, 57695, 34175, 34198, 28329, 61611, 63214, 59831, 57126, 28174, 30480, 34004, 35220, 27385, 35664, 61613, 59927, 31141, 35552, 35923, 61715, 63202, 35654, 64303, 28119, 59928, 61663, 63238, 35663, 632381, 61912, 61655, 59917, 27384, 59971, 57733, 60083, 30938, 31077, 33991, 35828, 35865, 34206, 61716, 57157, 30966, 28175, 28121, 63215, 30489, 30492, 60200, 35496, 30490, 33417, 60445, 60071, 61656, 61664, 62799, 35666, 35797, 57700, 34187, 35983, 28176, 35590, 35427, 61709, 34200, 35655, 35667, 61659, 35661, 64758, 35800, 29315, 61069, 34001, 635371, 34049, 63207, 61710, 35706, 61660, 59920, 59932, 35993, 34643, 27255, 53006, 32193, 35492, 35115, 33990, 32772, 58609, 62660, 35939, 27744, 30840, 626601, 57978, 61661, 27257, 28254, 31164, 61315, 31568, 63560, 28584, 30244, 61272, 27755, 35751, 34517, 25268, 54138, 27548, 27256, 61729, 35705, 58381, 33987, 27258, 31163, 64827, 27754, 35656, 27728, 62659, 626591, 27750, 61728, 35777, 27752, 60664, 35892, 28180, 61732, 33153, 64572, 35825, 35681, 35493, 35610, 60103, 60397, 27407, 35099, 35648, 61727, 35891, 61733, 36044, 64995, 61725, 61724, 56041, 62234, 33456, 32962, 62235, 27406, 35381, 35591, 35672, 63998, 62241, 35963, 55590, 57792, 31912, 35622, 34184, 35988, 53965, 57803, 57802, 35624, 31821, 35203, 35682, 35207, 35205, 35206, 35204, 35668, 35625, 35623, 28330, 35890, 31837, 35673, 63211, 34663, 30483, 60246, 31591, 34919, 34666, 31140, 34003, 31078, 33919, 30484, 27254, 35369, 35097, 35201]
url: https://www.bikingpoint.es/es/bicicletas.html/?p=21
No hay más productos, finalizando.
Deleting bicycles
Scraping terminado.
2026-04-01 19:00:05,968 - DEBUG - asyncio - Using selector: EpollSelector
2026-04-01 19:00:05,969 - INFO - scraping.scraper - run_scraper function start
Traceback (most recent call last):
  File "/home/diegoayala/bike-price-tracker/run_scraper.py", line 22, in <module>
    main()
  File "/home/diegoayala/bike-price-tracker/run_scraper.py", line 19, in main
    asyncio.run(run_scraper(args.start, args.end, args.web, args.delete))
  File "/usr/lib/python3.10/asyncio/runners.py", line 44, in run
    return loop.run_until_complete(main)
  File "/usr/lib/python3.10/asyncio/base_events.py", line 649, in run_until_complete
    return future.result()
  File "/home/diegoayala/bike-price-tracker/scraping/scraper.py", line 39, in run_scraper
    browser = await p.chromium.launch(
  File "/home/diegoayala/.local/lib/python3.10/site-packages/playwright/async_api/_generated.py", line 14450, in launch
    await self._impl_obj.launch(
  File "/home/diegoayala/.local/lib/python3.10/site-packages/playwright/_impl/_browser_type.py", line 96, in launch
    Browser, from_channel(await self._channel.send("launch", params))
  File "/home/diegoayala/.local/lib/python3.10/site-packages/playwright/_impl/_connection.py", line 61, in send
    return await self._connection.wrap_api_call(
  File "/home/diegoayala/.local/lib/python3.10/site-packages/playwright/_impl/_connection.py", line 528, in wrap_api_call
    raise rewrite_error(error, f"{parsed_st['apiName']}: {error}") from None
playwright._impl._errors.TargetClosedError: BrowserType.launch: Target page, context or browser has been closed
Browser logs:

╔════════════════════════════════════════════════════════════════════════════════════════════════╗
║ Looks like you launched a headed browser without having a XServer running.                     ║
║ Set either 'headless: true' or use 'xvfb-run <your-playwright-app>' before running Playwright. ║
║                                                                                                ║
║ <3 Playwright Team                                                                             ║
╚════════════════════════════════════════════════════════════════════════════════════════════════╝
Call log:
  - <launching> /home/diegoayala/.cache/ms-playwright/chromium-1161/chrome-linux/chrome --disable-field-trial-config --disable-background-networking --disable-background-timer-throttling --disable-backgrounding-occluded-windows --disable-back-forward-cache --disable-breakpad --disable-client-side-phishing-detection --disable-component-extensions-with-background-pages --disable-component-update --no-default-browser-check --disable-default-apps --disable-dev-shm-usage --disable-extensions --disable-features=AcceptCHFrame,AutoExpandDetailsElement,AvoidUnnecessaryBeforeUnloadCheckSync,CertificateTransparencyComponentUpdater,DeferRendererTasksAfterInput,DestroyProfileOnBrowserClose,DialMediaRouteProvider,ExtensionManifestV2Disabled,GlobalMediaControls,HttpsUpgrades,ImprovedCookieControls,LazyFrameLoading,LensOverlay,MediaRouter,PaintHolding,ThirdPartyStoragePartitioning,Translate --allow-pre-commit-input --disable-hang-monitor --disable-ipc-flooding-protection --disable-popup-blocking --disable-prompt-on-repost --disable-renderer-backgrounding --force-color-profile=srgb --metrics-recording-only --no-first-run --enable-automation --password-store=basic --use-mock-keychain --no-service-autorun --export-tagged-pdf --disable-search-engine-choice-screen --unsafely-disable-devtools-self-xss-warnings --no-sandbox --no-sandbox --disable-dev-shm-usage --user-data-dir=/tmp/playwright_chromiumdev_profile-y0YbAF --remote-debugging-pipe --no-startup-window
  -   - <launched> pid=34975
  -   - [pid=34975][err] [34975:34975:0401/190007.350727:ERROR:ozone_platform_x11.cc(245)] Missing X server or $DISPLAY
  -   - [pid=34975][err] [34975:34975:0401/190007.352488:ERROR:env.cc(257)] The platform failed to initialize.  Exiting.

2026-04-24 19:00:03,856 - DEBUG - asyncio - Using selector: EpollSelector
2026-04-24 19:00:03,859 - INFO - scraping.scraper - run_scraper function start
Traceback (most recent call last):
  File "/home/diegoayala/bike-price-tracker/run_scraper.py", line 22, in <module>
    main()
  File "/home/diegoayala/bike-price-tracker/run_scraper.py", line 19, in main
    asyncio.run(run_scraper(args.start, args.end, args.web, args.delete))
  File "/usr/lib/python3.10/asyncio/runners.py", line 44, in run
    return loop.run_until_complete(main)
  File "/usr/lib/python3.10/asyncio/base_events.py", line 649, in run_until_complete
    return future.result()
  File "/home/diegoayala/bike-price-tracker/scraping/scraper.py", line 40, in run_scraper
    browser = await p.chromium.launch(
  File "/home/diegoayala/.local/lib/python3.10/site-packages/playwright/async_api/_generated.py", line 14450, in launch
    await self._impl_obj.launch(
  File "/home/diegoayala/.local/lib/python3.10/site-packages/playwright/_impl/_browser_type.py", line 96, in launch
    Browser, from_channel(await self._channel.send("launch", params))
  File "/home/diegoayala/.local/lib/python3.10/site-packages/playwright/_impl/_connection.py", line 61, in send
    return await self._connection.wrap_api_call(
  File "/home/diegoayala/.local/lib/python3.10/site-packages/playwright/_impl/_connection.py", line 528, in wrap_api_call
    raise rewrite_error(error, f"{parsed_st['apiName']}: {error}") from None
playwright._impl._errors.TargetClosedError: BrowserType.launch: Target page, context or browser has been closed
Browser logs:

╔════════════════════════════════════════════════════════════════════════════════════════════════╗
║ Looks like you launched a headed browser without having a XServer running.                     ║
║ Set either 'headless: true' or use 'xvfb-run <your-playwright-app>' before running Playwright. ║
║                                                                                                ║
║ <3 Playwright Team                                                                             ║
╚════════════════════════════════════════════════════════════════════════════════════════════════╝
Call log:
  - <launching> /home/diegoayala/.cache/ms-playwright/chromium-1161/chrome-linux/chrome --disable-field-trial-config --disable-background-networking --disable-background-timer-throttling --disable-backgrounding-occluded-windows --disable-back-forward-cache --disable-breakpad --disable-client-side-phishing-detection --disable-component-extensions-with-background-pages --disable-component-update --no-default-browser-check --disable-default-apps --disable-dev-shm-usage --disable-extensions --disable-features=AcceptCHFrame,AutoExpandDetailsElement,AvoidUnnecessaryBeforeUnloadCheckSync,CertificateTransparencyComponentUpdater,DeferRendererTasksAfterInput,DestroyProfileOnBrowserClose,DialMediaRouteProvider,ExtensionManifestV2Disabled,GlobalMediaControls,HttpsUpgrades,ImprovedCookieControls,LazyFrameLoading,LensOverlay,MediaRouter,PaintHolding,ThirdPartyStoragePartitioning,Translate --allow-pre-commit-input --disable-hang-monitor --disable-ipc-flooding-protection --disable-popup-blocking --disable-prompt-on-repost --disable-renderer-backgrounding --force-color-profile=srgb --metrics-recording-only --no-first-run --enable-automation --password-store=basic --use-mock-keychain --no-service-autorun --export-tagged-pdf --disable-search-engine-choice-screen --unsafely-disable-devtools-self-xss-warnings --no-sandbox --no-sandbox --disable-dev-shm-usage --user-data-dir=/tmp/playwright_chromiumdev_profile-KiGy7a --remote-debugging-pipe --no-startup-window
  -   - <launched> pid=40954
  -   - [pid=40954][err] [40954:40954:0424/190005.409558:ERROR:ozone_platform_x11.cc(245)] Missing X server or $DISPLAY
  -   - [pid=40954][err] [40954:40954:0424/190005.412092:ERROR:env.cc(257)] The platform failed to initialize.  Exiting.

Traceback (most recent call last):
  File "/home/diegoayala/bike-price-tracker/run_scraper.py", line 9, in <module>
    from scraping.views import run_scraper
  File "/home/diegoayala/bike-price-tracker/scraping/views.py", line 22, in <module>
    from .runner import run_scraper
  File "/home/diegoayala/bike-price-tracker/scraping/runner.py", line 20, in <module>
    from .strategies.factory import strategy_factory
  File "/home/diegoayala/bike-price-tracker/scraping/strategies/factory.py", line 1, in <module>
    from .biking_point import BikingPointStrategy
  File "/home/diegoayala/bike-price-tracker/scraping/strategies/biking_point.py", line 5, in <module>
    from ..runner import is_last_product
ImportError: cannot import name 'is_last_product' from partially initialized module 'scraping.runner' (most likely due to a circular import) (/home/diegoayala/bike-price-tracker/scraping/runner.py)
Traceback (most recent call last):
  File "/home/diegoayala/bike-price-tracker/run_scraper.py", line 7, in <module>
    django.setup()
  File "/home/diegoayala/.local/lib/python3.10/site-packages/django/__init__.py", line 24, in setup
    apps.populate(settings.INSTALLED_APPS)
  File "/home/diegoayala/.local/lib/python3.10/site-packages/django/apps/registry.py", line 91, in populate
    app_config = AppConfig.create(entry)
  File "/home/diegoayala/.local/lib/python3.10/site-packages/django/apps/config.py", line 193, in create
    import_module(entry)
  File "/usr/lib/python3.10/importlib/__init__.py", line 126, in import_module
    return _bootstrap._gcd_import(name[level:], package, level)
  File "<frozen importlib._bootstrap>", line 1050, in _gcd_import
  File "<frozen importlib._bootstrap>", line 1027, in _find_and_load
  File "<frozen importlib._bootstrap>", line 1004, in _find_and_load_unlocked
ModuleNotFoundError: No module named 'rest_framework'
2026-09-05 19:00:03,128 - DEBUG - asyncio - Using selector: EpollSelector
2026-09-05 19:00:03,130 - INFO - apps.scraping.decorators - Executing run_scraper
2026-09-05 19:00:04,884 - DEBUG - apps.scraping.services.runner - Url: https://www.bikingpoint.es/es/bicicletas.html/?p=1
2026-09-05 19:00:07,683 - WARNING - apps.scraping.services.runner - {'event': 'cloudflare_challenge_detected', 'url': 'https://www.bikingpoint.es/es/bicicletas.html/?p=1'}
2026-09-05 19:00:07,921 - INFO - apps.scraping.services.runner - {'event': 'cloudflare_challenge_cleared'}
2026-09-05 19:00:12,487 - DEBUG - apps.scraping.services.runner - Url: https://www.bikingpoint.es/es/bicicletas.html/?p=2
2026-09-05 19:00:12,904 - WARNING - apps.scraping.services.runner - {'event': 'cloudflare_challenge_detected', 'url': 'https://www.bikingpoint.es/es/bicicletas.html/?p=2'}
2026-09-05 19:00:57,911 - ERROR - apps.scraping.services.runner - {'event': 'cloudflare_challenge_timeout'}
2026-09-05 19:00:57,911 - WARNING - apps.scraping.services.runner - {'event': 'cloudflare_rotate_session', 'url': 'https://www.bikingpoint.es/es/bicicletas.html/?p=2', 'page': 2}
2026-09-05 19:01:15,178 - WARNING - apps.scraping.services.runner - {'event': 'cloudflare_challenge_detected', 'url': 'https://www.bikingpoint.es/es/bicicletas.html/?p=2'}
2026-09-05 19:01:15,364 - INFO - apps.scraping.services.runner - {'event': 'cloudflare_challenge_cleared'}
2026-09-05 19:01:22,648 - DEBUG - apps.scraping.services.runner - Url: https://www.bikingpoint.es/es/bicicletas.html/?p=3
2026-09-05 19:01:22,776 - WARNING - apps.scraping.services.runner - {'event': 'cloudflare_challenge_detected', 'url': 'https://www.bikingpoint.es/es/bicicletas.html/?p=3'}
2026-09-05 19:02:07,781 - ERROR - apps.scraping.services.runner - {'event': 'cloudflare_challenge_timeout'}
2026-09-05 19:02:07,782 - WARNING - apps.scraping.services.runner - {'event': 'cloudflare_rotate_session', 'url': 'https://www.bikingpoint.es/es/bicicletas.html/?p=3', 'page': 3}
2026-09-05 19:02:27,550 - WARNING - apps.scraping.services.runner - {'event': 'cloudflare_challenge_detected', 'url': 'https://www.bikingpoint.es/es/bicicletas.html/?p=3'}
2026-09-05 19:02:27,763 - INFO - apps.scraping.services.runner - {'event': 'cloudflare_challenge_cleared'}
2026-09-05 19:02:36,817 - DEBUG - apps.scraping.services.runner - Url: https://www.bikingpoint.es/es/bicicletas.html/?p=4
2026-09-05 19:02:36,978 - WARNING - apps.scraping.services.runner - {'event': 'cloudflare_challenge_detected', 'url': 'https://www.bikingpoint.es/es/bicicletas.html/?p=4'}
2026-09-05 19:03:21,982 - ERROR - apps.scraping.services.runner - {'event': 'cloudflare_challenge_timeout'}
2026-09-05 19:03:21,982 - WARNING - apps.scraping.services.runner - {'event': 'cloudflare_rotate_session', 'url': 'https://www.bikingpoint.es/es/bicicletas.html/?p=4', 'page': 4}
2026-09-05 19:03:46,595 - WARNING - apps.scraping.services.runner - {'event': 'cloudflare_challenge_detected', 'url': 'https://www.bikingpoint.es/es/bicicletas.html/?p=4'}
2026-09-05 19:03:46,696 - INFO - apps.scraping.services.runner - {'event': 'cloudflare_challenge_cleared'}
2026-09-05 19:03:54,413 - DEBUG - apps.scraping.services.runner - Url: https://www.bikingpoint.es/es/bicicletas.html/?p=5
2026-09-05 19:03:54,575 - WARNING - apps.scraping.services.runner - {'event': 'cloudflare_challenge_detected', 'url': 'https://www.bikingpoint.es/es/bicicletas.html/?p=5'}
2026-09-05 19:04:39,577 - ERROR - apps.scraping.services.runner - {'event': 'cloudflare_challenge_timeout'}
2026-09-05 19:04:39,578 - WARNING - apps.scraping.services.runner - {'event': 'cloudflare_rotate_session', 'url': 'https://www.bikingpoint.es/es/bicicletas.html/?p=5', 'page': 5}
2026-09-05 19:05:05,266 - WARNING - apps.scraping.services.runner - {'event': 'cloudflare_challenge_detected', 'url': 'https://www.bikingpoint.es/es/bicicletas.html/?p=5'}
2026-09-05 19:05:05,416 - INFO - apps.scraping.services.runner - {'event': 'cloudflare_challenge_cleared'}
2026-09-05 19:05:10,202 - DEBUG - apps.scraping.services.runner - Url: https://www.bikingpoint.es/es/bicicletas.html/?p=6
2026-09-05 19:05:10,344 - WARNING - apps.scraping.services.runner - {'event': 'cloudflare_challenge_detected', 'url': 'https://www.bikingpoint.es/es/bicicletas.html/?p=6'}
2026-09-05 19:05:55,349 - ERROR - apps.scraping.services.runner - {'event': 'cloudflare_challenge_timeout'}
2026-09-05 19:05:55,350 - WARNING - apps.scraping.services.runner - {'event': 'cloudflare_rotate_session', 'url': 'https://www.bikingpoint.es/es/bicicletas.html/?p=6', 'page': 6}
2026-09-05 19:06:21,247 - WARNING - apps.scraping.services.runner - {'event': 'cloudflare_challenge_detected', 'url': 'https://www.bikingpoint.es/es/bicicletas.html/?p=6'}
2026-09-05 19:06:21,423 - INFO - apps.scraping.services.runner - {'event': 'cloudflare_challenge_cleared'}
2026-09-05 19:06:30,095 - DEBUG - apps.scraping.services.runner - Url: https://www.bikingpoint.es/es/bicicletas.html/?p=7
2026-09-05 19:06:42,812 - WARNING - apps.scraping.services.runner - {'event': 'cloudflare_challenge_detected', 'url': 'https://www.bikingpoint.es/es/bicicletas.html/?p=7'}
2026-09-05 19:07:27,815 - ERROR - apps.scraping.services.runner - {'event': 'cloudflare_challenge_timeout'}
2026-09-05 19:07:27,815 - WARNING - apps.scraping.services.runner - {'event': 'cloudflare_rotate_session', 'url': 'https://www.bikingpoint.es/es/bicicletas.html/?p=7', 'page': 7}
2026-09-05 19:07:45,174 - WARNING - apps.scraping.services.runner - {'event': 'cloudflare_challenge_detected', 'url': 'https://www.bikingpoint.es/es/bicicletas.html/?p=7'}
2026-09-05 19:07:45,252 - INFO - apps.scraping.services.runner - {'event': 'cloudflare_challenge_cleared'}
2026-09-05 19:07:54,284 - DEBUG - apps.scraping.services.runner - Url: https://www.bikingpoint.es/es/bicicletas.html/?p=8
2026-09-05 19:07:54,451 - WARNING - apps.scraping.services.runner - {'event': 'cloudflare_challenge_detected', 'url': 'https://www.bikingpoint.es/es/bicicletas.html/?p=8'}
2026-09-05 19:08:39,455 - ERROR - apps.scraping.services.runner - {'event': 'cloudflare_challenge_timeout'}
2026-09-05 19:08:39,455 - WARNING - apps.scraping.services.runner - {'event': 'cloudflare_rotate_session', 'url': 'https://www.bikingpoint.es/es/bicicletas.html/?p=8', 'page': 8}
2026-09-05 19:09:02,678 - WARNING - apps.scraping.services.runner - {'event': 'cloudflare_challenge_detected', 'url': 'https://www.bikingpoint.es/es/bicicletas.html/?p=8'}
2026-09-05 19:09:03,335 - INFO - apps.scraping.services.runner - {'event': 'cloudflare_challenge_cleared'}
2026-09-05 19:09:08,279 - DEBUG - apps.scraping.services.runner - Url: https://www.bikingpoint.es/es/bicicletas.html/?p=9
2026-09-05 19:09:08,388 - WARNING - apps.scraping.services.runner - {'event': 'cloudflare_challenge_detected', 'url': 'https://www.bikingpoint.es/es/bicicletas.html/?p=9'}
2026-09-05 19:09:53,392 - ERROR - apps.scraping.services.runner - {'event': 'cloudflare_challenge_timeout'}
2026-09-05 19:09:53,392 - WARNING - apps.scraping.services.runner - {'event': 'cloudflare_rotate_session', 'url': 'https://www.bikingpoint.es/es/bicicletas.html/?p=9', 'page': 9}
2026-09-05 19:10:15,383 - WARNING - apps.scraping.services.runner - {'event': 'cloudflare_challenge_detected', 'url': 'https://www.bikingpoint.es/es/bicicletas.html/?p=9'}
2026-09-05 19:10:15,638 - INFO - apps.scraping.services.runner - {'event': 'cloudflare_challenge_cleared'}
2026-09-05 19:10:22,187 - DEBUG - apps.scraping.services.runner - Url: https://www.bikingpoint.es/es/bicicletas.html/?p=10
2026-09-05 19:10:22,343 - WARNING - apps.scraping.services.runner - {'event': 'cloudflare_challenge_detected', 'url': 'https://www.bikingpoint.es/es/bicicletas.html/?p=10'}
2026-09-05 19:11:07,377 - ERROR - apps.scraping.services.runner - {'event': 'cloudflare_challenge_timeout'}
2026-09-05 19:11:07,377 - WARNING - apps.scraping.services.runner - {'event': 'cloudflare_rotate_session', 'url': 'https://www.bikingpoint.es/es/bicicletas.html/?p=10', 'page': 10}
2026-09-05 19:11:34,006 - WARNING - apps.scraping.services.runner - {'event': 'cloudflare_challenge_detected', 'url': 'https://www.bikingpoint.es/es/bicicletas.html/?p=10'}
2026-09-05 19:11:34,252 - INFO - apps.scraping.services.runner - {'event': 'cloudflare_challenge_cleared'}
2026-09-05 19:11:41,790 - DEBUG - apps.scraping.services.runner - Url: https://www.bikingpoint.es/es/bicicletas.html/?p=11
2026-09-05 19:11:41,951 - WARNING - apps.scraping.services.runner - {'event': 'cloudflare_challenge_detected', 'url': 'https://www.bikingpoint.es/es/bicicletas.html/?p=11'}
2026-09-05 19:12:27,002 - ERROR - apps.scraping.services.runner - {'event': 'cloudflare_challenge_timeout'}
2026-09-05 19:12:27,002 - WARNING - apps.scraping.services.runner - {'event': 'cloudflare_rotate_session', 'url': 'https://www.bikingpoint.es/es/bicicletas.html/?p=11', 'page': 11}
2026-09-05 19:12:47,785 - WARNING - apps.scraping.services.runner - {'event': 'cloudflare_challenge_detected', 'url': 'https://www.bikingpoint.es/es/bicicletas.html/?p=11'}
2026-09-05 19:12:47,950 - INFO - apps.scraping.services.runner - {'event': 'cloudflare_challenge_cleared'}
2026-09-05 19:12:56,754 - DEBUG - apps.scraping.services.runner - Url: https://www.bikingpoint.es/es/bicicletas.html/?p=12
2026-09-05 19:12:56,913 - WARNING - apps.scraping.services.runner - {'event': 'cloudflare_challenge_detected', 'url': 'https://www.bikingpoint.es/es/bicicletas.html/?p=12'}
2026-09-05 19:13:41,917 - ERROR - apps.scraping.services.runner - {'event': 'cloudflare_challenge_timeout'}
2026-09-05 19:13:41,917 - WARNING - apps.scraping.services.runner - {'event': 'cloudflare_rotate_session', 'url': 'https://www.bikingpoint.es/es/bicicletas.html/?p=12', 'page': 12}
2026-09-05 19:14:01,978 - WARNING - apps.scraping.services.runner - {'event': 'cloudflare_challenge_detected', 'url': 'https://www.bikingpoint.es/es/bicicletas.html/?p=12'}
2026-09-05 19:14:02,073 - INFO - apps.scraping.services.runner - {'event': 'cloudflare_challenge_cleared'}
2026-09-05 19:14:08,442 - DEBUG - apps.scraping.services.runner - Url: https://www.bikingpoint.es/es/bicicletas.html/?p=13
2026-09-05 19:14:08,603 - WARNING - apps.scraping.services.runner - {'event': 'cloudflare_challenge_detected', 'url': 'https://www.bikingpoint.es/es/bicicletas.html/?p=13'}
2026-09-05 19:14:53,621 - ERROR - apps.scraping.services.runner - {'event': 'cloudflare_challenge_timeout'}
2026-09-05 19:14:53,621 - WARNING - apps.scraping.services.runner - {'event': 'cloudflare_rotate_session', 'url': 'https://www.bikingpoint.es/es/bicicletas.html/?p=13', 'page': 13}
2026-09-05 19:15:12,740 - WARNING - apps.scraping.services.runner - {'event': 'cloudflare_challenge_detected', 'url': 'https://www.bikingpoint.es/es/bicicletas.html/?p=13'}
2026-09-05 19:15:12,897 - INFO - apps.scraping.services.runner - {'event': 'cloudflare_challenge_cleared'}
2026-09-05 19:15:20,120 - DEBUG - apps.scraping.services.runner - Url: https://www.bikingpoint.es/es/bicicletas.html/?p=14
2026-09-05 19:15:20,249 - WARNING - apps.scraping.services.runner - {'event': 'cloudflare_challenge_detected', 'url': 'https://www.bikingpoint.es/es/bicicletas.html/?p=14'}
2026-09-05 19:16:05,259 - ERROR - apps.scraping.services.runner - {'event': 'cloudflare_challenge_timeout'}
2026-09-05 19:16:05,260 - WARNING - apps.scraping.services.runner - {'event': 'cloudflare_rotate_session', 'url': 'https://www.bikingpoint.es/es/bicicletas.html/?p=14', 'page': 14}
2026-09-05 19:16:22,535 - WARNING - apps.scraping.services.runner - {'event': 'cloudflare_challenge_detected', 'url': 'https://www.bikingpoint.es/es/bicicletas.html/?p=14'}
2026-09-05 19:16:22,622 - INFO - apps.scraping.services.runner - {'event': 'cloudflare_challenge_cleared'}
2026-09-05 19:16:31,000 - DEBUG - apps.scraping.services.runner - Url: https://www.bikingpoint.es/es/bicicletas.html/?p=15
2026-09-05 19:16:31,162 - WARNING - apps.scraping.services.runner - {'event': 'cloudflare_challenge_detected', 'url': 'https://www.bikingpoint.es/es/bicicletas.html/?p=15'}
2026-09-05 19:17:16,170 - ERROR - apps.scraping.services.runner - {'event': 'cloudflare_challenge_timeout'}
2026-09-05 19:17:16,170 - WARNING - apps.scraping.services.runner - {'event': 'cloudflare_rotate_session', 'url': 'https://www.bikingpoint.es/es/bicicletas.html/?p=15', 'page': 15}
2026-09-05 19:17:33,013 - WARNING - apps.scraping.services.runner - {'event': 'cloudflare_challenge_detected', 'url': 'https://www.bikingpoint.es/es/bicicletas.html/?p=15'}
2026-09-05 19:17:33,103 - INFO - apps.scraping.services.runner - {'event': 'cloudflare_challenge_cleared'}
2026-09-05 19:17:40,707 - DEBUG - apps.scraping.services.runner - Url: https://www.bikingpoint.es/es/bicicletas.html/?p=16
2026-09-05 19:17:40,857 - WARNING - apps.scraping.services.runner - {'event': 'cloudflare_challenge_detected', 'url': 'https://www.bikingpoint.es/es/bicicletas.html/?p=16'}
2026-09-05 19:18:25,868 - ERROR - apps.scraping.services.runner - {'event': 'cloudflare_challenge_timeout'}
2026-09-05 19:18:25,868 - WARNING - apps.scraping.services.runner - {'event': 'cloudflare_rotate_session', 'url': 'https://www.bikingpoint.es/es/bicicletas.html/?p=16', 'page': 16}
2026-09-05 19:18:51,984 - WARNING - apps.scraping.services.runner - {'event': 'cloudflare_challenge_detected', 'url': 'https://www.bikingpoint.es/es/bicicletas.html/?p=16'}
2026-09-05 19:19:36,988 - ERROR - apps.scraping.services.runner - {'event': 'cloudflare_challenge_timeout'}
2026-09-05 19:19:36,988 - ERROR - apps.scraping.services.runner - {'event': 'cloudflare_abort', 'url': 'https://www.bikingpoint.es/es/bicicletas.html/?p=16', 'page': 16}
2026-09-05 19:19:36,989 - INFO - apps.scraping.decorators - Executing create_bicycles
2026-09-05 19:19:36,989 - DEBUG - apps.scraping.services.bicycles_services - {'event': 'create_bicycles_start', 'web': 'biking_point', 'items': 224}
2026-09-05 19:19:37,151 - INFO - apps.scraping.context_managers - {'event': 'start', 'name': 'process_product', 'web': 'biking_point', 'index': 2}
2026-09-05 19:19:37,153 - DEBUG - core.utils - Bicycle href: https://www.bikingpoint.es/es/bicicleta-scott-solace-gravel-eride-10-2027.html
2026-09-05 19:19:37,153 - INFO - apps.scraping.context_managers - {'event': 'end', 'name': 'process_product', 'web': 'biking_point', 'index': 2}
2026-09-05 19:19:37,153 - INFO - apps.scraping.context_managers - {'event': 'start', 'name': 'process_product', 'web': 'biking_point', 'index': 3}
2026-09-05 19:19:37,154 - DEBUG - core.utils - Bicycle href: https://www.bikingpoint.es/es/bicicleta-look-795-blade-rs-red-axs-bl-thun-2025.html
2026-09-05 19:19:37,154 - INFO - apps.scraping.context_managers - {'event': 'end', 'name': 'process_product', 'web': 'biking_point', 'index': 3}
2026-09-05 19:19:37,154 - INFO - apps.scraping.context_managers - {'event': 'start', 'name': 'process_product', 'web': 'biking_point', 'index': 4}
2026-09-05 19:19:37,155 - DEBUG - core.utils - Bicycle href: https://www.bikingpoint.es/es/bicicleta-look-795-blade-rs-d-ace-di2-iconic-2027.html
2026-09-05 19:19:37,155 - INFO - apps.scraping.context_managers - {'event': 'end', 'name': 'process_product', 'web': 'biking_point', 'index': 4}
2026-09-05 19:19:37,156 - INFO - apps.scraping.context_managers - {'event': 'start', 'name': 'process_product', 'web': 'biking_point', 'index': 5}
2026-09-05 19:19:37,156 - DEBUG - core.utils - Bicycle href: https://www.bikingpoint.es/es/bicicleta-massi-aire-slr-29-team-tr-white-2026.html
2026-09-05 19:19:37,156 - INFO - apps.scraping.context_managers - {'event': 'end', 'name': 'process_product', 'web': 'biking_point', 'index': 5}
2026-09-05 19:19:37,157 - INFO - apps.scraping.context_managers - {'event': 'start', 'name': 'process_product', 'web': 'biking_point', 'index': 6}
2026-09-05 19:19:37,157 - DEBUG - core.utils - Bicycle href: https://www.bikingpoint.es/es/bicicleta-massi-aire-slr-29-team-tr-black-2026.html
2026-09-05 19:19:37,157 - INFO - apps.scraping.context_managers - {'event': 'end', 'name': 'process_product', 'web': 'biking_point', 'index': 6}
2026-09-05 19:19:37,157 - INFO - apps.scraping.context_managers - {'event': 'start', 'name': 'process_product', 'web': 'biking_point', 'index': 7}
2026-09-05 19:19:37,158 - DEBUG - core.utils - Bicycle href: https://www.bikingpoint.es/es/bicicleta-scott-spark-rc-world-cup-white-2027.html
2026-09-05 19:19:37,158 - INFO - apps.scraping.context_managers - {'event': 'end', 'name': 'process_product', 'web': 'biking_point', 'index': 7}
2026-09-05 19:19:37,158 - INFO - apps.scraping.context_managers - {'event': 'start', 'name': 'process_product', 'web': 'biking_point', 'index': 8}
2026-09-05 19:19:37,158 - DEBUG - core.utils - Bicycle href: https://www.bikingpoint.es/es/bicicleta-scott-spark-rc-team-issue-black-2027.html
2026-09-05 19:19:37,158 - INFO - apps.scraping.context_managers - {'event': 'end', 'name': 'process_product', 'web': 'biking_point', 'index': 8}
2026-09-05 19:19:37,158 - INFO - apps.scraping.context_managers - {'event': 'start', 'name': 'process_product', 'web': 'biking_point', 'index': 9}
2026-09-05 19:19:37,159 - DEBUG - core.utils - Bicycle href: https://www.bikingpoint.es/es/bicicleta-scott-spark-rc-team-issue-carb-blue-2027.html
2026-09-05 19:19:37,159 - INFO - apps.scraping.context_managers - {'event': 'end', 'name': 'process_product', 'web': 'biking_point', 'index': 9}
2026-09-05 19:19:37,159 - INFO - apps.scraping.context_managers - {'event': 'start', 'name': 'process_product', 'web': 'biking_point', 'index': 10}
2026-09-05 19:19:37,159 - DEBUG - core.utils - Bicycle href: https://www.bikingpoint.es/es/bicicleta-scott-lumen-eride-900-sl.html
2026-09-05 19:19:37,159 - INFO - apps.scraping.context_managers - {'event': 'end', 'name': 'process_product', 'web': 'biking_point', 'index': 10}
2026-09-05 19:19:37,159 - INFO - apps.scraping.context_managers - {'event': 'start', 'name': 'process_product', 'web': 'biking_point', 'index': 11}
2026-09-05 19:19:37,160 - DEBUG - core.utils - Bicycle href: https://www.bikingpoint.es/es/bicicleta-look-795-blade-rs-dura-ace-di2.html
2026-09-05 19:19:37,160 - INFO - apps.scraping.context_managers - {'event': 'end', 'name': 'process_product', 'web': 'biking_point', 'index': 11}
2026-09-05 19:19:37,160 - INFO - apps.scraping.context_managers - {'event': 'start', 'name': 'process_product', 'web': 'biking_point', 'index': 12}
2026-09-05 19:19:37,160 - DEBUG - core.utils - Bicycle href: https://www.bikingpoint.es/es/bicicleta-scott-addict-rc-team-grey-2027.html
2026-09-05 19:19:37,160 - INFO - apps.scraping.context_managers - {'event': 'end', 'name': 'process_product', 'web': 'biking_point', 'index': 12}
2026-09-05 19:19:37,160 - INFO - apps.scraping.context_managers - {'event': 'start', 'name': 'process_product', 'web': 'biking_point', 'index': 13}
2026-09-05 19:19:37,161 - DEBUG - core.utils - Bicycle href: https://www.bikingpoint.es/es/bicicleta-massi-aire-slr-29-replica-tr-red-2026.html
2026-09-05 19:19:37,161 - INFO - apps.scraping.context_managers - {'event': 'end', 'name': 'process_product', 'web': 'biking_point', 'index': 13}
2026-09-05 19:19:37,161 - INFO - apps.scraping.context_managers - {'event': 'start', 'name': 'process_product', 'web': 'biking_point', 'index': 14}
2026-09-05 19:19:37,161 - DEBUG - core.utils - Bicycle href: https://www.bikingpoint.es/es/bicicleta-massi-aire-slr-29-replica-tr-black-2026.html
2026-09-05 19:19:37,161 - INFO - apps.scraping.context_managers - {'event': 'end', 'name': 'process_product', 'web': 'biking_point', 'index': 14}
2026-09-05 19:19:37,161 - INFO - apps.scraping.context_managers - {'event': 'start', 'name': 'process_product', 'web': 'biking_point', 'index': 15}
2026-09-05 19:19:37,162 - DEBUG - core.utils - Bicycle href: https://www.bikingpoint.es/es/bicicleta-scott-fastlane-20-black-2027.html
2026-09-05 19:19:37,162 - INFO - apps.scraping.context_managers - {'event': 'end', 'name': 'process_product', 'web': 'biking_point', 'index': 15}
2026-09-05 19:19:37,162 - INFO - apps.scraping.context_managers - {'event': 'start', 'name': 'process_product', 'web': 'biking_point', 'index': 16}
2026-09-05 19:19:37,162 - DEBUG - core.utils - Bicycle href: https://www.bikingpoint.es/es/bicicleta-massi-aire-slr-29-replica-tr-white-2026.html
2026-09-05 19:19:37,162 - INFO - apps.scraping.context_managers - {'event': 'end', 'name': 'process_product', 'web': 'biking_point', 'index': 16}
2026-09-05 19:19:37,162 - INFO - apps.scraping.context_managers - {'event': 'start', 'name': 'process_product', 'web': 'biking_point', 'index': 17}
2026-09-05 19:19:37,163 - DEBUG - core.utils - Bicycle href: https://www.bikingpoint.es/es/bicicleta-scott-addict-rc-10-black-2027.html
2026-09-05 19:19:37,163 - INFO - apps.scraping.context_managers - {'event': 'end', 'name': 'process_product', 'web': 'biking_point', 'index': 17}
2026-09-05 19:19:37,163 - INFO - apps.scraping.context_managers - {'event': 'start', 'name': 'process_product', 'web': 'biking_point', 'index': 18}
2026-09-05 19:19:37,163 - DEBUG - core.utils - Bicycle href: https://www.bikingpoint.es/es/bicicleta-giant-reign-advanced-e-2-2026-35658.html
2026-09-05 19:19:37,163 - INFO - apps.scraping.context_managers - {'event': 'end', 'name': 'process_product', 'web': 'biking_point', 'index': 18}
2026-09-05 19:19:37,164 - INFO - apps.scraping.context_managers - {'event': 'start', 'name': 'process_product', 'web': 'biking_point', 'index': 19}
2026-09-05 19:19:37,164 - DEBUG - core.utils - Bicycle href: https://www.bikingpoint.es/es/bicicleta-scott-addict-rc-pro-white-carbon-2026.html
2026-09-05 19:19:37,164 - INFO - apps.scraping.context_managers - {'event': 'end', 'name': 'process_product', 'web': 'biking_point', 'index': 19}
2026-09-05 19:19:37,164 - INFO - apps.scraping.context_managers - {'event': 'start', 'name': 'process_product', 'web': 'biking_point', 'index': 20}
2026-09-05 19:19:37,164 - DEBUG - core.utils - Bicycle href: https://www.bikingpoint.es/es/bicicleta-scott-addict-rc-pro-grey-green-2026.html
2026-09-05 19:19:37,164 - INFO - apps.scraping.context_managers - {'event': 'end', 'name': 'process_product', 'web': 'biking_point', 'index': 20}
2026-09-05 19:19:37,164 - INFO - apps.scraping.context_managers - {'event': 'start', 'name': 'process_product', 'web': 'biking_point', 'index': 21}
2026-09-05 19:19:37,165 - DEBUG - core.utils - Bicycle href: https://www.bikingpoint.es/es/bicicleta-massi-e-road-sonic-rc-105-di2-2027.html
2026-09-05 19:19:37,165 - INFO - apps.scraping.context_managers - {'event': 'end', 'name': 'process_product', 'web': 'biking_point', 'index': 21}
2026-09-05 19:19:37,165 - INFO - apps.scraping.context_managers - {'event': 'start', 'name': 'process_product', 'web': 'biking_point', 'index': 22}
2026-09-05 19:19:37,165 - DEBUG - core.utils - Bicycle href: https://www.bikingpoint.es/es/bicicleta-scott-addict-rc-20-black-2027.html
2026-09-05 19:19:37,165 - INFO - apps.scraping.context_managers - {'event': 'end', 'name': 'process_product', 'web': 'biking_point', 'index': 22}
2026-09-05 19:19:37,165 - INFO - apps.scraping.context_managers - {'event': 'start', 'name': 'process_product', 'web': 'biking_point', 'index': 23}
2026-09-05 19:19:37,166 - DEBUG - core.utils - Bicycle href: https://www.bikingpoint.es/es/bicicleta-scott-solace-gravel-eride-30-black-2027.html
2026-09-05 19:19:37,166 - INFO - apps.scraping.context_managers - {'event': 'end', 'name': 'process_product', 'web': 'biking_point', 'index': 23}
2026-09-05 19:19:37,166 - INFO - apps.scraping.context_managers - {'event': 'start', 'name': 'process_product', 'web': 'biking_point', 'index': 24}
2026-09-05 19:19:37,166 - DEBUG - core.utils - Bicycle href: https://www.bikingpoint.es/es/bicicleta-scott-addict-rc-20-green-2026.html
2026-09-05 19:19:37,166 - INFO - apps.scraping.context_managers - {'event': 'end', 'name': 'process_product', 'web': 'biking_point', 'index': 24}
2026-09-05 19:19:37,166 - INFO - apps.scraping.context_managers - {'event': 'start', 'name': 'process_product', 'web': 'biking_point', 'index': 25}
2026-09-05 19:19:37,167 - DEBUG - core.utils - Bicycle href: https://www.bikingpoint.es/es/bicicleta-look-795-blade-rs-pro-team-ulte-di2-2025.html
2026-09-05 19:19:37,167 - INFO - apps.scraping.context_managers - {'event': 'end', 'name': 'process_product', 'web': 'biking_point', 'index': 25}
2026-09-05 19:19:37,167 - INFO - apps.scraping.context_managers - {'event': 'start', 'name': 'process_product', 'web': 'biking_point', 'index': 26}
2026-09-05 19:19:37,167 - DEBUG - core.utils - Bicycle href: https://www.bikingpoint.es/es/bicicleta-scott-patron-eride-900-ultimate-2022.html
2026-09-05 19:19:37,167 - INFO - apps.scraping.context_managers - {'event': 'end', 'name': 'process_product', 'web': 'biking_point', 'index': 26}
2026-09-05 19:19:37,167 - INFO - apps.scraping.context_managers - {'event': 'start', 'name': 'process_product', 'web': 'biking_point', 'index': 27}
2026-09-05 19:19:37,168 - DEBUG - core.utils - Bicycle href: https://www.bikingpoint.es/es/bicicleta-massi-k2-evo-team-29-720wh-ep801-2026.html
2026-09-05 19:19:37,168 - INFO - apps.scraping.context_managers - {'event': 'end', 'name': 'process_product', 'web': 'biking_point', 'index': 27}
2026-09-05 19:19:37,168 - INFO - apps.scraping.context_managers - {'event': 'start', 'name': 'process_product', 'web': 'biking_point', 'index': 28}
2026-09-05 19:19:37,168 - DEBUG - core.utils - Bicycle href: https://www.bikingpoint.es/es/bicicleta-scott-spark-rc-world-cup-purple-2026.html
2026-09-05 19:19:37,168 - INFO - apps.scraping.context_managers - {'event': 'end', 'name': 'process_product', 'web': 'biking_point', 'index': 28}
2026-09-05 19:19:37,168 - INFO - apps.scraping.context_managers - {'event': 'start', 'name': 'process_product', 'web': 'biking_point', 'index': 29}
2026-09-05 19:19:37,168 - DEBUG - core.utils - Bicycle href: https://www.bikingpoint.es/es/bicicleta-look-e765-gravel-2-apex-1x12-2025.html
2026-09-05 19:19:37,168 - INFO - apps.scraping.context_managers - {'event': 'end', 'name': 'process_product', 'web': 'biking_point', 'index': 29}
2026-09-05 19:19:37,168 - INFO - apps.scraping.context_managers - {'event': 'start', 'name': 'process_product', 'web': 'biking_point', 'index': 30}
2026-09-05 19:19:37,169 - DEBUG - core.utils - Bicycle href: https://www.bikingpoint.es/es/bicicleta-scott-spark-rc-expert-2027.html
2026-09-05 19:19:37,169 - INFO - apps.scraping.context_managers - {'event': 'end', 'name': 'process_product', 'web': 'biking_point', 'index': 30}
2026-09-05 19:19:37,169 - INFO - apps.scraping.context_managers - {'event': 'start', 'name': 'process_product', 'web': 'biking_point', 'index': 31}
2026-09-05 19:19:37,169 - DEBUG - core.utils - Bicycle href: https://www.bikingpoint.es/es/bicicleta-massi-aire-slr-29-expert-tr-2026.html
2026-09-05 19:19:37,169 - INFO - apps.scraping.context_managers - {'event': 'end', 'name': 'process_product', 'web': 'biking_point', 'index': 31}
2026-09-05 19:19:37,169 - INFO - apps.scraping.context_managers - {'event': 'start', 'name': 'process_product', 'web': 'biking_point', 'index': 32}
2026-09-05 19:19:37,170 - DEBUG - core.utils - Bicycle href: https://www.bikingpoint.es/es/bicicleta-look-795-blade-disc-105-di2-2024.html
2026-09-05 19:19:37,170 - INFO - apps.scraping.context_managers - {'event': 'end', 'name': 'process_product', 'web': 'biking_point', 'index': 32}
2026-09-05 19:19:37,170 - INFO - apps.scraping.context_managers - {'event': 'start', 'name': 'process_product', 'web': 'biking_point', 'index': 33}
2026-09-05 19:19:37,170 - DEBUG - core.utils - Bicycle href: https://www.bikingpoint.es/es/bicicleta-massi-arrow-race-ultegra-di2-xtech-2026.html
2026-09-05 19:19:37,170 - INFO - apps.scraping.context_managers - {'event': 'end', 'name': 'process_product', 'web': 'biking_point', 'index': 33}
2026-09-05 19:19:37,170 - INFO - apps.scraping.context_managers - {'event': 'start', 'name': 'process_product', 'web': 'biking_point', 'index': 34}
2026-09-05 19:19:37,170 - DEBUG - core.utils - Bicycle href: https://www.bikingpoint.es/es/bicicleta-massi-arrow-3-race-ult-di2-xtech-bk-2026.html
2026-09-05 19:19:37,170 - INFO - apps.scraping.context_managers - {'event': 'end', 'name': 'process_product', 'web': 'biking_point', 'index': 34}
2026-09-05 19:19:37,170 - INFO - apps.scraping.context_managers - {'event': 'start', 'name': 'process_product', 'web': 'biking_point', 'index': 35}
2026-09-05 19:19:37,171 - DEBUG - core.utils - Bicycle href: https://www.bikingpoint.es/es/bicicleta-scott-addict-20-2027.html
2026-09-05 19:19:37,171 - INFO - apps.scraping.context_managers - {'event': 'end', 'name': 'process_product', 'web': 'biking_point', 'index': 35}
2026-09-05 19:19:37,171 - INFO - apps.scraping.context_managers - {'event': 'start', 'name': 'process_product', 'web': 'biking_point', 'index': 36}
2026-09-05 19:19:37,171 - DEBUG - core.utils - Bicycle href: https://www.bikingpoint.es/es/bicicleta-scott-addict-20-white-2027.html
2026-09-05 19:19:37,171 - INFO - apps.scraping.context_managers - {'event': 'end', 'name': 'process_product', 'web': 'biking_point', 'index': 36}
2026-09-05 19:19:37,171 - INFO - apps.scraping.context_managers - {'event': 'start', 'name': 'process_product', 'web': 'biking_point', 'index': 37}
2026-09-05 19:19:37,171 - DEBUG - core.utils - Bicycle href: https://www.bikingpoint.es/es/bicicleta-massi-arrow-3-race-ult-di2-xtech-rd-2026.html
2026-09-05 19:19:37,172 - INFO - apps.scraping.context_managers - {'event': 'end', 'name': 'process_product', 'web': 'biking_point', 'index': 37}
2026-09-05 19:19:37,172 - INFO - apps.scraping.context_managers - {'event': 'start', 'name': 'process_product', 'web': 'biking_point', 'index': 38}
2026-09-05 19:19:37,172 - DEBUG - core.utils - Bicycle href: https://www.bikingpoint.es/es/bicicleta-scott-addict-rc-30-green-2027.html
2026-09-05 19:19:37,172 - INFO - apps.scraping.context_managers - {'event': 'end', 'name': 'process_product', 'web': 'biking_point', 'index': 38}
2026-09-05 19:19:37,172 - INFO - apps.scraping.context_managers - {'event': 'start', 'name': 'process_product', 'web': 'biking_point', 'index': 39}
2026-09-05 19:19:37,172 - DEBUG - core.utils - Bicycle href: https://www.bikingpoint.es/es/bicicleta-scott-addict-rc-30-black-2027.html
2026-09-05 19:19:37,172 - INFO - apps.scraping.context_managers - {'event': 'end', 'name': 'process_product', 'web': 'biking_point', 'index': 39}
2026-09-05 19:19:37,172 - INFO - apps.scraping.context_managers - {'event': 'start', 'name': 'process_product', 'web': 'biking_point', 'index': 40}
2026-09-05 19:19:37,172 - DEBUG - core.utils - Bicycle href: https://www.bikingpoint.es/es/bicicleta-massi-team-2-race-ultegra-xtech-2026.html
2026-09-05 19:19:37,172 - INFO - apps.scraping.context_managers - {'event': 'end', 'name': 'process_product', 'web': 'biking_point', 'index': 40}
2026-09-05 19:19:37,173 - INFO - apps.scraping.context_managers - {'event': 'start', 'name': 'process_product', 'web': 'biking_point', 'index': 41}
2026-09-05 19:19:37,173 - DEBUG - core.utils - Bicycle href: https://www.bikingpoint.es/es/bicicleta-giant-trance-x-advanced-e-0-elite-2025.html
2026-09-05 19:19:37,173 - INFO - apps.scraping.context_managers - {'event': 'end', 'name': 'process_product', 'web': 'biking_point', 'index': 41}
2026-09-05 19:19:37,173 - INFO - apps.scraping.context_managers - {'event': 'start', 'name': 'process_product', 'web': 'biking_point', 'index': 42}
2026-09-05 19:19:37,173 - DEBUG - core.utils - Bicycle href: https://www.bikingpoint.es/es/bicicleta-scott-addict-rc-10-blue-pink-2026.html
2026-09-05 19:19:37,173 - INFO - apps.scraping.context_managers - {'event': 'end', 'name': 'process_product', 'web': 'biking_point', 'index': 42}
2026-09-05 19:19:37,173 - INFO - apps.scraping.context_managers - {'event': 'start', 'name': 'process_product', 'web': 'biking_point', 'index': 43}
2026-09-05 19:19:37,174 - DEBUG - core.utils - Bicycle href: https://www.bikingpoint.es/es/bicicleta-scott-addict-rc-supersonic-t-m-ed-esp.html
2026-09-05 19:19:37,174 - INFO - apps.scraping.context_managers - {'event': 'end', 'name': 'process_product', 'web': 'biking_point', 'index': 43}
2026-09-05 19:19:37,174 - INFO - apps.scraping.context_managers - {'event': 'start', 'name': 'process_product', 'web': 'biking_point', 'index': 44}
2026-09-05 19:19:37,174 - DEBUG - core.utils - Bicycle href: https://www.bikingpoint.es/es/bicicleta-scott-foil-rc-10-black-2026.html
2026-09-05 19:19:37,174 - INFO - apps.scraping.context_managers - {'event': 'end', 'name': 'process_product', 'web': 'biking_point', 'index': 44}
2026-09-05 19:19:37,174 - INFO - apps.scraping.context_managers - {'event': 'start', 'name': 'process_product', 'web': 'biking_point', 'index': 45}
2026-09-05 19:19:37,174 - DEBUG - core.utils - Bicycle href: https://www.bikingpoint.es/es/bicicleta-look-785-huez-disc-105-di2-2025.html
2026-09-05 19:19:37,174 - INFO - apps.scraping.context_managers - {'event': 'end', 'name': 'process_product', 'web': 'biking_point', 'index': 45}
2026-09-05 19:19:37,174 - INFO - apps.scraping.context_managers - {'event': 'start', 'name': 'process_product', 'web': 'biking_point', 'index': 46}
2026-09-05 19:19:37,175 - DEBUG - core.utils - Bicycle href: https://www.bikingpoint.es/es/bicicleta-look-785-huez-ultegra-di2-proteam-2025.html
2026-09-05 19:19:37,175 - INFO - apps.scraping.context_managers - {'event': 'end', 'name': 'process_product', 'web': 'biking_point', 'index': 46}
2026-09-05 19:19:37,175 - INFO - apps.scraping.context_managers - {'event': 'start', 'name': 'process_product', 'web': 'biking_point', 'index': 47}
2026-09-05 19:19:37,175 - DEBUG - core.utils - Bicycle href: https://www.bikingpoint.es/es/bicicleta-look-765-optimum-2-db-105-r38d-2025.html
2026-09-05 19:19:37,175 - INFO - apps.scraping.context_managers - {'event': 'end', 'name': 'process_product', 'web': 'biking_point', 'index': 47}
2026-09-05 19:19:37,175 - INFO - apps.scraping.context_managers - {'event': 'start', 'name': 'process_product', 'web': 'biking_point', 'index': 48}
2026-09-05 19:19:37,175 - DEBUG - core.utils - Bicycle href: https://www.bikingpoint.es/es/bicicleta-massi-across-carbon-race-grx-di2-2026.html
2026-09-05 19:19:37,175 - INFO - apps.scraping.context_managers - {'event': 'end', 'name': 'process_product', 'web': 'biking_point', 'index': 48}
2026-09-05 19:19:37,176 - INFO - apps.scraping.context_managers - {'event': 'start', 'name': 'process_product', 'web': 'biking_point', 'index': 49}
2026-09-05 19:19:37,176 - DEBUG - core.utils - Bicycle href: https://www.bikingpoint.es/es/bicicleta-scott-spark-rc-team-black-2027.html
2026-09-05 19:19:37,176 - INFO - apps.scraping.context_managers - {'event': 'end', 'name': 'process_product', 'web': 'biking_point', 'index': 49}
2026-09-05 19:19:37,176 - INFO - apps.scraping.context_managers - {'event': 'start', 'name': 'process_product', 'web': 'biking_point', 'index': 50}
2026-09-05 19:19:37,176 - DEBUG - core.utils - Bicycle href: https://www.bikingpoint.es/es/bicicleta-massi-across-carbon-race-105-di2-2026.html
2026-09-05 19:19:37,176 - INFO - apps.scraping.context_managers - {'event': 'end', 'name': 'process_product', 'web': 'biking_point', 'index': 50}
2026-09-05 19:19:37,176 - INFO - apps.scraping.context_managers - {'event': 'start', 'name': 'process_product', 'web': 'biking_point', 'index': 51}
2026-09-05 19:19:37,176 - DEBUG - core.utils - Bicycle href: https://www.bikingpoint.es/es/bicicleta-massi-k2-evo-29-630wh-ep6-trail-2026.html
2026-09-05 19:19:37,176 - INFO - apps.scraping.context_managers - {'event': 'end', 'name': 'process_product', 'web': 'biking_point', 'index': 51}
2026-09-05 19:19:37,176 - INFO - apps.scraping.context_managers - {'event': 'start', 'name': 'process_product', 'web': 'biking_point', 'index': 52}
2026-09-05 19:19:37,177 - DEBUG - core.utils - Bicycle href: https://www.bikingpoint.es/es/bicicleta-giant-tcr-advanced-pro-0-di2-2026.html
2026-09-05 19:19:37,177 - INFO - apps.scraping.context_managers - {'event': 'end', 'name': 'process_product', 'web': 'biking_point', 'index': 52}
2026-09-05 19:19:37,177 - INFO - apps.scraping.context_managers - {'event': 'start', 'name': 'process_product', 'web': 'biking_point', 'index': 53}
2026-09-05 19:19:37,177 - DEBUG - core.utils - Bicycle href: https://www.bikingpoint.es/es/bicicleta-massi-aire-carbon-sl-29-pro-tr.html
2026-09-05 19:19:37,177 - INFO - apps.scraping.context_managers - {'event': 'end', 'name': 'process_product', 'web': 'biking_point', 'index': 53}
2026-09-05 19:19:37,177 - INFO - apps.scraping.context_managers - {'event': 'start', 'name': 'process_product', 'web': 'biking_point', 'index': 54}
2026-09-05 19:19:37,177 - DEBUG - core.utils - Bicycle href: https://www.bikingpoint.es/es/bicicleta-giant-propel-advanced-pro-0-di2-2026.html
2026-09-05 19:19:37,177 - INFO - apps.scraping.context_managers - {'event': 'end', 'name': 'process_product', 'web': 'biking_point', 'index': 54}
2026-09-05 19:19:37,177 - INFO - apps.scraping.context_managers - {'event': 'start', 'name': 'process_product', 'web': 'biking_point', 'index': 55}
2026-09-05 19:19:37,178 - DEBUG - core.utils - Bicycle href: https://www.bikingpoint.es/es/bicicleta-massi-arrow-3-race-105-di2-xtech-bk-2026.html
2026-09-05 19:19:37,178 - INFO - apps.scraping.context_managers - {'event': 'end', 'name': 'process_product', 'web': 'biking_point', 'index': 55}
2026-09-05 19:19:37,178 - INFO - apps.scraping.context_managers - {'event': 'start', 'name': 'process_product', 'web': 'biking_point', 'index': 56}
2026-09-05 19:19:37,178 - DEBUG - core.utils - Bicycle href: https://www.bikingpoint.es/es/bicicleta-massi-arrow-3-race-105-di2-xtech-rd-2026.html
2026-09-05 19:19:37,178 - INFO - apps.scraping.context_managers - {'event': 'end', 'name': 'process_product', 'web': 'biking_point', 'index': 56}
2026-09-05 19:19:37,178 - INFO - apps.scraping.context_managers - {'event': 'start', 'name': 'process_product', 'web': 'biking_point', 'index': 57}
2026-09-05 19:19:37,178 - DEBUG - core.utils - Bicycle href: https://www.bikingpoint.es/es/bicicleta-massi-arrow-race-105-di2-db-xtech-2026.html
2026-09-05 19:19:37,178 - INFO - apps.scraping.context_managers - {'event': 'end', 'name': 'process_product', 'web': 'biking_point', 'index': 57}
2026-09-05 19:19:37,178 - INFO - apps.scraping.context_managers - {'event': 'start', 'name': 'process_product', 'web': 'biking_point', 'index': 58}
2026-09-05 19:19:37,178 - DEBUG - core.utils - Bicycle href: https://www.bikingpoint.es/es/bicicleta-look-e765-optimum-2-rival-axs-2025.html
2026-09-05 19:19:37,178 - INFO - apps.scraping.context_managers - {'event': 'end', 'name': 'process_product', 'web': 'biking_point', 'index': 58}
2026-09-05 19:19:37,179 - INFO - apps.scraping.context_managers - {'event': 'start', 'name': 'process_product', 'web': 'biking_point', 'index': 59}
2026-09-05 19:19:37,179 - DEBUG - core.utils - Bicycle href: https://www.bikingpoint.es/es/bicicleta-giant-propel-advanced-pro-1-di2-2027-36585.html
2026-09-05 19:19:37,179 - INFO - apps.scraping.context_managers - {'event': 'end', 'name': 'process_product', 'web': 'biking_point', 'index': 59}
2026-09-05 19:19:37,179 - INFO - apps.scraping.context_managers - {'event': 'start', 'name': 'process_product', 'web': 'biking_point', 'index': 60}
2026-09-05 19:19:37,179 - DEBUG - core.utils - Bicycle href: https://www.bikingpoint.es/es/bicicleta-scott-addict-gravel-10-2026.html
2026-09-05 19:19:37,179 - INFO - apps.scraping.context_managers - {'event': 'end', 'name': 'process_product', 'web': 'biking_point', 'index': 60}
2026-09-05 19:19:37,179 - INFO - apps.scraping.context_managers - {'event': 'start', 'name': 'process_product', 'web': 'biking_point', 'index': 61}
2026-09-05 19:19:37,179 - DEBUG - core.utils - Bicycle href: https://www.bikingpoint.es/es/bicicleta-massi-team-2-race-105-di2-db-xtech-2026.html
2026-09-05 19:19:37,179 - INFO - apps.scraping.context_managers - {'event': 'end', 'name': 'process_product', 'web': 'biking_point', 'index': 61}
2026-09-05 19:19:37,179 - INFO - apps.scraping.context_managers - {'event': 'start', 'name': 'process_product', 'web': 'biking_point', 'index': 62}
2026-09-05 19:19:37,180 - DEBUG - core.utils - Bicycle href: https://www.bikingpoint.es/es/bicicleta-massi-arrow-race-ult-disc-di2-carbo.html
2026-09-05 19:19:37,180 - INFO - apps.scraping.context_managers - {'event': 'end', 'name': 'process_product', 'web': 'biking_point', 'index': 62}
2026-09-05 19:19:37,180 - INFO - apps.scraping.context_managers - {'event': 'start', 'name': 'process_product', 'web': 'biking_point', 'index': 63}
2026-09-05 19:19:37,180 - DEBUG - core.utils - Bicycle href: https://www.bikingpoint.es/es/bicicleta-massi-across-carbon-race-grx-1x12-2026.html
2026-09-05 19:19:37,180 - INFO - apps.scraping.context_managers - {'event': 'end', 'name': 'process_product', 'web': 'biking_point', 'index': 63}
2026-09-05 19:19:37,180 - INFO - apps.scraping.context_managers - {'event': 'start', 'name': 'process_product', 'web': 'biking_point', 'index': 64}
2026-09-05 19:19:37,180 - DEBUG - core.utils - Bicycle href: https://www.bikingpoint.es/es/bicicleta-massi-aire-carbon-sl-29-expert-2025.html
2026-09-05 19:19:37,180 - INFO - apps.scraping.context_managers - {'event': 'end', 'name': 'process_product', 'web': 'biking_point', 'index': 64}
2026-09-05 19:19:37,180 - INFO - apps.scraping.context_managers - {'event': 'start', 'name': 'process_product', 'web': 'biking_point', 'index': 65}
2026-09-05 19:19:37,181 - DEBUG - core.utils - Bicycle href: https://www.bikingpoint.es/es/bicicleta-massi-aire-carbon-sl-29-pro-1x12.html
2026-09-05 19:19:37,181 - INFO - apps.scraping.context_managers - {'event': 'end', 'name': 'process_product', 'web': 'biking_point', 'index': 65}
2026-09-05 19:19:37,181 - INFO - apps.scraping.context_managers - {'event': 'start', 'name': 'process_product', 'web': 'biking_point', 'index': 66}
2026-09-05 19:19:37,181 - DEBUG - core.utils - Bicycle href: https://www.bikingpoint.es/es/bicicleta-scott-addict-rc-10-2023.html
2026-09-05 19:19:37,181 - INFO - apps.scraping.context_managers - {'event': 'end', 'name': 'process_product', 'web': 'biking_point', 'index': 66}
2026-09-05 19:19:37,181 - INFO - apps.scraping.context_managers - {'event': 'start', 'name': 'process_product', 'web': 'biking_point', 'index': 67}
2026-09-05 19:19:37,181 - DEBUG - core.utils - Bicycle href: https://www.bikingpoint.es/es/bicicleta-massi-pro-rc-29-elite-1x12.html
2026-09-05 19:19:37,181 - INFO - apps.scraping.context_managers - {'event': 'end', 'name': 'process_product', 'web': 'biking_point', 'index': 67}
2026-09-05 19:19:37,181 - INFO - apps.scraping.context_managers - {'event': 'start', 'name': 'process_product', 'web': 'biking_point', 'index': 68}
2026-09-05 19:19:37,181 - DEBUG - core.utils - Bicycle href: https://www.bikingpoint.es/es/bicicleta-massi-pro-29-expert-1x12.html
2026-09-05 19:19:37,181 - INFO - apps.scraping.context_managers - {'event': 'end', 'name': 'process_product', 'web': 'biking_point', 'index': 68}
2026-09-05 19:19:37,182 - INFO - apps.scraping.context_managers - {'event': 'start', 'name': 'process_product', 'web': 'biking_point', 'index': 69}
2026-09-05 19:19:37,182 - DEBUG - core.utils - Bicycle href: https://www.bikingpoint.es/es/bicicleta-massi-arrow-race-105-di2-db-2026.html
2026-09-05 19:19:37,182 - INFO - apps.scraping.context_managers - {'event': 'end', 'name': 'process_product', 'web': 'biking_point', 'index': 69}
2026-09-05 19:19:37,182 - INFO - apps.scraping.context_managers - {'event': 'start', 'name': 'process_product', 'web': 'biking_point', 'index': 70}
2026-09-05 19:19:37,182 - DEBUG - core.utils - Bicycle href: https://www.bikingpoint.es/es/bicicleta-massi-across-carbon-grx-di2-green-2026.html
2026-09-05 19:19:37,182 - INFO - apps.scraping.context_managers - {'event': 'end', 'name': 'process_product', 'web': 'biking_point', 'index': 70}
2026-09-05 19:19:37,182 - INFO - apps.scraping.context_managers - {'event': 'start', 'name': 'process_product', 'web': 'biking_point', 'index': 71}
2026-09-05 19:19:37,182 - DEBUG - core.utils - Bicycle href: https://www.bikingpoint.es/es/bicicleta-massi-across-carbon-105-di2-2026.html
2026-09-05 19:19:37,182 - INFO - apps.scraping.context_managers - {'event': 'end', 'name': 'process_product', 'web': 'biking_point', 'index': 71}
2026-09-05 19:19:37,182 - INFO - apps.scraping.context_managers - {'event': 'start', 'name': 'process_product', 'web': 'biking_point', 'index': 72}
2026-09-05 19:19:37,182 - DEBUG - core.utils - Bicycle href: https://www.bikingpoint.es/es/bicicleta-scott-addict-rc-10-yellow-2025.html
2026-09-05 19:19:37,182 - INFO - apps.scraping.context_managers - {'event': 'end', 'name': 'process_product', 'web': 'biking_point', 'index': 72}
2026-09-05 19:19:37,182 - INFO - apps.scraping.context_managers - {'event': 'start', 'name': 'process_product', 'web': 'biking_point', 'index': 73}
2026-09-05 19:19:37,183 - DEBUG - core.utils - Bicycle href: https://www.bikingpoint.es/es/bicicleta-massi-aire-sl-ltd-x-3-2026.html
2026-09-05 19:19:37,183 - INFO - apps.scraping.context_managers - {'event': 'end', 'name': 'process_product', 'web': 'biking_point', 'index': 73}
2026-09-05 19:19:37,183 - INFO - apps.scraping.context_managers - {'event': 'start', 'name': 'process_product', 'web': 'biking_point', 'index': 74}
2026-09-05 19:19:37,183 - DEBUG - core.utils - Bicycle href: https://www.bikingpoint.es/es/bicicleta-massi-aire-carbon-sl-29-adv-xt-r-al.html
2026-09-05 19:19:37,183 - INFO - apps.scraping.context_managers - {'event': 'end', 'name': 'process_product', 'web': 'biking_point', 'index': 74}
2026-09-05 19:19:37,183 - INFO - apps.scraping.context_managers - {'event': 'start', 'name': 'process_product', 'web': 'biking_point', 'index': 75}
2026-09-05 19:19:37,183 - DEBUG - core.utils - Bicycle href: https://www.bikingpoint.es/es/bicicleta-massi-aire-carbon-sl-29-elite-tr.html
2026-09-05 19:19:37,183 - INFO - apps.scraping.context_managers - {'event': 'end', 'name': 'process_product', 'web': 'biking_point', 'index': 75}
2026-09-05 19:19:37,183 - INFO - apps.scraping.context_managers - {'event': 'start', 'name': 'process_product', 'web': 'biking_point', 'index': 76}
2026-09-05 19:19:37,184 - DEBUG - core.utils - Bicycle href: https://www.bikingpoint.es/es/bicicleta-giant-trance-x-e-2-pro-29-bateria-625.html
2026-09-05 19:19:37,184 - INFO - apps.scraping.context_managers - {'event': 'end', 'name': 'process_product', 'web': 'biking_point', 'index': 76}
2026-09-05 19:19:37,184 - INFO - apps.scraping.context_managers - {'event': 'start', 'name': 'process_product', 'web': 'biking_point', 'index': 77}
2026-09-05 19:19:37,184 - DEBUG - core.utils - Bicycle href: https://www.bikingpoint.es/es/bicicleta-scott-addict-30-white-2027.html
2026-09-05 19:19:37,184 - INFO - apps.scraping.context_managers - {'event': 'end', 'name': 'process_product', 'web': 'biking_point', 'index': 77}
2026-09-05 19:19:37,184 - INFO - apps.scraping.context_managers - {'event': 'start', 'name': 'process_product', 'web': 'biking_point', 'index': 78}
2026-09-05 19:19:37,184 - DEBUG - core.utils - Bicycle href: https://www.bikingpoint.es/es/bicicleta-massi-arrow-3-race-105-db-xtech-2026.html
2026-09-05 19:19:37,184 - INFO - apps.scraping.context_managers - {'event': 'end', 'name': 'process_product', 'web': 'biking_point', 'index': 78}
2026-09-05 19:19:37,184 - INFO - apps.scraping.context_managers - {'event': 'start', 'name': 'process_product', 'web': 'biking_point', 'index': 79}
2026-09-05 19:19:37,184 - DEBUG - core.utils - Bicycle href: https://www.bikingpoint.es/es/bicicleta-scott-spark-rc-wc-evo-axs-t-m-2022-2a-ma.html
2026-09-05 19:19:37,184 - INFO - apps.scraping.context_managers - {'event': 'end', 'name': 'process_product', 'web': 'biking_point', 'index': 79}
2026-09-05 19:19:37,184 - INFO - apps.scraping.context_managers - {'event': 'start', 'name': 'process_product', 'web': 'biking_point', 'index': 80}
2026-09-05 19:19:37,185 - DEBUG - core.utils - Bicycle href: https://www.bikingpoint.es/es/bicicleta-massi-aire-carbon-sl-29-endurance-2022.html
2026-09-05 19:19:37,185 - INFO - apps.scraping.context_managers - {'event': 'end', 'name': 'process_product', 'web': 'biking_point', 'index': 80}
2026-09-05 19:19:37,185 - INFO - apps.scraping.context_managers - {'event': 'start', 'name': 'process_product', 'web': 'biking_point', 'index': 81}
2026-09-05 19:19:37,185 - DEBUG - core.utils - Bicycle href: https://www.bikingpoint.es/es/bicicleta-scott-addict-gravel-10-2025.html
2026-09-05 19:19:37,185 - INFO - apps.scraping.context_managers - {'event': 'end', 'name': 'process_product', 'web': 'biking_point', 'index': 81}
2026-09-05 19:19:37,185 - INFO - apps.scraping.context_managers - {'event': 'start', 'name': 'process_product', 'web': 'biking_point', 'index': 82}
2026-09-05 19:19:37,185 - DEBUG - core.utils - Bicycle href: https://www.bikingpoint.es/es/bicicleta-massi-team-2-race-105-di2-2026.html
2026-09-05 19:19:37,185 - INFO - apps.scraping.context_managers - {'event': 'end', 'name': 'process_product', 'web': 'biking_point', 'index': 82}
2026-09-05 19:19:37,185 - INFO - apps.scraping.context_managers - {'event': 'start', 'name': 'process_product', 'web': 'biking_point', 'index': 83}
2026-09-05 19:19:37,185 - DEBUG - core.utils - Bicycle href: https://www.bikingpoint.es/es/bicicleta-massi-arrow-race-105-disc-di2.html
2026-09-05 19:19:37,185 - INFO - apps.scraping.context_managers - {'event': 'end', 'name': 'process_product', 'web': 'biking_point', 'index': 83}
2026-09-05 19:19:37,185 - INFO - apps.scraping.context_managers - {'event': 'start', 'name': 'process_product', 'web': 'biking_point', 'index': 84}
2026-09-05 19:19:37,186 - DEBUG - core.utils - Bicycle href: https://www.bikingpoint.es/es/bicicleta-massi-team-race-105-di2-12v-db-2026.html
2026-09-05 19:19:37,186 - INFO - apps.scraping.context_managers - {'event': 'end', 'name': 'process_product', 'web': 'biking_point', 'index': 84}
2026-09-05 19:19:37,186 - INFO - apps.scraping.context_managers - {'event': 'start', 'name': 'process_product', 'web': 'biking_point', 'index': 85}
2026-09-05 19:19:37,186 - DEBUG - core.utils - Bicycle href: https://www.bikingpoint.es/es/bicicleta-massi-team-race-ultegra-di2-tour.html
2026-09-05 19:19:37,186 - INFO - apps.scraping.context_managers - {'event': 'end', 'name': 'process_product', 'web': 'biking_point', 'index': 85}
2026-09-05 19:19:37,186 - INFO - apps.scraping.context_managers - {'event': 'start', 'name': 'process_product', 'web': 'biking_point', 'index': 86}
2026-09-05 19:19:37,186 - DEBUG - core.utils - Bicycle href: https://www.bikingpoint.es/es/bicicleta-scott-addict-eride-30.html
2026-09-05 19:19:37,186 - INFO - apps.scraping.context_managers - {'event': 'end', 'name': 'process_product', 'web': 'biking_point', 'index': 86}
2026-09-05 19:19:37,186 - INFO - apps.scraping.context_managers - {'event': 'start', 'name': 'process_product', 'web': 'biking_point', 'index': 87}
2026-09-05 19:19:37,186 - DEBUG - core.utils - Bicycle href: https://www.bikingpoint.es/es/bicicleta-liv-embolden-e-1-pro-2025.html
2026-09-05 19:19:37,186 - INFO - apps.scraping.context_managers - {'event': 'end', 'name': 'process_product', 'web': 'biking_point', 'index': 87}
2026-09-05 19:19:37,186 - INFO - apps.scraping.context_managers - {'event': 'start', 'name': 'process_product', 'web': 'biking_point', 'index': 88}
2026-09-05 19:19:37,187 - DEBUG - core.utils - Bicycle href: https://www.bikingpoint.es/es/bicicleta-massi-team-race-105-12-db-xtech-2026.html
2026-09-05 19:19:37,187 - INFO - apps.scraping.context_managers - {'event': 'end', 'name': 'process_product', 'web': 'biking_point', 'index': 88}
2026-09-05 19:19:37,187 - INFO - apps.scraping.context_managers - {'event': 'start', 'name': 'process_product', 'web': 'biking_point', 'index': 89}
2026-09-05 19:19:37,187 - DEBUG - core.utils - Bicycle href: https://www.bikingpoint.es/es/bicicleta-massi-arrow-race-ultegra-disc-di2.html
2026-09-05 19:19:37,187 - INFO - apps.scraping.context_managers - {'event': 'end', 'name': 'process_product', 'web': 'biking_point', 'index': 89}
2026-09-05 19:19:37,187 - INFO - apps.scraping.context_managers - {'event': 'start', 'name': 'process_product', 'web': 'biking_point', 'index': 90}
2026-09-05 19:19:37,187 - DEBUG - core.utils - Bicycle href: https://www.bikingpoint.es/es/bicicleta-scott-addict-40-grey-2027.html
2026-09-05 19:19:37,187 - INFO - apps.scraping.context_managers - {'event': 'end', 'name': 'process_product', 'web': 'biking_point', 'index': 90}
2026-09-05 19:19:37,187 - INFO - apps.scraping.context_managers - {'event': 'start', 'name': 'process_product', 'web': 'biking_point', 'index': 91}
2026-09-05 19:19:37,187 - DEBUG - core.utils - Bicycle href: https://www.bikingpoint.es/es/bicicleta-giant-propel-advanced-1-2027.html
2026-09-05 19:19:37,187 - INFO - apps.scraping.context_managers - {'event': 'end', 'name': 'process_product', 'web': 'biking_point', 'index': 91}
2026-09-05 19:19:37,188 - INFO - apps.scraping.context_managers - {'event': 'start', 'name': 'process_product', 'web': 'biking_point', 'index': 92}
2026-09-05 19:19:37,188 - DEBUG - core.utils - Bicycle href: https://www.bikingpoint.es/es/bicicleta-massi-k2-evo-29-advanced-630wh-ep6-2026.html
2026-09-05 19:19:37,188 - INFO - apps.scraping.context_managers - {'event': 'end', 'name': 'process_product', 'web': 'biking_point', 'index': 92}
2026-09-05 19:19:37,188 - INFO - apps.scraping.context_managers - {'event': 'start', 'name': 'process_product', 'web': 'biking_point', 'index': 93}
2026-09-05 19:19:37,188 - DEBUG - core.utils - Bicycle href: https://www.bikingpoint.es/es/bicicleta-massi-pro-29-elite-2026.html
2026-09-05 19:19:37,188 - INFO - apps.scraping.context_managers - {'event': 'end', 'name': 'process_product', 'web': 'biking_point', 'index': 93}
2026-09-05 19:19:37,188 - INFO - apps.scraping.context_managers - {'event': 'start', 'name': 'process_product', 'web': 'biking_point', 'index': 94}
2026-09-05 19:19:37,188 - DEBUG - core.utils - Bicycle href: https://www.bikingpoint.es/es/bicicleta-massi-across-carbon-grx-1x12-black-2026.html
2026-09-05 19:19:37,188 - INFO - apps.scraping.context_managers - {'event': 'end', 'name': 'process_product', 'web': 'biking_point', 'index': 94}
2026-09-05 19:19:37,188 - INFO - apps.scraping.context_managers - {'event': 'start', 'name': 'process_product', 'web': 'biking_point', 'index': 95}
2026-09-05 19:19:37,188 - DEBUG - core.utils - Bicycle href: https://www.bikingpoint.es/es/bicicleta-massi-aire-sl-ltd-x-2-2026.html
2026-09-05 19:19:37,188 - INFO - apps.scraping.context_managers - {'event': 'end', 'name': 'process_product', 'web': 'biking_point', 'index': 95}
2026-09-05 19:19:37,188 - INFO - apps.scraping.context_managers - {'event': 'start', 'name': 'process_product', 'web': 'biking_point', 'index': 96}
2026-09-05 19:19:37,189 - DEBUG - core.utils - Bicycle href: https://www.bikingpoint.es/es/bicicleta-scott-strike-eride-920-azul.html
2026-09-05 19:19:37,189 - INFO - apps.scraping.context_managers - {'event': 'end', 'name': 'process_product', 'web': 'biking_point', 'index': 96}
2026-09-05 19:19:37,189 - INFO - apps.scraping.context_managers - {'event': 'start', 'name': 'process_product', 'web': 'biking_point', 'index': 97}
2026-09-05 19:19:37,189 - DEBUG - core.utils - Bicycle href: https://www.bikingpoint.es/es/bicicleta-massi-across-carbon-grx-1x12.html
2026-09-05 19:19:37,189 - INFO - apps.scraping.context_managers - {'event': 'end', 'name': 'process_product', 'web': 'biking_point', 'index': 97}
2026-09-05 19:19:37,189 - INFO - apps.scraping.context_managers - {'event': 'start', 'name': 'process_product', 'web': 'biking_point', 'index': 98}
2026-09-05 19:19:37,189 - DEBUG - core.utils - Bicycle href: https://www.bikingpoint.es/es/bicicleta-massi-team-2-105-12v-xtech-2026.html
2026-09-05 19:19:37,189 - INFO - apps.scraping.context_managers - {'event': 'end', 'name': 'process_product', 'web': 'biking_point', 'index': 98}
2026-09-05 19:19:37,189 - INFO - apps.scraping.context_managers - {'event': 'start', 'name': 'process_product', 'web': 'biking_point', 'index': 99}
2026-09-05 19:19:37,189 - DEBUG - core.utils - Bicycle href: https://www.bikingpoint.es/es/bicicleta-massi-across-carbon-grx-1x12-green-2026.html
2026-09-05 19:19:37,189 - INFO - apps.scraping.context_managers - {'event': 'end', 'name': 'process_product', 'web': 'biking_point', 'index': 99}
2026-09-05 19:19:37,189 - INFO - apps.scraping.context_managers - {'event': 'start', 'name': 'process_product', 'web': 'biking_point', 'index': 100}
2026-09-05 19:19:37,190 - DEBUG - core.utils - Bicycle href: https://www.bikingpoint.es/es/bicicleta-giant-trance-x-e-2-pro-29.html
2026-09-05 19:19:37,190 - INFO - apps.scraping.context_managers - {'event': 'end', 'name': 'process_product', 'web': 'biking_point', 'index': 100}
2026-09-05 19:19:37,190 - INFO - apps.scraping.context_managers - {'event': 'start', 'name': 'process_product', 'web': 'biking_point', 'index': 101}
2026-09-05 19:19:37,190 - DEBUG - core.utils - Bicycle href: https://www.bikingpoint.es/es/bicicleta-massi-arrow-race-105-disc-di2-carbo.html
2026-09-05 19:19:37,190 - INFO - apps.scraping.context_managers - {'event': 'end', 'name': 'process_product', 'web': 'biking_point', 'index': 101}
2026-09-05 19:19:37,190 - INFO - apps.scraping.context_managers - {'event': 'start', 'name': 'process_product', 'web': 'biking_point', 'index': 102}
2026-09-05 19:19:37,190 - DEBUG - core.utils - Bicycle href: https://www.bikingpoint.es/es/bicicleta-look-785-huez-disc-105-proteam-2025.html
2026-09-05 19:19:37,190 - INFO - apps.scraping.context_managers - {'event': 'end', 'name': 'process_product', 'web': 'biking_point', 'index': 102}
2026-09-05 19:19:37,190 - INFO - apps.scraping.context_managers - {'event': 'start', 'name': 'process_product', 'web': 'biking_point', 'index': 103}
2026-09-05 19:19:37,190 - DEBUG - core.utils - Bicycle href: https://www.bikingpoint.es/es/bicicleta-massi-aire-carbon-sl-29-comp-1x12-2025.html
2026-09-05 19:19:37,190 - INFO - apps.scraping.context_managers - {'event': 'end', 'name': 'process_product', 'web': 'biking_point', 'index': 103}
2026-09-05 19:19:37,190 - INFO - apps.scraping.context_managers - {'event': 'start', 'name': 'process_product', 'web': 'biking_point', 'index': 104}
2026-09-05 19:19:37,191 - DEBUG - core.utils - Bicycle href: https://www.bikingpoint.es/es/bicicleta-massi-team-race-105-disc-di2-carbon-2023.html
2026-09-05 19:19:37,191 - INFO - apps.scraping.context_managers - {'event': 'end', 'name': 'process_product', 'web': 'biking_point', 'index': 104}
2026-09-05 19:19:37,191 - INFO - apps.scraping.context_managers - {'event': 'start', 'name': 'process_product', 'web': 'biking_point', 'index': 105}
2026-09-05 19:19:37,191 - DEBUG - core.utils - Bicycle href: https://www.bikingpoint.es/es/bicicleta-scott-addict-gravel-20-beige-2026.html
2026-09-05 19:19:37,191 - INFO - apps.scraping.context_managers - {'event': 'end', 'name': 'process_product', 'web': 'biking_point', 'index': 105}
2026-09-05 19:19:37,191 - INFO - apps.scraping.context_managers - {'event': 'start', 'name': 'process_product', 'web': 'biking_point', 'index': 106}
2026-09-05 19:19:37,191 - DEBUG - core.utils - Bicycle href: https://www.bikingpoint.es/es/bicicleta-liv-embolden-e-1-2025.html
2026-09-05 19:19:37,191 - INFO - apps.scraping.context_managers - {'event': 'end', 'name': 'process_product', 'web': 'biking_point', 'index': 106}
2026-09-05 19:19:37,191 - INFO - apps.scraping.context_managers - {'event': 'start', 'name': 'process_product', 'web': 'biking_point', 'index': 107}
2026-09-05 19:19:37,191 - DEBUG - core.utils - Bicycle href: https://www.bikingpoint.es/es/bicicleta-giant-tcr-advanced-pro-1-di2-plata-2026.html
2026-09-05 19:19:37,191 - INFO - apps.scraping.context_managers - {'event': 'end', 'name': 'process_product', 'web': 'biking_point', 'index': 107}
2026-09-05 19:19:37,191 - INFO - apps.scraping.context_managers - {'event': 'start', 'name': 'process_product', 'web': 'biking_point', 'index': 108}
2026-09-05 19:19:37,191 - DEBUG - core.utils - Bicycle href: https://www.bikingpoint.es/es/bicicleta-massi-aire-carbon-sl-29-comp-plus.html
2026-09-05 19:19:37,192 - INFO - apps.scraping.context_managers - {'event': 'end', 'name': 'process_product', 'web': 'biking_point', 'index': 108}
2026-09-05 19:19:37,192 - INFO - apps.scraping.context_managers - {'event': 'start', 'name': 'process_product', 'web': 'biking_point', 'index': 109}
2026-09-05 19:19:37,192 - DEBUG - core.utils - Bicycle href: https://www.bikingpoint.es/es/bicicleta-scott-lumen-eride-910-2023-t-l-2a-mano.html
2026-09-05 19:19:37,192 - INFO - apps.scraping.context_managers - {'event': 'end', 'name': 'process_product', 'web': 'biking_point', 'index': 109}
2026-09-05 19:19:37,192 - INFO - apps.scraping.context_managers - {'event': 'start', 'name': 'process_product', 'web': 'biking_point', 'index': 110}
2026-09-05 19:19:37,192 - DEBUG - core.utils - Bicycle href: https://www.bikingpoint.es/es/bicicleta-massi-pro-29-elite-1x12.html
2026-09-05 19:19:37,192 - INFO - apps.scraping.context_managers - {'event': 'end', 'name': 'process_product', 'web': 'biking_point', 'index': 110}
2026-09-05 19:19:37,192 - INFO - apps.scraping.context_managers - {'event': 'start', 'name': 'process_product', 'web': 'biking_point', 'index': 111}
2026-09-05 19:19:37,192 - DEBUG - core.utils - Bicycle href: https://www.bikingpoint.es/es/bicicleta-massi-team-gravel-ultegra-2x11.html
2026-09-05 19:19:37,192 - INFO - apps.scraping.context_managers - {'event': 'end', 'name': 'process_product', 'web': 'biking_point', 'index': 111}
2026-09-05 19:19:37,192 - INFO - apps.scraping.context_managers - {'event': 'start', 'name': 'process_product', 'web': 'biking_point', 'index': 112}
2026-09-05 19:19:37,192 - DEBUG - core.utils - Bicycle href: https://www.bikingpoint.es/es/bicicleta-scott-spark-rc-team-white-2024.html
2026-09-05 19:19:37,192 - INFO - apps.scraping.context_managers - {'event': 'end', 'name': 'process_product', 'web': 'biking_point', 'index': 112}
2026-09-05 19:19:37,192 - INFO - apps.scraping.context_managers - {'event': 'start', 'name': 'process_product', 'web': 'biking_point', 'index': 113}
2026-09-05 19:19:37,192 - DEBUG - core.utils - Bicycle href: https://www.bikingpoint.es/es/bicicleta-massi-k2-29-630wh-e7000-pro-2025.html
2026-09-05 19:19:37,193 - INFO - apps.scraping.context_managers - {'event': 'end', 'name': 'process_product', 'web': 'biking_point', 'index': 113}
2026-09-05 19:19:37,193 - INFO - apps.scraping.context_managers - {'event': 'start', 'name': 'process_product', 'web': 'biking_point', 'index': 114}
2026-09-05 19:19:37,193 - DEBUG - core.utils - Bicycle href: https://www.bikingpoint.es/es/bicicleta-look-765-rs-db-petrol-rival-red500.html
2026-09-05 19:19:37,193 - INFO - apps.scraping.context_managers - {'event': 'end', 'name': 'process_product', 'web': 'biking_point', 'index': 114}
2026-09-05 19:19:37,193 - INFO - apps.scraping.context_managers - {'event': 'start', 'name': 'process_product', 'web': 'biking_point', 'index': 115}
2026-09-05 19:19:37,193 - DEBUG - core.utils - Bicycle href: https://www.bikingpoint.es/es/bicicleta-scott-spark-rc-team-black-2026.html
2026-09-05 19:19:37,193 - INFO - apps.scraping.context_managers - {'event': 'end', 'name': 'process_product', 'web': 'biking_point', 'index': 115}
2026-09-05 19:19:37,193 - INFO - apps.scraping.context_managers - {'event': 'start', 'name': 'process_product', 'web': 'biking_point', 'index': 116}
2026-09-05 19:19:37,193 - DEBUG - core.utils - Bicycle href: https://www.bikingpoint.es/es/bicicleta-giant-anthem-advanced-pro-29-1-2022.html
2026-09-05 19:19:37,193 - INFO - apps.scraping.context_managers - {'event': 'end', 'name': 'process_product', 'web': 'biking_point', 'index': 116}
2026-09-05 19:19:37,193 - INFO - apps.scraping.context_managers - {'event': 'start', 'name': 'process_product', 'web': 'biking_point', 'index': 117}
2026-09-05 19:19:37,193 - DEBUG - core.utils - Bicycle href: https://www.bikingpoint.es/es/bicicleta-scott-spark-rc-team-black-2024.html
2026-09-05 19:19:37,193 - INFO - apps.scraping.context_managers - {'event': 'end', 'name': 'process_product', 'web': 'biking_point', 'index': 117}
2026-09-05 19:19:37,193 - INFO - apps.scraping.context_managers - {'event': 'start', 'name': 'process_product', 'web': 'biking_point', 'index': 118}
2026-09-05 19:19:37,194 - DEBUG - core.utils - Bicycle href: https://www.bikingpoint.es/es/bicicleta-scott-addict-rc-40-2023.html
2026-09-05 19:19:37,194 - INFO - apps.scraping.context_managers - {'event': 'end', 'name': 'process_product', 'web': 'biking_point', 'index': 118}
2026-09-05 19:19:37,194 - INFO - apps.scraping.context_managers - {'event': 'start', 'name': 'process_product', 'web': 'biking_point', 'index': 119}
2026-09-05 19:19:37,194 - DEBUG - core.utils - Bicycle href: https://www.bikingpoint.es/es/bicicleta-massi-team-2-race-105-12v-db-2026.html
2026-09-05 19:19:37,194 - INFO - apps.scraping.context_managers - {'event': 'end', 'name': 'process_product', 'web': 'biking_point', 'index': 119}
2026-09-05 19:19:37,194 - INFO - apps.scraping.context_managers - {'event': 'start', 'name': 'process_product', 'web': 'biking_point', 'index': 120}
2026-09-05 19:19:37,194 - DEBUG - core.utils - Bicycle href: https://www.bikingpoint.es/es/bicicleta-liv-devote-advanced-1-2026.html
2026-09-05 19:19:37,194 - INFO - apps.scraping.context_managers - {'event': 'end', 'name': 'process_product', 'web': 'biking_point', 'index': 120}
2026-09-05 19:19:37,194 - INFO - apps.scraping.context_managers - {'event': 'start', 'name': 'process_product', 'web': 'biking_point', 'index': 121}
2026-09-05 19:19:37,194 - DEBUG - core.utils - Bicycle href: https://www.bikingpoint.es/es/bicicleta-massi-team-gravel-grx-1x11.html
2026-09-05 19:19:37,194 - INFO - apps.scraping.context_managers - {'event': 'end', 'name': 'process_product', 'web': 'biking_point', 'index': 121}
2026-09-05 19:19:37,194 - INFO - apps.scraping.context_managers - {'event': 'start', 'name': 'process_product', 'web': 'biking_point', 'index': 122}
2026-09-05 19:19:37,195 - DEBUG - core.utils - Bicycle href: https://www.bikingpoint.es/es/bicicleta-liv-langma-advanced-1-pro-compact-2026.html
2026-09-05 19:19:37,195 - INFO - apps.scraping.context_managers - {'event': 'end', 'name': 'process_product', 'web': 'biking_point', 'index': 122}
2026-09-05 19:19:37,195 - INFO - apps.scraping.context_managers - {'event': 'start', 'name': 'process_product', 'web': 'biking_point', 'index': 123}
2026-09-05 19:19:37,195 - DEBUG - core.utils - Bicycle href: https://www.bikingpoint.es/es/bicicleta-massi-team-race-105-di2-12v.html
2026-09-05 19:19:37,195 - INFO - apps.scraping.context_managers - {'event': 'end', 'name': 'process_product', 'web': 'biking_point', 'index': 123}
2026-09-05 19:19:37,195 - INFO - apps.scraping.context_managers - {'event': 'start', 'name': 'process_product', 'web': 'biking_point', 'index': 124}
2026-09-05 19:19:37,195 - DEBUG - core.utils - Bicycle href: https://www.bikingpoint.es/es/bicicleta-massi-aire-carbon-sl-29-tech-1x12v.html
2026-09-05 19:19:37,195 - INFO - apps.scraping.context_managers - {'event': 'end', 'name': 'process_product', 'web': 'biking_point', 'index': 124}
2026-09-05 19:19:37,195 - INFO - apps.scraping.context_managers - {'event': 'start', 'name': 'process_product', 'web': 'biking_point', 'index': 125}
2026-09-05 19:19:37,195 - DEBUG - core.utils - Bicycle href: https://www.bikingpoint.es/es/bicicleta-scott-addict-rc-15-t-l-ed-esp.html
2026-09-05 19:19:37,195 - INFO - apps.scraping.context_managers - {'event': 'end', 'name': 'process_product', 'web': 'biking_point', 'index': 125}
2026-09-05 19:19:37,195 - INFO - apps.scraping.context_managers - {'event': 'start', 'name': 'process_product', 'web': 'biking_point', 'index': 126}
2026-09-05 19:19:37,195 - DEBUG - core.utils - Bicycle href: https://www.bikingpoint.es/es/bicicleta-massi-pro-29-performance-1x12-2026.html
2026-09-05 19:19:37,195 - INFO - apps.scraping.context_managers - {'event': 'end', 'name': 'process_product', 'web': 'biking_point', 'index': 126}
2026-09-05 19:19:37,195 - INFO - apps.scraping.context_managers - {'event': 'start', 'name': 'process_product', 'web': 'biking_point', 'index': 127}
2026-09-05 19:19:37,196 - DEBUG - core.utils - Bicycle href: https://www.bikingpoint.es/es/bicicleta-massi-aire-carbon-sl-29-tech-1x12.html
2026-09-05 19:19:37,196 - INFO - apps.scraping.context_managers - {'event': 'end', 'name': 'process_product', 'web': 'biking_point', 'index': 127}
2026-09-05 19:19:37,196 - INFO - apps.scraping.context_managers - {'event': 'start', 'name': 'process_product', 'web': 'biking_point', 'index': 128}
2026-09-05 19:19:37,196 - DEBUG - core.utils - Bicycle href: https://www.bikingpoint.es/es/bicicleta-scott-addict-50-cumulus-white-2027.html
2026-09-05 19:19:37,196 - INFO - apps.scraping.context_managers - {'event': 'end', 'name': 'process_product', 'web': 'biking_point', 'index': 128}
2026-09-05 19:19:37,196 - INFO - apps.scraping.context_managers - {'event': 'start', 'name': 'process_product', 'web': 'biking_point', 'index': 129}
2026-09-05 19:19:37,196 - DEBUG - core.utils - Bicycle href: https://www.bikingpoint.es/es/bicicleta-scott-spark-rc-comp-2025.html
2026-09-05 19:19:37,196 - INFO - apps.scraping.context_managers - {'event': 'end', 'name': 'process_product', 'web': 'biking_point', 'index': 129}
2026-09-05 19:19:37,196 - INFO - apps.scraping.context_managers - {'event': 'start', 'name': 'process_product', 'web': 'biking_point', 'index': 130}
2026-09-05 19:19:37,196 - DEBUG - core.utils - Bicycle href: https://www.bikingpoint.es/es/bicicleta-massi-team-gravel-grx-1x11-2025.html
2026-09-05 19:19:37,196 - INFO - apps.scraping.context_managers - {'event': 'end', 'name': 'process_product', 'web': 'biking_point', 'index': 130}
2026-09-05 19:19:37,196 - INFO - apps.scraping.context_managers - {'event': 'start', 'name': 'process_product', 'web': 'biking_point', 'index': 131}
2026-09-05 19:19:37,196 - DEBUG - core.utils - Bicycle href: https://www.bikingpoint.es/es/bicicleta-massi-aire-sl-ltd-x-1-2026.html
2026-09-05 19:19:37,196 - INFO - apps.scraping.context_managers - {'event': 'end', 'name': 'process_product', 'web': 'biking_point', 'index': 131}
2026-09-05 19:19:37,196 - INFO - apps.scraping.context_managers - {'event': 'start', 'name': 'process_product', 'web': 'biking_point', 'index': 132}
2026-09-05 19:19:37,197 - DEBUG - core.utils - Bicycle href: https://www.bikingpoint.es/es/bicicleta-massi-team-2-105-12v-db-wb-2026.html
2026-09-05 19:19:37,197 - INFO - apps.scraping.context_managers - {'event': 'end', 'name': 'process_product', 'web': 'biking_point', 'index': 132}
2026-09-05 19:19:37,197 - INFO - apps.scraping.context_managers - {'event': 'start', 'name': 'process_product', 'web': 'biking_point', 'index': 133}
2026-09-05 19:19:37,197 - DEBUG - core.utils - Bicycle href: https://www.bikingpoint.es/es/bicicleta-liv-langma-advanced-0-2026.html
2026-09-05 19:19:37,197 - INFO - apps.scraping.context_managers - {'event': 'end', 'name': 'process_product', 'web': 'biking_point', 'index': 133}
2026-09-05 19:19:37,197 - INFO - apps.scraping.context_managers - {'event': 'start', 'name': 'process_product', 'web': 'biking_point', 'index': 134}
2026-09-05 19:19:37,197 - DEBUG - core.utils - Bicycle href: https://www.bikingpoint.es/es/bicicleta-liv-intrigue-29-1.html
2026-09-05 19:19:37,197 - INFO - apps.scraping.context_managers - {'event': 'end', 'name': 'process_product', 'web': 'biking_point', 'index': 134}
2026-09-05 19:19:37,197 - INFO - apps.scraping.context_managers - {'event': 'start', 'name': 'process_product', 'web': 'biking_point', 'index': 135}
2026-09-05 19:19:37,197 - DEBUG - core.utils - Bicycle href: https://www.bikingpoint.es/es/bicicleta-liv-tempt-e-ex-box-2026.html
2026-09-05 19:19:37,197 - INFO - apps.scraping.context_managers - {'event': 'end', 'name': 'process_product', 'web': 'biking_point', 'index': 135}
2026-09-05 19:19:37,197 - INFO - apps.scraping.context_managers - {'event': 'start', 'name': 'process_product', 'web': 'biking_point', 'index': 136}
2026-09-05 19:19:37,197 - DEBUG - core.utils - Bicycle href: https://www.bikingpoint.es/es/bicicleta-massi-k2-29-elite-504wh-e7000.html
2026-09-05 19:19:37,197 - INFO - apps.scraping.context_managers - {'event': 'end', 'name': 'process_product', 'web': 'biking_point', 'index': 136}
2026-09-05 19:19:37,197 - INFO - apps.scraping.context_managers - {'event': 'start', 'name': 'process_product', 'web': 'biking_point', 'index': 137}
2026-09-05 19:19:37,198 - DEBUG - core.utils - Bicycle href: https://www.bikingpoint.es/es/bicicleta-massi-team-2-105-mix-12v-db-wb-2026.html
2026-09-05 19:19:37,198 - INFO - apps.scraping.context_managers - {'event': 'end', 'name': 'process_product', 'web': 'biking_point', 'index': 137}
2026-09-05 19:19:37,198 - INFO - apps.scraping.context_managers - {'event': 'start', 'name': 'process_product', 'web': 'biking_point', 'index': 138}
2026-09-05 19:19:37,198 - DEBUG - core.utils - Bicycle href: https://www.bikingpoint.es/es/bicicleta-massi-across-carbon-grx-2x10-2026.html
2026-09-05 19:19:37,198 - INFO - apps.scraping.context_managers - {'event': 'end', 'name': 'process_product', 'web': 'biking_point', 'index': 138}
2026-09-05 19:19:37,198 - INFO - apps.scraping.context_managers - {'event': 'start', 'name': 'process_product', 'web': 'biking_point', 'index': 139}
2026-09-05 19:19:37,198 - DEBUG - core.utils - Bicycle href: https://www.bikingpoint.es/es/bicicleta-cannondale-scalpel-29-2016-t-m-2a-mano.html
2026-09-05 19:19:37,198 - INFO - apps.scraping.context_managers - {'event': 'end', 'name': 'process_product', 'web': 'biking_point', 'index': 139}
2026-09-05 19:19:37,198 - INFO - apps.scraping.context_managers - {'event': 'start', 'name': 'process_product', 'web': 'biking_point', 'index': 140}
2026-09-05 19:19:37,198 - DEBUG - core.utils - Bicycle href: https://www.bikingpoint.es/es/bicicleta-liv-langma-advanced-1-pc-2025.html
2026-09-05 19:19:37,198 - INFO - apps.scraping.context_managers - {'event': 'end', 'name': 'process_product', 'web': 'biking_point', 'index': 140}
2026-09-05 19:19:37,198 - INFO - apps.scraping.context_managers - {'event': 'start', 'name': 'process_product', 'web': 'biking_point', 'index': 141}
2026-09-05 19:19:37,198 - DEBUG - core.utils - Bicycle href: https://www.bikingpoint.es/es/bicicleta-massi-team-gravel-105-mix-2x11-2025.html
2026-09-05 19:19:37,198 - INFO - apps.scraping.context_managers - {'event': 'end', 'name': 'process_product', 'web': 'biking_point', 'index': 141}
2026-09-05 19:19:37,198 - INFO - apps.scraping.context_managers - {'event': 'start', 'name': 'process_product', 'web': 'biking_point', 'index': 142}
2026-09-05 19:19:37,198 - DEBUG - core.utils - Bicycle href: https://www.bikingpoint.es/es/bicicleta-giant-revolt-advanced-2-2026.html
2026-09-05 19:19:37,199 - INFO - apps.scraping.context_managers - {'event': 'end', 'name': 'process_product', 'web': 'biking_point', 'index': 142}
2026-09-05 19:19:37,199 - INFO - apps.scraping.context_managers - {'event': 'start', 'name': 'process_product', 'web': 'biking_point', 'index': 143}
2026-09-05 19:19:37,199 - DEBUG - core.utils - Bicycle href: https://www.bikingpoint.es/es/bicicleta-giant-tcr-advanced-1-pro-compact-2026.html
2026-09-05 19:19:37,199 - INFO - apps.scraping.context_managers - {'event': 'end', 'name': 'process_product', 'web': 'biking_point', 'index': 143}
2026-09-05 19:19:37,199 - INFO - apps.scraping.context_managers - {'event': 'start', 'name': 'process_product', 'web': 'biking_point', 'index': 144}
2026-09-05 19:19:37,199 - DEBUG - core.utils - Bicycle href: https://www.bikingpoint.es/es/bicicleta-massi-team-29-pro-2026.html
2026-09-05 19:19:37,199 - INFO - apps.scraping.context_managers - {'event': 'end', 'name': 'process_product', 'web': 'biking_point', 'index': 144}
2026-09-05 19:19:37,199 - INFO - apps.scraping.context_managers - {'event': 'start', 'name': 'process_product', 'web': 'biking_point', 'index': 145}
2026-09-05 19:19:37,199 - DEBUG - core.utils - Bicycle href: https://www.bikingpoint.es/es/bicicleta-look-765-gravel-apex-1x12-red-dust-2025.html
2026-09-05 19:19:37,199 - INFO - apps.scraping.context_managers - {'event': 'end', 'name': 'process_product', 'web': 'biking_point', 'index': 145}
2026-09-05 19:19:37,199 - INFO - apps.scraping.context_managers - {'event': 'start', 'name': 'process_product', 'web': 'biking_point', 'index': 146}
2026-09-05 19:19:37,199 - DEBUG - core.utils - Bicycle href: https://www.bikingpoint.es/es/bicicleta-liv-langma-advanced-2-pro-compact-2026.html
2026-09-05 19:19:37,199 - INFO - apps.scraping.context_managers - {'event': 'end', 'name': 'process_product', 'web': 'biking_point', 'index': 146}
2026-09-05 19:19:37,199 - INFO - apps.scraping.context_managers - {'event': 'start', 'name': 'process_product', 'web': 'biking_point', 'index': 147}
2026-09-05 19:19:37,200 - DEBUG - core.utils - Bicycle href: https://www.bikingpoint.es/es/bicicleta-massi-arrow-race-105-disc-2023.html
2026-09-05 19:19:37,200 - INFO - apps.scraping.context_managers - {'event': 'end', 'name': 'process_product', 'web': 'biking_point', 'index': 147}
2026-09-05 19:19:37,200 - INFO - apps.scraping.context_managers - {'event': 'start', 'name': 'process_product', 'web': 'biking_point', 'index': 148}
2026-09-05 19:19:37,200 - DEBUG - core.utils - Bicycle href: https://www.bikingpoint.es/es/bicicleta-giant-defy-advanced-1-2024-t-m-2a-mano.html
2026-09-05 19:19:37,200 - INFO - apps.scraping.context_managers - {'event': 'end', 'name': 'process_product', 'web': 'biking_point', 'index': 148}
2026-09-05 19:19:37,200 - INFO - apps.scraping.context_managers - {'event': 'start', 'name': 'process_product', 'web': 'biking_point', 'index': 149}
2026-09-05 19:19:37,200 - DEBUG - core.utils - Bicycle href: https://www.bikingpoint.es/es/bicicleta-scott-spark-960-black-2022.html
2026-09-05 19:19:37,200 - INFO - apps.scraping.context_managers - {'event': 'end', 'name': 'process_product', 'web': 'biking_point', 'index': 149}
2026-09-05 19:19:37,200 - INFO - apps.scraping.context_managers - {'event': 'start', 'name': 'process_product', 'web': 'biking_point', 'index': 150}
2026-09-05 19:19:37,200 - DEBUG - core.utils - Bicycle href: https://www.bikingpoint.es/es/bicicleta-liv-tempt-e-box-2026.html
2026-09-05 19:19:37,200 - INFO - apps.scraping.context_managers - {'event': 'end', 'name': 'process_product', 'web': 'biking_point', 'index': 150}
2026-09-05 19:19:37,200 - INFO - apps.scraping.context_managers - {'event': 'start', 'name': 'process_product', 'web': 'biking_point', 'index': 151}
2026-09-05 19:19:37,200 - DEBUG - core.utils - Bicycle href: https://www.bikingpoint.es/es/bicicleta-massi-team-29-slx-fox-ruedas-esp.html
2026-09-05 19:19:37,200 - INFO - apps.scraping.context_managers - {'event': 'end', 'name': 'process_product', 'web': 'biking_point', 'index': 151}
2026-09-05 19:19:37,200 - INFO - apps.scraping.context_managers - {'event': 'start', 'name': 'process_product', 'web': 'biking_point', 'index': 152}
2026-09-05 19:19:37,201 - DEBUG - core.utils - Bicycle href: https://www.bikingpoint.es/es/bicicleta-scott-scale-910-t-xl-ed-esp.html
2026-09-05 19:19:37,201 - INFO - apps.scraping.context_managers - {'event': 'end', 'name': 'process_product', 'web': 'biking_point', 'index': 152}
2026-09-05 19:19:37,201 - INFO - apps.scraping.context_managers - {'event': 'start', 'name': 'process_product', 'web': 'biking_point', 'index': 153}
2026-09-05 19:19:37,201 - DEBUG - core.utils - Bicycle href: https://www.bikingpoint.es/es/bicicleta-scott-addict-gravel-30-white-2026.html
2026-09-05 19:19:37,201 - INFO - apps.scraping.context_managers - {'event': 'end', 'name': 'process_product', 'web': 'biking_point', 'index': 153}
2026-09-05 19:19:37,201 - INFO - apps.scraping.context_managers - {'event': 'start', 'name': 'process_product', 'web': 'biking_point', 'index': 154}
2026-09-05 19:19:37,201 - DEBUG - core.utils - Bicycle href: https://www.bikingpoint.es/es/bicicleta-bmc-team-machine-slr-2022-t-56-2a-mano.html
2026-09-05 19:19:37,201 - INFO - apps.scraping.context_managers - {'event': 'end', 'name': 'process_product', 'web': 'biking_point', 'index': 154}
2026-09-05 19:19:37,201 - INFO - apps.scraping.context_managers - {'event': 'start', 'name': 'process_product', 'web': 'biking_point', 'index': 155}
2026-09-05 19:19:37,201 - DEBUG - core.utils - Bicycle href: https://www.bikingpoint.es/es/bicicleta-massi-team-elite-29.html
2026-09-05 19:19:37,201 - INFO - apps.scraping.context_managers - {'event': 'end', 'name': 'process_product', 'web': 'biking_point', 'index': 155}
2026-09-05 19:19:37,201 - INFO - apps.scraping.context_managers - {'event': 'start', 'name': 'process_product', 'web': 'biking_point', 'index': 156}
2026-09-05 19:19:37,201 - DEBUG - core.utils - Bicycle href: https://www.bikingpoint.es/es/bicicleta-massi-team-29-elite-2026.html
2026-09-05 19:19:37,201 - INFO - apps.scraping.context_managers - {'event': 'end', 'name': 'process_product', 'web': 'biking_point', 'index': 156}
2026-09-05 19:19:37,201 - INFO - apps.scraping.context_managers - {'event': 'start', 'name': 'process_product', 'web': 'biking_point', 'index': 157}
2026-09-05 19:19:37,201 - DEBUG - core.utils - Bicycle href: https://www.bikingpoint.es/es/bicicleta-massi-across-alu-grx-1x12-2026-beige.html
2026-09-05 19:19:37,201 - INFO - apps.scraping.context_managers - {'event': 'end', 'name': 'process_product', 'web': 'biking_point', 'index': 157}
2026-09-05 19:19:37,202 - INFO - apps.scraping.context_managers - {'event': 'start', 'name': 'process_product', 'web': 'biking_point', 'index': 158}
2026-09-05 19:19:37,202 - DEBUG - core.utils - Bicycle href: https://www.bikingpoint.es/es/bicicleta-massi-across-alu-grx-1x12-2026-plata.html
2026-09-05 19:19:37,202 - INFO - apps.scraping.context_managers - {'event': 'end', 'name': 'process_product', 'web': 'biking_point', 'index': 158}
2026-09-05 19:19:37,202 - INFO - apps.scraping.context_managers - {'event': 'start', 'name': 'process_product', 'web': 'biking_point', 'index': 159}
2026-09-05 19:19:37,202 - DEBUG - core.utils - Bicycle href: https://www.bikingpoint.es/es/bicicleta-scott-addict-gravel-30-black-2026.html
2026-09-05 19:19:37,202 - INFO - apps.scraping.context_managers - {'event': 'end', 'name': 'process_product', 'web': 'biking_point', 'index': 159}
2026-09-05 19:19:37,202 - INFO - apps.scraping.context_managers - {'event': 'start', 'name': 'process_product', 'web': 'biking_point', 'index': 160}
2026-09-05 19:19:37,202 - DEBUG - core.utils - Bicycle href: https://www.bikingpoint.es/es/bicicleta-massi-team-29-new-elite-2021.html
2026-09-05 19:19:37,202 - INFO - apps.scraping.context_managers - {'event': 'end', 'name': 'process_product', 'web': 'biking_point', 'index': 160}
2026-09-05 19:19:37,202 - INFO - apps.scraping.context_managers - {'event': 'start', 'name': 'process_product', 'web': 'biking_point', 'index': 161}
2026-09-05 19:19:37,202 - DEBUG - core.utils - Bicycle href: https://www.bikingpoint.es/es/bicicleta-massi-casta-29-replica-venom-1x12.html
2026-09-05 19:19:37,202 - INFO - apps.scraping.context_managers - {'event': 'end', 'name': 'process_product', 'web': 'biking_point', 'index': 161}
2026-09-05 19:19:37,202 - INFO - apps.scraping.context_managers - {'event': 'start', 'name': 'process_product', 'web': 'biking_point', 'index': 162}
2026-09-05 19:19:37,202 - DEBUG - core.utils - Bicycle href: https://www.bikingpoint.es/es/bicicleta-giant-revolt-advanced-3-2026.html
2026-09-05 19:19:37,202 - INFO - apps.scraping.context_managers - {'event': 'end', 'name': 'process_product', 'web': 'biking_point', 'index': 162}
2026-09-05 19:19:37,202 - INFO - apps.scraping.context_managers - {'event': 'start', 'name': 'process_product', 'web': 'biking_point', 'index': 163}
2026-09-05 19:19:37,203 - DEBUG - core.utils - Bicycle href: https://www.bikingpoint.es/es/bicicleta-massi-across-alu-grx-1x11.html
2026-09-05 19:19:37,203 - INFO - apps.scraping.context_managers - {'event': 'end', 'name': 'process_product', 'web': 'biking_point', 'index': 163}
2026-09-05 19:19:37,203 - INFO - apps.scraping.context_managers - {'event': 'start', 'name': 'process_product', 'web': 'biking_point', 'index': 164}
2026-09-05 19:19:37,203 - DEBUG - core.utils - Bicycle href: https://www.bikingpoint.es/es/bicicleta-massi-pro-29-elite-1x12-t-17-2023-2a-man.html
2026-09-05 19:19:37,203 - INFO - apps.scraping.context_managers - {'event': 'end', 'name': 'process_product', 'web': 'biking_point', 'index': 164}
2026-09-05 19:19:37,203 - INFO - apps.scraping.context_managers - {'event': 'start', 'name': 'process_product', 'web': 'biking_point', 'index': 165}
2026-09-05 19:19:37,203 - DEBUG - core.utils - Bicycle href: https://www.bikingpoint.es/es/bicicleta-giant-talon-e-ex-29-2023.html
2026-09-05 19:19:37,203 - INFO - apps.scraping.context_managers - {'event': 'end', 'name': 'process_product', 'web': 'biking_point', 'index': 165}
2026-09-05 19:19:37,203 - INFO - apps.scraping.context_managers - {'event': 'start', 'name': 'process_product', 'web': 'biking_point', 'index': 166}
2026-09-05 19:19:37,203 - DEBUG - core.utils - Bicycle href: https://www.bikingpoint.es/es/bicicleta-massi-across-alu-105-2x11-2026.html
2026-09-05 19:19:37,203 - INFO - apps.scraping.context_managers - {'event': 'end', 'name': 'process_product', 'web': 'biking_point', 'index': 166}
2026-09-05 19:19:37,203 - INFO - apps.scraping.context_managers - {'event': 'start', 'name': 'process_product', 'web': 'biking_point', 'index': 167}
2026-09-05 19:19:37,203 - DEBUG - core.utils - Bicycle href: https://www.bikingpoint.es/es/bicicleta-scott-spark-970-blue-2022.html
2026-09-05 19:19:37,203 - INFO - apps.scraping.context_managers - {'event': 'end', 'name': 'process_product', 'web': 'biking_point', 'index': 167}
2026-09-05 19:19:37,203 - INFO - apps.scraping.context_managers - {'event': 'start', 'name': 'process_product', 'web': 'biking_point', 'index': 168}
2026-09-05 19:19:37,204 - DEBUG - core.utils - Bicycle href: https://www.bikingpoint.es/es/bicicleta-massi-team-29-performance-1x12-2021.html
2026-09-05 19:19:37,204 - INFO - apps.scraping.context_managers - {'event': 'end', 'name': 'process_product', 'web': 'biking_point', 'index': 168}
2026-09-05 19:19:37,204 - INFO - apps.scraping.context_managers - {'event': 'start', 'name': 'process_product', 'web': 'biking_point', 'index': 169}
2026-09-05 19:19:37,204 - DEBUG - core.utils - Bicycle href: https://www.bikingpoint.es/es/bicicleta-massi-team-race-tiagra-tour-disc.html
2026-09-05 19:19:37,204 - INFO - apps.scraping.context_managers - {'event': 'end', 'name': 'process_product', 'web': 'biking_point', 'index': 169}
2026-09-05 19:19:37,204 - INFO - apps.scraping.context_managers - {'event': 'start', 'name': 'process_product', 'web': 'biking_point', 'index': 170}
2026-09-05 19:19:37,204 - DEBUG - core.utils - Bicycle href: https://www.bikingpoint.es/es/bicicleta-massi-casta-29-replica-1x12-2026.html
2026-09-05 19:19:37,204 - INFO - apps.scraping.context_managers - {'event': 'end', 'name': 'process_product', 'web': 'biking_point', 'index': 170}
2026-09-05 19:19:37,204 - INFO - apps.scraping.context_managers - {'event': 'start', 'name': 'process_product', 'web': 'biking_point', 'index': 171}
2026-09-05 19:19:37,204 - DEBUG - core.utils - Bicycle href: https://www.bikingpoint.es/es/bicicleta-scott-spark-rc-900-pro-2020-t-m-2a-mano.html
2026-09-05 19:19:37,204 - INFO - apps.scraping.context_managers - {'event': 'end', 'name': 'process_product', 'web': 'biking_point', 'index': 171}
2026-09-05 19:19:37,204 - INFO - apps.scraping.context_managers - {'event': 'start', 'name': 'process_product', 'web': 'biking_point', 'index': 172}
2026-09-05 19:19:37,204 - DEBUG - core.utils - Bicycle href: https://www.bikingpoint.es/es/bicicleta-massi-team-rally-fox-slx.html
2026-09-05 19:19:37,204 - INFO - apps.scraping.context_managers - {'event': 'end', 'name': 'process_product', 'web': 'biking_point', 'index': 172}
2026-09-05 19:19:37,204 - INFO - apps.scraping.context_managers - {'event': 'start', 'name': 'process_product', 'web': 'biking_point', 'index': 173}
2026-09-05 19:19:37,205 - DEBUG - core.utils - Bicycle href: https://www.bikingpoint.es/es/bicicleta-massi-casta-29-advanced-venom-1x12.html
2026-09-05 19:19:37,205 - INFO - apps.scraping.context_managers - {'event': 'end', 'name': 'process_product', 'web': 'biking_point', 'index': 173}
2026-09-05 19:19:37,205 - INFO - apps.scraping.context_managers - {'event': 'start', 'name': 'process_product', 'web': 'biking_point', 'index': 174}
2026-09-05 19:19:37,205 - DEBUG - core.utils - Bicycle href: https://www.bikingpoint.es/es/bicicleta-scott-spark-970-orange-2022.html
2026-09-05 19:19:37,205 - INFO - apps.scraping.context_managers - {'event': 'end', 'name': 'process_product', 'web': 'biking_point', 'index': 174}
2026-09-05 19:19:37,205 - INFO - apps.scraping.context_managers - {'event': 'start', 'name': 'process_product', 'web': 'biking_point', 'index': 175}
2026-09-05 19:19:37,205 - DEBUG - core.utils - Bicycle href: https://www.bikingpoint.es/es/bicicleta-massi-across-alu-cues-1x11-2026.html
2026-09-05 19:19:37,205 - INFO - apps.scraping.context_managers - {'event': 'end', 'name': 'process_product', 'web': 'biking_point', 'index': 175}
2026-09-05 19:19:37,205 - INFO - apps.scraping.context_managers - {'event': 'start', 'name': 'process_product', 'web': 'biking_point', 'index': 176}
2026-09-05 19:19:37,205 - DEBUG - core.utils - Bicycle href: https://www.bikingpoint.es/es/bicicleta-liv-rove-e-2026.html
2026-09-05 19:19:37,205 - INFO - apps.scraping.context_managers - {'event': 'end', 'name': 'process_product', 'web': 'biking_point', 'index': 176}
2026-09-05 19:19:37,205 - INFO - apps.scraping.context_managers - {'event': 'start', 'name': 'process_product', 'web': 'biking_point', 'index': 177}
2026-09-05 19:19:37,205 - DEBUG - core.utils - Bicycle href: https://www.bikingpoint.es/es/bicicleta-massi-across-alu-grx-2x10-2026-plata.html
2026-09-05 19:19:37,205 - INFO - apps.scraping.context_managers - {'event': 'end', 'name': 'process_product', 'web': 'biking_point', 'index': 177}
2026-09-05 19:19:37,205 - INFO - apps.scraping.context_managers - {'event': 'start', 'name': 'process_product', 'web': 'biking_point', 'index': 178}
2026-09-05 19:19:37,206 - DEBUG - core.utils - Bicycle href: https://www.bikingpoint.es/es/bicicleta-massi-across-alu-grx-2x10-2026-beige.html
2026-09-05 19:19:37,206 - INFO - apps.scraping.context_managers - {'event': 'end', 'name': 'process_product', 'web': 'biking_point', 'index': 178}
2026-09-05 19:19:37,206 - INFO - apps.scraping.context_managers - {'event': 'start', 'name': 'process_product', 'web': 'biking_point', 'index': 179}
2026-09-05 19:19:37,206 - DEBUG - core.utils - Bicycle href: https://www.bikingpoint.es/es/bicicleta-massi-casta-29-advanced-1x12-2026.html
2026-09-05 19:19:37,206 - INFO - apps.scraping.context_managers - {'event': 'end', 'name': 'process_product', 'web': 'biking_point', 'index': 179}
2026-09-05 19:19:37,206 - INFO - apps.scraping.context_managers - {'event': 'start', 'name': 'process_product', 'web': 'biking_point', 'index': 180}
2026-09-05 19:19:37,206 - DEBUG - core.utils - Bicycle href: https://www.bikingpoint.es/es/bicicleta-giant-talon-e-3-29-2022.html
2026-09-05 19:19:37,206 - INFO - apps.scraping.context_managers - {'event': 'end', 'name': 'process_product', 'web': 'biking_point', 'index': 180}
2026-09-05 19:19:37,206 - INFO - apps.scraping.context_managers - {'event': 'start', 'name': 'process_product', 'web': 'biking_point', 'index': 181}
2026-09-05 19:19:37,206 - DEBUG - core.utils - Bicycle href: https://www.bikingpoint.es/es/bicicleta-liv-devote-1-2026.html
2026-09-05 19:19:37,206 - INFO - apps.scraping.context_managers - {'event': 'end', 'name': 'process_product', 'web': 'biking_point', 'index': 181}
2026-09-05 19:19:37,206 - INFO - apps.scraping.context_managers - {'event': 'start', 'name': 'process_product', 'web': 'biking_point', 'index': 182}
2026-09-05 19:19:37,206 - DEBUG - core.utils - Bicycle href: https://www.bikingpoint.es/es/bicicleta-liv-embolden-29-2-2025.html
2026-09-05 19:19:37,206 - INFO - apps.scraping.context_managers - {'event': 'end', 'name': 'process_product', 'web': 'biking_point', 'index': 182}
2026-09-05 19:19:37,206 - INFO - apps.scraping.context_managers - {'event': 'start', 'name': 'process_product', 'web': 'biking_point', 'index': 183}
2026-09-05 19:19:37,207 - DEBUG - core.utils - Bicycle href: https://www.bikingpoint.es/es/bicicleta-scott-scale-920-white-2026.html
2026-09-05 19:19:37,207 - INFO - apps.scraping.context_managers - {'event': 'end', 'name': 'process_product', 'web': 'biking_point', 'index': 183}
2026-09-05 19:19:37,207 - INFO - apps.scraping.context_managers - {'event': 'start', 'name': 'process_product', 'web': 'biking_point', 'index': 184}
2026-09-05 19:19:37,207 - DEBUG - core.utils - Bicycle href: https://www.bikingpoint.es/es/bicicleta-massi-casta-29-endurance-2026.html
2026-09-05 19:19:37,207 - INFO - apps.scraping.context_managers - {'event': 'end', 'name': 'process_product', 'web': 'biking_point', 'index': 184}
2026-09-05 19:19:37,207 - INFO - apps.scraping.context_managers - {'event': 'start', 'name': 'process_product', 'web': 'biking_point', 'index': 185}
2026-09-05 19:19:37,207 - DEBUG - core.utils - Bicycle href: https://www.bikingpoint.es/es/bicicleta-massi-pro-29-performance-2023-t-l-2a-man.html
2026-09-05 19:19:37,207 - INFO - apps.scraping.context_managers - {'event': 'end', 'name': 'process_product', 'web': 'biking_point', 'index': 185}
2026-09-05 19:19:37,207 - INFO - apps.scraping.context_managers - {'event': 'start', 'name': 'process_product', 'web': 'biking_point', 'index': 186}
2026-09-05 19:19:37,207 - DEBUG - core.utils - Bicycle href: https://www.bikingpoint.es/es/bicicleta-massi-casta-29-pro-1x12-2026.html
2026-09-05 19:19:37,207 - INFO - apps.scraping.context_managers - {'event': 'end', 'name': 'process_product', 'web': 'biking_point', 'index': 186}
2026-09-05 19:19:37,207 - INFO - apps.scraping.context_managers - {'event': 'start', 'name': 'process_product', 'web': 'biking_point', 'index': 187}
2026-09-05 19:19:37,207 - DEBUG - core.utils - Bicycle href: https://www.bikingpoint.es/es/bicicleta-massi-across-alu-cues-1x10-flat-2026.html
2026-09-05 19:19:37,207 - INFO - apps.scraping.context_managers - {'event': 'end', 'name': 'process_product', 'web': 'biking_point', 'index': 187}
2026-09-05 19:19:37,207 - INFO - apps.scraping.context_managers - {'event': 'start', 'name': 'process_product', 'web': 'biking_point', 'index': 188}
2026-09-05 19:19:37,208 - DEBUG - core.utils - Bicycle href: https://www.bikingpoint.es/es/bicicleta-massi-casta-29-elite-1x12-2025.html
2026-09-05 19:19:37,208 - INFO - apps.scraping.context_managers - {'event': 'end', 'name': 'process_product', 'web': 'biking_point', 'index': 188}
2026-09-05 19:19:37,208 - INFO - apps.scraping.context_managers - {'event': 'start', 'name': 'process_product', 'web': 'biking_point', 'index': 189}
2026-09-05 19:19:37,208 - DEBUG - core.utils - Bicycle href: https://www.bikingpoint.es/es/bicicleta-massi-fura-29-advanced-1x12v-2026.html
2026-09-05 19:19:37,208 - INFO - apps.scraping.context_managers - {'event': 'end', 'name': 'process_product', 'web': 'biking_point', 'index': 189}
2026-09-05 19:19:37,208 - INFO - apps.scraping.context_managers - {'event': 'start', 'name': 'process_product', 'web': 'biking_point', 'index': 190}
2026-09-05 19:19:37,208 - DEBUG - core.utils - Bicycle href: https://www.bikingpoint.es/es/bicicleta-plegable-dahon-k-feather.html
2026-09-05 19:19:37,208 - INFO - apps.scraping.context_managers - {'event': 'end', 'name': 'process_product', 'web': 'biking_point', 'index': 190}
2026-09-05 19:19:37,208 - INFO - apps.scraping.context_managers - {'event': 'start', 'name': 'process_product', 'web': 'biking_point', 'index': 191}
2026-09-05 19:19:37,208 - DEBUG - core.utils - Bicycle href: https://www.bikingpoint.es/es/bicicleta-massi-fura-29-endurance-1x12-2025.html
2026-09-05 19:19:37,208 - INFO - apps.scraping.context_managers - {'event': 'end', 'name': 'process_product', 'web': 'biking_point', 'index': 191}
2026-09-05 19:19:37,208 - INFO - apps.scraping.context_managers - {'event': 'start', 'name': 'process_product', 'web': 'biking_point', 'index': 192}
2026-09-05 19:19:37,208 - DEBUG - core.utils - Bicycle href: https://www.bikingpoint.es/es/bicicleta-massi-fura-29-endurance-1x12v-2026.html
2026-09-05 19:19:37,208 - INFO - apps.scraping.context_managers - {'event': 'end', 'name': 'process_product', 'web': 'biking_point', 'index': 192}
2026-09-05 19:19:37,208 - INFO - apps.scraping.context_managers - {'event': 'start', 'name': 'process_product', 'web': 'biking_point', 'index': 193}
2026-09-05 19:19:37,209 - DEBUG - core.utils - Bicycle href: https://www.bikingpoint.es/es/bicicleta-giant-revolt-2-2026.html
2026-09-05 19:19:37,209 - INFO - apps.scraping.context_managers - {'event': 'end', 'name': 'process_product', 'web': 'biking_point', 'index': 193}
2026-09-05 19:19:37,209 - INFO - apps.scraping.context_managers - {'event': 'start', 'name': 'process_product', 'web': 'biking_point', 'index': 194}
2026-09-05 19:19:37,209 - DEBUG - core.utils - Bicycle href: https://www.bikingpoint.es/es/bicicleta-massi-fura-29-pro-1x12-2025.html
2026-09-05 19:19:37,209 - INFO - apps.scraping.context_managers - {'event': 'end', 'name': 'process_product', 'web': 'biking_point', 'index': 194}
2026-09-05 19:19:37,209 - INFO - apps.scraping.context_managers - {'event': 'start', 'name': 'process_product', 'web': 'biking_point', 'index': 195}
2026-09-05 19:19:37,209 - DEBUG - core.utils - Bicycle href: https://www.bikingpoint.es/es/bicicleta-massi-fura-29-pro-1x12.html
2026-09-05 19:19:37,209 - INFO - apps.scraping.context_managers - {'event': 'end', 'name': 'process_product', 'web': 'biking_point', 'index': 195}
2026-09-05 19:19:37,209 - INFO - apps.scraping.context_managers - {'event': 'start', 'name': 'process_product', 'web': 'biking_point', 'index': 196}
2026-09-05 19:19:37,209 - DEBUG - core.utils - Bicycle href: https://www.bikingpoint.es/es/bicicleta-massi-fura-29-elite-1x12v-2026.html
2026-09-05 19:19:37,209 - INFO - apps.scraping.context_managers - {'event': 'end', 'name': 'process_product', 'web': 'biking_point', 'index': 196}
2026-09-05 19:19:37,209 - INFO - apps.scraping.context_managers - {'event': 'start', 'name': 'process_product', 'web': 'biking_point', 'index': 197}
2026-09-05 19:19:37,209 - DEBUG - core.utils - Bicycle href: https://www.bikingpoint.es/es/bicicleta-massi-fura-29-tech-1x10-2025.html
2026-09-05 19:19:37,209 - INFO - apps.scraping.context_managers - {'event': 'end', 'name': 'process_product', 'web': 'biking_point', 'index': 197}
2026-09-05 19:19:37,209 - INFO - apps.scraping.context_managers - {'event': 'start', 'name': 'process_product', 'web': 'biking_point', 'index': 198}
2026-09-05 19:19:37,209 - DEBUG - core.utils - Bicycle href: https://www.bikingpoint.es/es/bicicleta-massi-aire-alu-27-5-1x10-deore-especial.html
2026-09-05 19:19:37,209 - INFO - apps.scraping.context_managers - {'event': 'end', 'name': 'process_product', 'web': 'biking_point', 'index': 198}
2026-09-05 19:19:37,209 - INFO - apps.scraping.context_managers - {'event': 'start', 'name': 'process_product', 'web': 'biking_point', 'index': 199}
2026-09-05 19:19:37,210 - DEBUG - core.utils - Bicycle href: https://www.bikingpoint.es/es/bicicleta-scott-scale-940-white-2026.html
2026-09-05 19:19:37,210 - INFO - apps.scraping.context_managers - {'event': 'end', 'name': 'process_product', 'web': 'biking_point', 'index': 199}
2026-09-05 19:19:37,210 - INFO - apps.scraping.context_managers - {'event': 'start', 'name': 'process_product', 'web': 'biking_point', 'index': 200}
2026-09-05 19:19:37,210 - DEBUG - core.utils - Bicycle href: https://www.bikingpoint.es/es/bicicleta-massi-fura-29-comp-1x11-2025.html
2026-09-05 19:19:37,210 - INFO - apps.scraping.context_managers - {'event': 'end', 'name': 'process_product', 'web': 'biking_point', 'index': 200}
2026-09-05 19:19:37,210 - INFO - apps.scraping.context_managers - {'event': 'start', 'name': 'process_product', 'web': 'biking_point', 'index': 201}
2026-09-05 19:19:37,210 - DEBUG - core.utils - Bicycle href: https://www.bikingpoint.es/es/bicicleta-massi-fura-29-elite-1x12-2025.html
2026-09-05 19:19:37,210 - INFO - apps.scraping.context_managers - {'event': 'end', 'name': 'process_product', 'web': 'biking_point', 'index': 201}
2026-09-05 19:19:37,210 - INFO - apps.scraping.context_managers - {'event': 'start', 'name': 'process_product', 'web': 'biking_point', 'index': 202}
2026-09-05 19:19:37,210 - DEBUG - core.utils - Bicycle href: https://www.bikingpoint.es/es/bicicleta-massi-trax-29-tech-1x10-2026.html
2026-09-05 19:19:37,210 - INFO - apps.scraping.context_managers - {'event': 'end', 'name': 'process_product', 'web': 'biking_point', 'index': 202}
2026-09-05 19:19:37,210 - INFO - apps.scraping.context_managers - {'event': 'start', 'name': 'process_product', 'web': 'biking_point', 'index': 203}
2026-09-05 19:19:37,211 - DEBUG - core.utils - Bicycle href: https://www.bikingpoint.es/es/bicicleta-merida-big-nine-1500-2022-t-19-2a-mano.html
2026-09-05 19:19:37,211 - INFO - apps.scraping.context_managers - {'event': 'end', 'name': 'process_product', 'web': 'biking_point', 'index': 203}
2026-09-05 19:19:37,211 - INFO - apps.scraping.context_managers - {'event': 'start', 'name': 'process_product', 'web': 'biking_point', 'index': 204}
2026-09-05 19:19:37,211 - DEBUG - core.utils - Bicycle href: https://www.bikingpoint.es/es/bicicleta-massi-fura-29-enter-1x9-2025.html
2026-09-05 19:19:37,211 - INFO - apps.scraping.context_managers - {'event': 'end', 'name': 'process_product', 'web': 'biking_point', 'index': 204}
2026-09-05 19:19:37,211 - INFO - apps.scraping.context_managers - {'event': 'start', 'name': 'process_product', 'web': 'biking_point', 'index': 205}
2026-09-05 19:19:37,211 - DEBUG - core.utils - Bicycle href: https://www.bikingpoint.es/es/bicicleta-massi-trax-enter-29-1x9-2025.html
2026-09-05 19:19:37,211 - INFO - apps.scraping.context_managers - {'event': 'end', 'name': 'process_product', 'web': 'biking_point', 'index': 205}
2026-09-05 19:19:37,211 - INFO - apps.scraping.context_managers - {'event': 'start', 'name': 'process_product', 'web': 'biking_point', 'index': 206}
2026-09-05 19:19:37,211 - DEBUG - core.utils - Bicycle href: https://www.bikingpoint.es/es/bicicleta-scott-contrail-30-black-2026.html
2026-09-05 19:19:37,211 - INFO - apps.scraping.context_managers - {'event': 'end', 'name': 'process_product', 'web': 'biking_point', 'index': 206}
2026-09-05 19:19:37,211 - INFO - apps.scraping.context_managers - {'event': 'start', 'name': 'process_product', 'web': 'biking_point', 'index': 207}
2026-09-05 19:19:37,211 - DEBUG - core.utils - Bicycle href: https://www.bikingpoint.es/es/bicicleta-scott-aspect-950-yellow-kh-2025.html
2026-09-05 19:19:37,211 - INFO - apps.scraping.context_managers - {'event': 'end', 'name': 'process_product', 'web': 'biking_point', 'index': 207}
2026-09-05 19:19:37,211 - INFO - apps.scraping.context_managers - {'event': 'start', 'name': 'process_product', 'web': 'biking_point', 'index': 208}
2026-09-05 19:19:37,212 - DEBUG - core.utils - Bicycle href: https://www.bikingpoint.es/es/bicicleta-scott-aspect-950-grey-kh-2025.html
2026-09-05 19:19:37,212 - INFO - apps.scraping.context_managers - {'event': 'end', 'name': 'process_product', 'web': 'biking_point', 'index': 208}
2026-09-05 19:19:37,212 - INFO - apps.scraping.context_managers - {'event': 'start', 'name': 'process_product', 'web': 'biking_point', 'index': 209}
2026-09-05 19:19:37,212 - DEBUG - core.utils - Bicycle href: https://www.bikingpoint.es/es/bicicleta-plegable-dahon-piazza-d8.html
2026-09-05 19:19:37,212 - INFO - apps.scraping.context_managers - {'event': 'end', 'name': 'process_product', 'web': 'biking_point', 'index': 209}
2026-09-05 19:19:37,212 - INFO - apps.scraping.context_managers - {'event': 'start', 'name': 'process_product', 'web': 'biking_point', 'index': 210}
2026-09-05 19:19:37,212 - DEBUG - core.utils - Bicycle href: https://www.bikingpoint.es/es/bicicleta-plegable-dahon-vybe-d7.html
2026-09-05 19:19:37,212 - INFO - apps.scraping.context_managers - {'event': 'end', 'name': 'process_product', 'web': 'biking_point', 'index': 210}
2026-09-05 19:19:37,212 - INFO - apps.scraping.context_managers - {'event': 'start', 'name': 'process_product', 'web': 'biking_point', 'index': 211}
2026-09-05 19:19:37,212 - DEBUG - core.utils - Bicycle href: https://www.bikingpoint.es/es/bicicleta-plegable-dahon-hit-negra.html
2026-09-05 19:19:37,212 - INFO - apps.scraping.context_managers - {'event': 'end', 'name': 'process_product', 'web': 'biking_point', 'index': 211}
2026-09-05 19:19:37,212 - INFO - apps.scraping.context_managers - {'event': 'start', 'name': 'process_product', 'web': 'biking_point', 'index': 212}
2026-09-05 19:19:37,212 - DEBUG - core.utils - Bicycle href: https://www.bikingpoint.es/es/bicicleta-liv-tempt-3-27-5-2026.html
2026-09-05 19:19:37,212 - INFO - apps.scraping.context_managers - {'event': 'end', 'name': 'process_product', 'web': 'biking_point', 'index': 212}
2026-09-05 19:19:37,212 - INFO - apps.scraping.context_managers - {'event': 'start', 'name': 'process_product', 'web': 'biking_point', 'index': 213}
2026-09-05 19:19:37,213 - DEBUG - core.utils - Bicycle href: https://www.bikingpoint.es/es/bicicleta-plegable-dahon-hit-naked-negra.html
2026-09-05 19:19:37,213 - INFO - apps.scraping.context_managers - {'event': 'end', 'name': 'process_product', 'web': 'biking_point', 'index': 213}
2026-09-05 19:19:37,213 - INFO - apps.scraping.context_managers - {'event': 'start', 'name': 'process_product', 'web': 'biking_point', 'index': 214}
2026-09-05 19:19:37,213 - DEBUG - core.utils - Bicycle href: https://www.bikingpoint.es/es/bicicleta-scott-aspect-960-orange-2025.html
2026-09-05 19:19:37,213 - INFO - apps.scraping.context_managers - {'event': 'end', 'name': 'process_product', 'web': 'biking_point', 'index': 214}
2026-09-05 19:19:37,213 - INFO - apps.scraping.context_managers - {'event': 'start', 'name': 'process_product', 'web': 'biking_point', 'index': 215}
2026-09-05 19:19:37,213 - DEBUG - core.utils - Bicycle href: https://www.bikingpoint.es/es/bicicleta-scott-contrail-400-orange-24.html
2026-09-05 19:19:37,213 - INFO - apps.scraping.context_managers - {'event': 'end', 'name': 'process_product', 'web': 'biking_point', 'index': 215}
2026-09-05 19:19:37,213 - INFO - apps.scraping.context_managers - {'event': 'start', 'name': 'process_product', 'web': 'biking_point', 'index': 216}
2026-09-05 19:19:37,213 - DEBUG - core.utils - Bicycle href: https://www.bikingpoint.es/es/bicicleta-giant-talon-24-disc-2026.html
2026-09-05 19:19:37,213 - INFO - apps.scraping.context_managers - {'event': 'end', 'name': 'process_product', 'web': 'biking_point', 'index': 216}
2026-09-05 19:19:37,213 - INFO - apps.scraping.context_managers - {'event': 'start', 'name': 'process_product', 'web': 'biking_point', 'index': 217}
2026-09-05 19:19:37,213 - DEBUG - core.utils - Bicycle href: https://www.bikingpoint.es/es/bicicleta-scott-contrail-200-yellow-20.html
2026-09-05 19:19:37,213 - INFO - apps.scraping.context_managers - {'event': 'end', 'name': 'process_product', 'web': 'biking_point', 'index': 217}
2026-09-05 19:19:37,214 - INFO - apps.scraping.context_managers - {'event': 'start', 'name': 'process_product', 'web': 'biking_point', 'index': 218}
2026-09-05 19:19:37,214 - DEBUG - core.utils - Bicycle href: https://www.bikingpoint.es/es/bicicleta-scott-contrail-200-blue-20.html
2026-09-05 19:19:37,214 - INFO - apps.scraping.context_managers - {'event': 'end', 'name': 'process_product', 'web': 'biking_point', 'index': 218}
2026-09-05 19:19:37,214 - INFO - apps.scraping.context_managers - {'event': 'start', 'name': 'process_product', 'web': 'biking_point', 'index': 219}
2026-09-05 19:19:37,214 - DEBUG - core.utils - Bicycle href: https://www.bikingpoint.es/es/bicicleta-scott-contrail-160-green-16.html
2026-09-05 19:19:37,214 - INFO - apps.scraping.context_managers - {'event': 'end', 'name': 'process_product', 'web': 'biking_point', 'index': 219}
2026-09-05 19:19:37,214 - INFO - apps.scraping.context_managers - {'event': 'start', 'name': 'process_product', 'web': 'biking_point', 'index': 220}
2026-09-05 19:19:37,214 - DEBUG - core.utils - Bicycle href: https://www.bikingpoint.es/es/bicicleta-scott-contrail-160-yellow-16.html
2026-09-05 19:19:37,214 - INFO - apps.scraping.context_managers - {'event': 'end', 'name': 'process_product', 'web': 'biking_point', 'index': 220}
2026-09-05 19:19:37,214 - INFO - apps.scraping.context_managers - {'event': 'start', 'name': 'process_product', 'web': 'biking_point', 'index': 221}
2026-09-05 19:19:37,214 - DEBUG - core.utils - Bicycle href: https://www.bikingpoint.es/es/bicicleta-liv-tempt-20-rosa-2026.html
2026-09-05 19:19:37,214 - INFO - apps.scraping.context_managers - {'event': 'end', 'name': 'process_product', 'web': 'biking_point', 'index': 221}
2026-09-05 19:19:37,214 - INFO - apps.scraping.context_managers - {'event': 'start', 'name': 'process_product', 'web': 'biking_point', 'index': 222}
2026-09-05 19:19:37,214 - DEBUG - core.utils - Bicycle href: https://www.bikingpoint.es/es/bicicleta-giant-talon-20-2026.html
2026-09-05 19:19:37,214 - INFO - apps.scraping.context_managers - {'event': 'end', 'name': 'process_product', 'web': 'biking_point', 'index': 222}
2026-09-05 19:19:37,215 - INFO - apps.scraping.context_managers - {'event': 'start', 'name': 'process_product', 'web': 'biking_point', 'index': 223}
2026-09-05 19:19:37,215 - DEBUG - core.utils - Bicycle href: https://www.bikingpoint.es/es/bicicleta-liv-tempt-20-azul-2026.html
2026-09-05 19:19:37,215 - INFO - apps.scraping.context_managers - {'event': 'end', 'name': 'process_product', 'web': 'biking_point', 'index': 223}
2026-09-05 19:19:37,215 - INFO - apps.scraping.context_managers - {'event': 'start', 'name': 'process_product', 'web': 'biking_point', 'index': 224}
2026-09-05 19:19:37,215 - DEBUG - core.utils - Bicycle href: https://www.bikingpoint.es/es/bicicleta-giant-arx-16-2026.html
2026-09-05 19:19:37,215 - INFO - apps.scraping.context_managers - {'event': 'end', 'name': 'process_product', 'web': 'biking_point', 'index': 224}
2026-09-05 19:19:37,215 - INFO - apps.scraping.context_managers - {'event': 'start', 'name': 'process_product', 'web': 'biking_point', 'index': 225}
2026-09-05 19:19:37,215 - DEBUG - core.utils - Bicycle href: https://www.bikingpoint.es/es/bicicleta-giant-pre-push-2022.html
2026-09-05 19:19:37,215 - INFO - apps.scraping.context_managers - {'event': 'end', 'name': 'process_product', 'web': 'biking_point', 'index': 225}
2026-09-05 19:19:37,215 - INFO - apps.scraping.decorators - Executing scrape_new_bicycles
2026-09-05 19:19:37,215 - INFO - apps.scraping.context_managers - {'event': 'start', 'name': 'scrape_new_bicycles'}
2026-09-05 19:19:37,215 - INFO - apps.scraping.services.bicycles_services - {'event': 'scrape_new_bicycle', 'reference': '35563'}
2026-09-05 19:19:37,215 - INFO - apps.scraping.services.bicycles_services - {'event': 'scrape_new_bicycle', 'reference': '62771'}
2026-09-05 19:19:37,216 - INFO - apps.scraping.services.bicycles_services - {'event': 'scrape_new_bicycle', 'reference': '62776'}
2026-09-05 19:19:37,216 - INFO - apps.scraping.services.bicycles_services - {'event': 'scrape_new_bicycle', 'reference': '62667'}
2026-09-05 19:19:37,216 - INFO - apps.scraping.services.bicycles_services - {'event': 'scrape_new_bicycle', 'reference': '626671'}
2026-09-05 19:19:37,216 - INFO - apps.scraping.services.bicycles_services - {'event': 'scrape_new_bicycle', 'reference': '36684'}
2026-09-05 19:19:37,216 - INFO - apps.scraping.services.bicycles_services - {'event': 'scrape_new_bicycle', 'reference': '36696'}
2026-09-05 19:19:37,217 - INFO - apps.scraping.services.bicycles_services - {'event': 'scrape_new_bicycle', 'reference': '36698'}
2026-09-05 19:19:37,217 - INFO - apps.scraping.services.bicycles_services - {'event': 'scrape_new_bicycle', 'reference': '30465'}
2026-09-05 19:19:37,217 - INFO - apps.scraping.services.bicycles_services - {'event': 'scrape_new_bicycle', 'reference': '61563'}
2026-09-05 19:19:37,217 - INFO - apps.scraping.services.bicycles_services - {'event': 'scrape_new_bicycle', 'reference': '36463'}
2026-09-05 19:19:37,217 - INFO - apps.scraping.services.bicycles_services - {'event': 'scrape_new_bicycle', 'reference': '626682'}
2026-09-05 19:19:37,217 - INFO - apps.scraping.services.bicycles_services - {'event': 'scrape_new_bicycle', 'reference': '626681'}
2026-09-05 19:19:37,218 - INFO - apps.scraping.services.bicycles_services - {'event': 'scrape_new_bicycle', 'reference': '36352'}
2026-09-05 19:19:37,218 - INFO - apps.scraping.services.bicycles_services - {'event': 'scrape_new_bicycle', 'reference': '62668'}
2026-09-05 19:19:37,218 - INFO - apps.scraping.services.bicycles_services - {'event': 'scrape_new_bicycle', 'reference': '34490'}
2026-09-05 19:19:37,218 - INFO - apps.scraping.services.bicycles_services - {'event': 'scrape_new_bicycle', 'reference': '35658'}
2026-09-05 19:19:37,218 - INFO - apps.scraping.services.bicycles_services - {'event': 'scrape_new_bicycle', 'reference': '35475'}
2026-09-05 19:19:37,218 - INFO - apps.scraping.services.bicycles_services - {'event': 'scrape_new_bicycle', 'reference': '35477'}
2026-09-05 19:19:37,219 - INFO - apps.scraping.services.bicycles_services - {'event': 'scrape_new_bicycle', 'reference': '64878'}
2026-09-05 19:19:37,219 - INFO - apps.scraping.services.bicycles_services - {'event': 'scrape_new_bicycle', 'reference': '35503'}
2026-09-05 19:19:37,219 - INFO - apps.scraping.services.bicycles_services - {'event': 'scrape_new_bicycle', 'reference': '36260'}
2026-09-05 19:19:37,219 - INFO - apps.scraping.services.bicycles_services - {'event': 'scrape_new_bicycle', 'reference': '36454'}
2026-09-05 19:19:37,219 - INFO - apps.scraping.services.bicycles_services - {'event': 'scrape_new_bicycle', 'reference': '61562'}
2026-09-05 19:19:37,219 - INFO - apps.scraping.services.bicycles_services - {'event': 'scrape_new_bicycle', 'reference': '27890'}
2026-09-05 19:19:37,220 - INFO - apps.scraping.services.bicycles_services - {'event': 'scrape_new_bicycle', 'reference': '61668'}
2026-09-05 19:19:37,220 - INFO - apps.scraping.services.bicycles_services - {'event': 'scrape_new_bicycle', 'reference': '35480'}
2026-09-05 19:19:37,220 - INFO - apps.scraping.services.bicycles_services - {'event': 'scrape_new_bicycle', 'reference': '63291'}
2026-09-05 19:19:37,220 - INFO - apps.scraping.services.bicycles_services - {'event': 'scrape_new_bicycle', 'reference': '36685'}
2026-09-05 19:19:37,220 - INFO - apps.scraping.services.bicycles_services - {'event': 'scrape_new_bicycle', 'reference': '626691'}
2026-09-05 19:19:37,220 - INFO - apps.scraping.services.bicycles_services - {'event': 'scrape_new_bicycle', 'reference': '61568'}
2026-09-05 19:19:37,221 - INFO - apps.scraping.services.bicycles_services - {'event': 'scrape_new_bicycle', 'reference': '61621'}
2026-09-05 19:19:37,221 - INFO - apps.scraping.services.bicycles_services - {'event': 'scrape_new_bicycle', 'reference': '631966'}
2026-09-05 19:19:37,221 - INFO - apps.scraping.services.bicycles_services - {'event': 'scrape_new_bicycle', 'reference': '35702'}
2026-09-05 19:19:37,221 - INFO - apps.scraping.services.bicycles_services - {'event': 'scrape_new_bicycle', 'reference': '35801'}
2026-09-05 19:19:37,221 - INFO - apps.scraping.services.bicycles_services - {'event': 'scrape_new_bicycle', 'reference': '631961'}
2026-09-05 19:19:37,221 - INFO - apps.scraping.services.bicycles_services - {'event': 'scrape_new_bicycle', 'reference': '35504'}
2026-09-05 19:19:37,222 - INFO - apps.scraping.services.bicycles_services - {'event': 'scrape_new_bicycle', 'reference': '35628'}
2026-09-05 19:19:37,222 - INFO - apps.scraping.services.bicycles_services - {'event': 'scrape_new_bicycle', 'reference': '63210'}
2026-09-05 19:19:37,222 - INFO - apps.scraping.services.bicycles_services - {'event': 'scrape_new_bicycle', 'reference': '31140'}
2026-09-05 19:19:37,222 - INFO - apps.scraping.services.bicycles_services - {'event': 'scrape_new_bicycle', 'reference': '35500'}
2026-09-05 19:19:37,222 - INFO - apps.scraping.services.bicycles_services - {'event': 'scrape_new_bicycle', 'reference': '30703'}
2026-09-05 19:19:37,223 - INFO - apps.scraping.services.bicycles_services - {'event': 'scrape_new_bicycle', 'reference': '35497'}
2026-09-05 19:19:37,223 - INFO - apps.scraping.services.bicycles_services - {'event': 'scrape_new_bicycle', 'reference': '61572'}
2026-09-05 19:19:37,223 - INFO - apps.scraping.services.bicycles_services - {'event': 'scrape_new_bicycle', 'reference': '61576'}
2026-09-05 19:19:37,223 - INFO - apps.scraping.services.bicycles_services - {'event': 'scrape_new_bicycle', 'reference': '61869'}
2026-09-05 19:19:37,223 - INFO - apps.scraping.services.bicycles_services - {'event': 'scrape_new_bicycle', 'reference': '63596'}
2026-09-05 19:19:37,224 - INFO - apps.scraping.services.bicycles_services - {'event': 'scrape_new_bicycle', 'reference': '36693'}
2026-09-05 19:19:37,224 - INFO - apps.scraping.services.bicycles_services - {'event': 'scrape_new_bicycle', 'reference': '63593'}
2026-09-05 19:19:37,224 - INFO - apps.scraping.services.bicycles_services - {'event': 'scrape_new_bicycle', 'reference': '62677'}
2026-09-05 19:19:37,224 - INFO - apps.scraping.services.bicycles_services - {'event': 'scrape_new_bicycle', 'reference': '33495'}
2026-09-05 19:19:37,224 - INFO - apps.scraping.services.bicycles_services - {'event': 'scrape_new_bicycle', 'reference': '60064'}
2026-09-05 19:19:37,224 - INFO - apps.scraping.services.bicycles_services - {'event': 'scrape_new_bicycle', 'reference': '35651'}
2026-09-05 19:19:37,225 - INFO - apps.scraping.services.bicycles_services - {'event': 'scrape_new_bicycle', 'reference': '631971'}
2026-09-05 19:19:37,225 - INFO - apps.scraping.services.bicycles_services - {'event': 'scrape_new_bicycle', 'reference': '631977'}
2026-09-05 19:19:37,225 - INFO - apps.scraping.services.bicycles_services - {'event': 'scrape_new_bicycle', 'reference': '61624'}
2026-09-05 19:19:37,225 - INFO - apps.scraping.services.bicycles_services - {'event': 'scrape_new_bicycle', 'reference': '63076'}
2026-09-05 19:19:37,225 - INFO - apps.scraping.services.bicycles_services - {'event': 'scrape_new_bicycle', 'reference': '36585'}
2026-09-05 19:19:37,225 - INFO - apps.scraping.services.bicycles_services - {'event': 'scrape_new_bicycle', 'reference': '35494'}
2026-09-05 19:19:37,226 - INFO - apps.scraping.services.bicycles_services - {'event': 'scrape_new_bicycle', 'reference': '63211'}
2026-09-05 19:19:37,226 - INFO - apps.scraping.services.bicycles_services - {'event': 'scrape_new_bicycle', 'reference': '59926'}
2026-09-05 19:19:37,226 - INFO - apps.scraping.services.bicycles_services - {'event': 'scrape_new_bicycle', 'reference': '63594'}
2026-09-05 19:19:37,226 - INFO - apps.scraping.services.bicycles_services - {'event': 'scrape_new_bicycle', 'reference': '61648'}
2026-09-05 19:19:37,226 - INFO - apps.scraping.services.bicycles_services - {'event': 'scrape_new_bicycle', 'reference': '60063'}
2026-09-05 19:19:37,226 - INFO - apps.scraping.services.bicycles_services - {'event': 'scrape_new_bicycle', 'reference': '30487'}
2026-09-05 19:19:37,227 - INFO - apps.scraping.services.bicycles_services - {'event': 'scrape_new_bicycle', 'reference': '60077'}
2026-09-05 19:19:37,227 - INFO - apps.scraping.services.bicycles_services - {'event': 'scrape_new_bicycle', 'reference': '60081'}
2026-09-05 19:19:37,227 - INFO - apps.scraping.services.bicycles_services - {'event': 'scrape_new_bicycle', 'reference': '61628'}
2026-09-05 19:19:37,227 - INFO - apps.scraping.services.bicycles_services - {'event': 'scrape_new_bicycle', 'reference': '629721'}
2026-09-05 19:19:37,228 - INFO - apps.scraping.services.bicycles_services - {'event': 'scrape_new_bicycle', 'reference': '63241'}
2026-09-05 19:19:37,228 - INFO - apps.scraping.services.bicycles_services - {'event': 'scrape_new_bicycle', 'reference': '34171'}
2026-09-05 19:19:37,228 - INFO - apps.scraping.services.bicycles_services - {'event': 'scrape_new_bicycle', 'reference': '64920'}
2026-09-05 19:19:37,228 - INFO - apps.scraping.services.bicycles_services - {'event': 'scrape_new_bicycle', 'reference': '29347'}
2026-09-05 19:19:37,228 - INFO - apps.scraping.services.bicycles_services - {'event': 'scrape_new_bicycle', 'reference': '60067'}
2026-09-05 19:19:37,228 - INFO - apps.scraping.services.bicycles_services - {'event': 'scrape_new_bicycle', 'reference': '34663'}
2026-09-05 19:19:37,229 - INFO - apps.scraping.services.bicycles_services - {'event': 'scrape_new_bicycle', 'reference': '35499'}
2026-09-05 19:19:37,229 - INFO - apps.scraping.services.bicycles_services - {'event': 'scrape_new_bicycle', 'reference': '63199'}
2026-09-05 19:19:37,229 - INFO - apps.scraping.services.bicycles_services - {'event': 'scrape_new_bicycle', 'reference': '36388'}
2026-09-05 19:19:37,229 - INFO - apps.scraping.services.bicycles_services - {'event': 'scrape_new_bicycle', 'reference': '57695'}
2026-09-05 19:19:37,229 - INFO - apps.scraping.services.bicycles_services - {'event': 'scrape_new_bicycle', 'reference': '34185'}
2026-09-05 19:19:37,229 - INFO - apps.scraping.services.bicycles_services - {'event': 'scrape_new_bicycle', 'reference': '63214'}
2026-09-05 19:19:37,230 - INFO - apps.scraping.services.bicycles_services - {'event': 'scrape_new_bicycle', 'reference': '59929'}
2026-09-05 19:19:37,230 - INFO - apps.scraping.services.bicycles_services - {'event': 'scrape_new_bicycle', 'reference': '61611'}
2026-09-05 19:19:37,230 - INFO - apps.scraping.services.bicycles_services - {'event': 'scrape_new_bicycle', 'reference': '59831'}
2026-09-05 19:19:37,230 - INFO - apps.scraping.services.bicycles_services - {'event': 'scrape_new_bicycle', 'reference': '29404'}
2026-09-05 19:19:37,230 - INFO - apps.scraping.services.bicycles_services - {'event': 'scrape_new_bicycle', 'reference': '30937'}
2026-09-05 19:19:37,230 - INFO - apps.scraping.services.bicycles_services - {'event': 'scrape_new_bicycle', 'reference': '61613'}
2026-09-05 19:19:37,231 - INFO - apps.scraping.services.bicycles_services - {'event': 'scrape_new_bicycle', 'reference': '59927'}
2026-09-05 19:19:37,231 - INFO - apps.scraping.services.bicycles_services - {'event': 'scrape_new_bicycle', 'reference': '36963'}
2026-09-05 19:19:37,231 - INFO - apps.scraping.services.bicycles_services - {'event': 'scrape_new_bicycle', 'reference': '36216'}
2026-09-05 19:19:37,231 - INFO - apps.scraping.services.bicycles_services - {'event': 'scrape_new_bicycle', 'reference': '61674'}
2026-09-05 19:19:37,231 - INFO - apps.scraping.services.bicycles_services - {'event': 'scrape_new_bicycle', 'reference': '61663'}
2026-09-05 19:19:37,232 - INFO - apps.scraping.services.bicycles_services - {'event': 'scrape_new_bicycle', 'reference': '63238'}
2026-09-05 19:19:37,232 - INFO - apps.scraping.services.bicycles_services - {'event': 'scrape_new_bicycle', 'reference': '64303'}
2026-09-05 19:19:37,232 - INFO - apps.scraping.services.bicycles_services - {'event': 'scrape_new_bicycle', 'reference': '27385'}
2026-09-05 19:19:37,232 - INFO - apps.scraping.services.bicycles_services - {'event': 'scrape_new_bicycle', 'reference': '61715'}
2026-09-05 19:19:37,232 - INFO - apps.scraping.services.bicycles_services - {'event': 'scrape_new_bicycle', 'reference': '63202'}
2026-09-05 19:19:37,232 - INFO - apps.scraping.services.bicycles_services - {'event': 'scrape_new_bicycle', 'reference': '632381'}
2026-09-05 19:19:37,233 - INFO - apps.scraping.services.bicycles_services - {'event': 'scrape_new_bicycle', 'reference': '28119'}
2026-09-05 19:19:37,233 - INFO - apps.scraping.services.bicycles_services - {'event': 'scrape_new_bicycle', 'reference': '59928'}
2026-09-05 19:19:37,233 - INFO - apps.scraping.services.bicycles_services - {'event': 'scrape_new_bicycle', 'reference': '61912'}
2026-09-05 19:19:37,233 - INFO - apps.scraping.services.bicycles_services - {'event': 'scrape_new_bicycle', 'reference': '61655'}
2026-09-05 19:19:37,233 - INFO - apps.scraping.services.bicycles_services - {'event': 'scrape_new_bicycle', 'reference': '59917'}
2026-09-05 19:19:37,233 - INFO - apps.scraping.services.bicycles_services - {'event': 'scrape_new_bicycle', 'reference': '35495'}
2026-09-05 19:19:37,234 - INFO - apps.scraping.services.bicycles_services - {'event': 'scrape_new_bicycle', 'reference': '30939'}
2026-09-05 19:19:37,234 - INFO - apps.scraping.services.bicycles_services - {'event': 'scrape_new_bicycle', 'reference': '35653'}
2026-09-05 19:19:37,234 - INFO - apps.scraping.services.bicycles_services - {'event': 'scrape_new_bicycle', 'reference': '59971'}
2026-09-05 19:19:37,234 - INFO - apps.scraping.services.bicycles_services - {'event': 'scrape_new_bicycle', 'reference': '36218'}
2026-09-05 19:19:37,234 - INFO - apps.scraping.services.bicycles_services - {'event': 'scrape_new_bicycle', 'reference': '60083'}
2026-09-05 19:19:37,234 - INFO - apps.scraping.services.bicycles_services - {'event': 'scrape_new_bicycle', 'reference': '57733'}
2026-09-05 19:19:37,235 - INFO - apps.scraping.services.bicycles_services - {'event': 'scrape_new_bicycle', 'reference': '30483'}
2026-09-05 19:19:37,235 - INFO - apps.scraping.services.bicycles_services - {'event': 'scrape_new_bicycle', 'reference': '60246'}
2026-09-05 19:19:37,235 - INFO - apps.scraping.services.bicycles_services - {'event': 'scrape_new_bicycle', 'reference': '57157'}
2026-09-05 19:19:37,235 - INFO - apps.scraping.services.bicycles_services - {'event': 'scrape_new_bicycle', 'reference': '35488'}
2026-09-05 19:19:37,235 - INFO - apps.scraping.services.bicycles_services - {'event': 'scrape_new_bicycle', 'reference': '28174'}
2026-09-05 19:19:37,236 - INFO - apps.scraping.services.bicycles_services - {'event': 'scrape_new_bicycle', 'reference': '30480'}
2026-09-05 19:19:37,236 - INFO - apps.scraping.services.bicycles_services - {'event': 'scrape_new_bicycle', 'reference': '30492'}
2026-09-05 19:19:37,236 - INFO - apps.scraping.services.bicycles_services - {'event': 'scrape_new_bicycle', 'reference': '63215'}
2026-09-05 19:19:37,236 - INFO - apps.scraping.services.bicycles_services - {'event': 'scrape_new_bicycle', 'reference': '35664'}
2026-09-05 19:19:37,236 - INFO - apps.scraping.services.bicycles_services - {'event': 'scrape_new_bicycle', 'reference': '60200'}
2026-09-05 19:19:37,236 - INFO - apps.scraping.services.bicycles_services - {'event': 'scrape_new_bicycle', 'reference': '35663'}
2026-09-05 19:19:37,237 - INFO - apps.scraping.services.bicycles_services - {'event': 'scrape_new_bicycle', 'reference': '60445'}
2026-09-05 19:19:37,237 - INFO - apps.scraping.services.bicycles_services - {'event': 'scrape_new_bicycle', 'reference': '60071'}
2026-09-05 19:19:37,237 - INFO - apps.scraping.services.bicycles_services - {'event': 'scrape_new_bicycle', 'reference': '30966'}
2026-09-05 19:19:37,238 - INFO - apps.scraping.services.bicycles_services - {'event': 'scrape_new_bicycle', 'reference': '61664'}
2026-09-05 19:19:37,238 - INFO - apps.scraping.services.bicycles_services - {'event': 'scrape_new_bicycle', 'reference': '57700'}
2026-09-05 19:19:37,238 - INFO - apps.scraping.services.bicycles_services - {'event': 'scrape_new_bicycle', 'reference': '35590'}
2026-09-05 19:19:37,238 - INFO - apps.scraping.services.bicycles_services - {'event': 'scrape_new_bicycle', 'reference': '34206'}
2026-09-05 19:19:37,238 - INFO - apps.scraping.services.bicycles_services - {'event': 'scrape_new_bicycle', 'reference': '61709'}
2026-09-05 19:19:37,239 - INFO - apps.scraping.services.bicycles_services - {'event': 'scrape_new_bicycle', 'reference': '64758'}
2026-09-05 19:19:37,239 - INFO - apps.scraping.services.bicycles_services - {'event': 'scrape_new_bicycle', 'reference': '63206'}
2026-09-05 19:19:37,239 - INFO - apps.scraping.services.bicycles_services - {'event': 'scrape_new_bicycle', 'reference': '35662'}
2026-09-05 19:19:37,239 - INFO - apps.scraping.services.bicycles_services - {'event': 'scrape_new_bicycle', 'reference': '29315'}
2026-09-05 19:19:37,239 - INFO - apps.scraping.services.bicycles_services - {'event': 'scrape_new_bicycle', 'reference': '35666'}
2026-09-05 19:19:37,240 - INFO - apps.scraping.services.bicycles_services - {'event': 'scrape_new_bicycle', 'reference': '61069'}
2026-09-05 19:19:37,240 - INFO - apps.scraping.services.bicycles_services - {'event': 'scrape_new_bicycle', 'reference': '63207'}
2026-09-05 19:19:37,240 - INFO - apps.scraping.services.bicycles_services - {'event': 'scrape_new_bicycle', 'reference': '635371'}
2026-09-05 19:19:37,240 - INFO - apps.scraping.services.bicycles_services - {'event': 'scrape_new_bicycle', 'reference': '36799'}
2026-09-05 19:19:37,240 - INFO - apps.scraping.services.bicycles_services - {'event': 'scrape_new_bicycle', 'reference': '34001'}
2026-09-05 19:19:37,240 - INFO - apps.scraping.services.bicycles_services - {'event': 'scrape_new_bicycle', 'reference': '61710'}
2026-09-05 19:19:37,241 - INFO - apps.scraping.services.bicycles_services - {'event': 'scrape_new_bicycle', 'reference': '35865'}
2026-09-05 19:19:37,241 - INFO - apps.scraping.services.bicycles_services - {'event': 'scrape_new_bicycle', 'reference': '35654'}
2026-09-05 19:19:37,241 - INFO - apps.scraping.services.bicycles_services - {'event': 'scrape_new_bicycle', 'reference': '61660'}
2026-09-05 19:19:37,241 - INFO - apps.scraping.services.bicycles_services - {'event': 'scrape_new_bicycle', 'reference': '62799'}
2026-09-05 19:19:37,241 - INFO - apps.scraping.services.bicycles_services - {'event': 'scrape_new_bicycle', 'reference': '35800'}
2026-09-05 19:19:37,242 - INFO - apps.scraping.services.bicycles_services - {'event': 'scrape_new_bicycle', 'reference': '59932'}
2026-09-05 19:19:37,242 - INFO - apps.scraping.services.bicycles_services - {'event': 'scrape_new_bicycle', 'reference': '36525'}
2026-09-05 19:19:37,242 - INFO - apps.scraping.services.bicycles_services - {'event': 'scrape_new_bicycle', 'reference': '27255'}
2026-09-05 19:19:37,242 - INFO - apps.scraping.services.bicycles_services - {'event': 'scrape_new_bicycle', 'reference': '35667'}
2026-09-05 19:19:37,242 - INFO - apps.scraping.services.bicycles_services - {'event': 'scrape_new_bicycle', 'reference': '58609'}
2026-09-05 19:19:37,242 - INFO - apps.scraping.services.bicycles_services - {'event': 'scrape_new_bicycle', 'reference': '32193'}
2026-09-05 19:19:37,243 - INFO - apps.scraping.services.bicycles_services - {'event': 'scrape_new_bicycle', 'reference': '35496'}
2026-09-05 19:19:37,243 - INFO - apps.scraping.services.bicycles_services - {'event': 'scrape_new_bicycle', 'reference': '35552'}
2026-09-05 19:19:37,243 - INFO - apps.scraping.services.bicycles_services - {'event': 'scrape_new_bicycle', 'reference': '30840'}
2026-09-05 19:19:37,243 - INFO - apps.scraping.services.bicycles_services - {'event': 'scrape_new_bicycle', 'reference': '61661'}
2026-09-05 19:19:37,243 - INFO - apps.scraping.services.bicycles_services - {'event': 'scrape_new_bicycle', 'reference': '62660'}
2026-09-05 19:19:37,244 - INFO - apps.scraping.services.bicycles_services - {'event': 'scrape_new_bicycle', 'reference': '626601'}
2026-09-05 19:19:37,244 - INFO - apps.scraping.services.bicycles_services - {'event': 'scrape_new_bicycle', 'reference': '36385'}
2026-09-05 19:19:37,244 - INFO - apps.scraping.services.bicycles_services - {'event': 'scrape_new_bicycle', 'reference': '57978'}
2026-09-05 19:19:37,244 - INFO - apps.scraping.services.bicycles_services - {'event': 'scrape_new_bicycle', 'reference': '31164'}
2026-09-05 19:19:37,244 - INFO - apps.scraping.services.bicycles_services - {'event': 'scrape_new_bicycle', 'reference': '35655'}
2026-09-05 19:19:37,244 - INFO - apps.scraping.services.bicycles_services - {'event': 'scrape_new_bicycle', 'reference': '61272'}
2026-09-05 19:19:37,245 - INFO - apps.scraping.services.bicycles_services - {'event': 'scrape_new_bicycle', 'reference': '36406'}
2026-09-05 19:19:37,245 - INFO - apps.scraping.services.bicycles_services - {'event': 'scrape_new_bicycle', 'reference': '31568'}
2026-09-05 19:19:37,245 - INFO - apps.scraping.services.bicycles_services - {'event': 'scrape_new_bicycle', 'reference': '63560'}
2026-09-05 19:19:37,245 - INFO - apps.scraping.services.bicycles_services - {'event': 'scrape_new_bicycle', 'reference': '27257'}
2026-09-05 19:19:37,245 - INFO - apps.scraping.services.bicycles_services - {'event': 'scrape_new_bicycle', 'reference': '54138'}
2026-09-05 19:19:37,246 - INFO - apps.scraping.services.bicycles_services - {'event': 'scrape_new_bicycle', 'reference': '58381'}
2026-09-05 19:19:37,246 - INFO - apps.scraping.services.bicycles_services - {'event': 'scrape_new_bicycle', 'reference': '61729'}
2026-09-05 19:19:37,246 - INFO - apps.scraping.services.bicycles_services - {'event': 'scrape_new_bicycle', 'reference': '34147'}
2026-09-05 19:19:37,246 - INFO - apps.scraping.services.bicycles_services - {'event': 'scrape_new_bicycle', 'reference': '27548'}
2026-09-05 19:19:37,246 - INFO - apps.scraping.services.bicycles_services - {'event': 'scrape_new_bicycle', 'reference': '31163'}
2026-09-05 19:19:37,246 - INFO - apps.scraping.services.bicycles_services - {'event': 'scrape_new_bicycle', 'reference': '27258'}
2026-09-05 19:19:37,247 - INFO - apps.scraping.services.bicycles_services - {'event': 'scrape_new_bicycle', 'reference': '64827'}
2026-09-05 19:19:37,247 - INFO - apps.scraping.services.bicycles_services - {'event': 'scrape_new_bicycle', 'reference': '27755'}
2026-09-05 19:19:37,247 - INFO - apps.scraping.services.bicycles_services - {'event': 'scrape_new_bicycle', 'reference': '626591'}
2026-09-05 19:19:37,247 - INFO - apps.scraping.services.bicycles_services - {'event': 'scrape_new_bicycle', 'reference': '62659'}
2026-09-05 19:19:37,247 - INFO - apps.scraping.services.bicycles_services - {'event': 'scrape_new_bicycle', 'reference': '61728'}
2026-09-05 19:19:37,247 - INFO - apps.scraping.services.bicycles_services - {'event': 'scrape_new_bicycle', 'reference': '27728'}
2026-09-05 19:19:37,248 - INFO - apps.scraping.services.bicycles_services - {'event': 'scrape_new_bicycle', 'reference': '35751'}
2026-09-05 19:19:37,248 - INFO - apps.scraping.services.bicycles_services - {'event': 'scrape_new_bicycle', 'reference': '28180'}
2026-09-05 19:19:37,248 - INFO - apps.scraping.services.bicycles_services - {'event': 'scrape_new_bicycle', 'reference': '35492'}
2026-09-05 19:19:37,248 - INFO - apps.scraping.services.bicycles_services - {'event': 'scrape_new_bicycle', 'reference': '61732'}
2026-09-05 19:19:37,248 - INFO - apps.scraping.services.bicycles_services - {'event': 'scrape_new_bicycle', 'reference': '35115'}
2026-09-05 19:19:37,248 - INFO - apps.scraping.services.bicycles_services - {'event': 'scrape_new_bicycle', 'reference': '61727'}
2026-09-05 19:19:37,249 - INFO - apps.scraping.services.bicycles_services - {'event': 'scrape_new_bicycle', 'reference': '64852'}
2026-09-05 19:19:37,249 - INFO - apps.scraping.services.bicycles_services - {'event': 'scrape_new_bicycle', 'reference': '61733'}
2026-09-05 19:19:37,249 - INFO - apps.scraping.services.bicycles_services - {'event': 'scrape_new_bicycle', 'reference': '65192'}
2026-09-05 19:19:37,249 - INFO - apps.scraping.services.bicycles_services - {'event': 'scrape_new_bicycle', 'reference': '64572'}
2026-09-05 19:19:37,249 - INFO - apps.scraping.services.bicycles_services - {'event': 'scrape_new_bicycle', 'reference': '61725'}
2026-09-05 19:19:37,249 - INFO - apps.scraping.services.bicycles_services - {'event': 'scrape_new_bicycle', 'reference': '64995'}
2026-09-05 19:19:37,250 - INFO - apps.scraping.services.bicycles_services - {'event': 'scrape_new_bicycle', 'reference': '35648'}
2026-09-05 19:19:37,250 - INFO - apps.scraping.services.bicycles_services - {'event': 'scrape_new_bicycle', 'reference': '60397'}
2026-09-05 19:19:37,250 - INFO - apps.scraping.services.bicycles_services - {'event': 'scrape_new_bicycle', 'reference': '60103'}
2026-09-05 19:19:37,250 - INFO - apps.scraping.services.bicycles_services - {'event': 'scrape_new_bicycle', 'reference': '64996'}
2026-09-05 19:19:37,250 - INFO - apps.scraping.services.bicycles_services - {'event': 'scrape_new_bicycle', 'reference': '62234'}
2026-09-05 19:19:37,250 - INFO - apps.scraping.services.bicycles_services - {'event': 'scrape_new_bicycle', 'reference': '56041'}
2026-09-05 19:19:37,251 - INFO - apps.scraping.services.bicycles_services - {'event': 'scrape_new_bicycle', 'reference': '35493'}
2026-09-05 19:19:37,251 - INFO - apps.scraping.services.bicycles_services - {'event': 'scrape_new_bicycle', 'reference': '62235'}
2026-09-05 19:19:37,251 - INFO - apps.scraping.services.bicycles_services - {'event': 'scrape_new_bicycle', 'reference': '61724'}
2026-09-05 19:19:37,251 - INFO - apps.scraping.services.bicycles_services - {'event': 'scrape_new_bicycle', 'reference': '65028'}
2026-09-05 19:19:37,251 - INFO - apps.scraping.services.bicycles_services - {'event': 'scrape_new_bicycle', 'reference': '35097'}
2026-09-05 19:19:37,251 - INFO - apps.scraping.services.bicycles_services - {'event': 'scrape_new_bicycle', 'reference': '62241'}
2026-09-05 19:19:37,252 - INFO - apps.scraping.services.bicycles_services - {'event': 'scrape_new_bicycle', 'reference': '63998'}
2026-09-05 19:19:37,252 - INFO - apps.scraping.services.bicycles_services - {'event': 'scrape_new_bicycle', 'reference': '35591'}
2026-09-05 19:19:37,252 - INFO - apps.scraping.services.bicycles_services - {'event': 'scrape_new_bicycle', 'reference': '31912'}
2026-09-05 19:19:37,252 - INFO - apps.scraping.services.bicycles_services - {'event': 'scrape_new_bicycle', 'reference': '34184'}
2026-09-05 19:19:37,253 - INFO - apps.scraping.services.bicycles_services - {'event': 'scrape_new_bicycle', 'reference': '57792'}
2026-09-05 19:19:37,253 - INFO - apps.scraping.services.bicycles_services - {'event': 'scrape_new_bicycle', 'reference': '53965'}
2026-09-05 19:19:37,253 - INFO - apps.scraping.services.bicycles_services - {'event': 'scrape_new_bicycle', 'reference': '57803'}
2026-09-05 19:19:37,253 - INFO - apps.scraping.services.bicycles_services - {'event': 'scrape_new_bicycle', 'reference': '35622'}
2026-09-05 19:19:37,253 - INFO - apps.scraping.services.bicycles_services - {'event': 'scrape_new_bicycle', 'reference': '57802'}
2026-09-05 19:19:37,254 - INFO - apps.scraping.services.bicycles_services - {'event': 'scrape_new_bicycle', 'reference': '31821'}
2026-09-05 19:19:37,254 - INFO - apps.scraping.services.bicycles_services - {'event': 'scrape_new_bicycle', 'reference': '35201'}
2026-09-05 19:19:37,254 - INFO - apps.scraping.services.bicycles_services - {'event': 'scrape_new_bicycle', 'reference': '35668'}
2026-09-05 19:19:37,254 - INFO - apps.scraping.services.bicycles_services - {'event': 'scrape_new_bicycle', 'reference': '35205'}
2026-09-05 19:19:37,254 - INFO - apps.scraping.services.bicycles_services - {'event': 'scrape_new_bicycle', 'reference': '35204'}
2026-09-05 19:19:37,254 - INFO - apps.scraping.services.bicycles_services - {'event': 'scrape_new_bicycle', 'reference': '35206'}
2026-09-05 19:19:37,255 - INFO - apps.scraping.services.bicycles_services - {'event': 'scrape_new_bicycle', 'reference': '35207'}
2026-09-05 19:19:37,255 - INFO - apps.scraping.services.bicycles_services - {'event': 'scrape_new_bicycle', 'reference': '35670'}
2026-09-05 19:19:37,255 - INFO - apps.scraping.services.bicycles_services - {'event': 'scrape_new_bicycle', 'reference': '35669'}
2026-09-05 19:19:37,255 - INFO - apps.scraping.services.bicycles_services - {'event': 'scrape_new_bicycle', 'reference': '35890'}
2026-09-05 19:19:37,255 - INFO - apps.scraping.services.bicycles_services - {'event': 'scrape_new_bicycle', 'reference': '35673'}
2026-09-05 19:19:37,255 - INFO - apps.scraping.services.bicycles_services - {'event': 'scrape_new_bicycle', 'reference': '28330'}
2026-09-05 19:19:37,256 - INFO - apps.scraping.context_managers - {'event': 'end', 'name': 'scrape_new_bicycles'}
2026-09-05 19:19:37,256 - INFO - apps.scraping.decorators - End function scrape_new_bicycles
2026-09-05 19:19:37,256 - INFO - apps.scraping.decorators - Executing create_new_bicycles
2026-09-05 19:19:37,256 - INFO - apps.scraping.context_managers - {'event': 'start', 'name': 'create_new_bicycles'}
2026-09-05 19:19:37,323 - WARNING - apps.scraping.services.bicycles_services - {'event': 'invalid_form', 'web': 'biking_point', 'reference': '35563', 'error': InvalidFormError({'__all__': ['Bicycle with this Reference and Web already exists.']})}
2026-09-05 19:19:37,372 - WARNING - apps.scraping.services.bicycles_services - {'event': 'invalid_form', 'web': 'biking_point', 'reference': '62771', 'error': InvalidFormError({'__all__': ['Bicycle with this Reference and Web already exists.']})}
2026-09-05 19:19:37,417 - WARNING - apps.scraping.services.bicycles_services - {'event': 'invalid_form', 'web': 'biking_point', 'reference': '62776', 'error': InvalidFormError({'__all__': ['Bicycle with this Reference and Web already exists.']})}
2026-09-05 19:19:37,466 - WARNING - apps.scraping.services.bicycles_services - {'event': 'invalid_form', 'web': 'biking_point', 'reference': '62667', 'error': InvalidFormError({'__all__': ['Bicycle with this Reference and Web already exists.']})}
2026-09-05 19:19:37,518 - WARNING - apps.scraping.services.bicycles_services - {'event': 'invalid_form', 'web': 'biking_point', 'reference': '626671', 'error': InvalidFormError({'__all__': ['Bicycle with this Reference and Web already exists.']})}
2026-09-05 19:19:37,705 - WARNING - apps.scraping.services.bicycles_services - {'event': 'invalid_form', 'web': 'biking_point', 'reference': '30465', 'error': InvalidFormError({'__all__': ['Bicycle with this Reference and Web already exists.']})}
2026-09-05 19:19:37,753 - WARNING - apps.scraping.services.bicycles_services - {'event': 'invalid_form', 'web': 'biking_point', 'reference': '61563', 'error': InvalidFormError({'__all__': ['Bicycle with this Reference and Web already exists.']})}
2026-09-05 19:19:37,899 - WARNING - apps.scraping.services.bicycles_services - {'event': 'invalid_form', 'web': 'biking_point', 'reference': '626681', 'error': InvalidFormError({'__all__': ['Bicycle with this Reference and Web already exists.']})}
2026-09-05 19:19:37,988 - WARNING - apps.scraping.services.bicycles_services - {'event': 'invalid_form', 'web': 'biking_point', 'reference': '62668', 'error': InvalidFormError({'__all__': ['Bicycle with this Reference and Web already exists.']})}
2026-09-05 19:19:38,036 - WARNING - apps.scraping.services.bicycles_services - {'event': 'invalid_form', 'web': 'biking_point', 'reference': '34490', 'error': InvalidFormError({'__all__': ['Bicycle with this Reference and Web already exists.']})}
2026-09-05 19:19:38,081 - WARNING - apps.scraping.services.bicycles_services - {'event': 'invalid_form', 'web': 'biking_point', 'reference': '35658', 'error': InvalidFormError({'__all__': ['Bicycle with this Reference and Web already exists.']})}
2026-09-05 19:19:38,132 - WARNING - apps.scraping.services.bicycles_services - {'event': 'invalid_form', 'web': 'biking_point', 'reference': '35475', 'error': InvalidFormError({'__all__': ['Bicycle with this Reference and Web already exists.']})}
2026-09-05 19:19:38,179 - WARNING - apps.scraping.services.bicycles_services - {'event': 'invalid_form', 'web': 'biking_point', 'reference': '35477', 'error': InvalidFormError({'__all__': ['Bicycle with this Reference and Web already exists.']})}
2026-09-05 19:19:38,281 - WARNING - apps.scraping.services.bicycles_services - {'event': 'invalid_form', 'web': 'biking_point', 'reference': '35503', 'error': InvalidFormError({'__all__': ['Bicycle with this Reference and Web already exists.']})}
2026-09-05 19:19:38,418 - WARNING - apps.scraping.services.bicycles_services - {'event': 'invalid_form', 'web': 'biking_point', 'reference': '61562', 'error': InvalidFormError({'__all__': ['Bicycle with this Reference and Web already exists.']})}
2026-09-05 19:19:38,476 - WARNING - apps.scraping.services.bicycles_services - {'event': 'invalid_form', 'web': 'biking_point', 'reference': '27890', 'error': InvalidFormError({'__all__': ['Bicycle with this Reference and Web already exists.']})}
2026-09-05 19:19:38,524 - WARNING - apps.scraping.services.bicycles_services - {'event': 'invalid_form', 'web': 'biking_point', 'reference': '61668', 'error': InvalidFormError({'__all__': ['Bicycle with this Reference and Web already exists.']})}
2026-09-05 19:19:38,570 - WARNING - apps.scraping.services.bicycles_services - {'event': 'invalid_form', 'web': 'biking_point', 'reference': '35480', 'error': InvalidFormError({'__all__': ['Bicycle with this Reference and Web already exists.']})}
2026-09-05 19:19:38,618 - WARNING - apps.scraping.services.bicycles_services - {'event': 'invalid_form', 'web': 'biking_point', 'reference': '63291', 'error': InvalidFormError({'__all__': ['Bicycle with this Reference and Web already exists.']})}
2026-09-05 19:19:38,709 - WARNING - apps.scraping.services.bicycles_services - {'event': 'invalid_form', 'web': 'biking_point', 'reference': '626691', 'error': InvalidFormError({'__all__': ['Bicycle with this Reference and Web already exists.']})}
2026-09-05 19:19:38,758 - WARNING - apps.scraping.services.bicycles_services - {'event': 'invalid_form', 'web': 'biking_point', 'reference': '61568', 'error': InvalidFormError({'__all__': ['Bicycle with this Reference and Web already exists.']})}
2026-09-05 19:19:38,806 - WARNING - apps.scraping.services.bicycles_services - {'event': 'invalid_form', 'web': 'biking_point', 'reference': '61621', 'error': InvalidFormError({'__all__': ['Bicycle with this Reference and Web already exists.']})}
2026-09-05 19:19:38,854 - WARNING - apps.scraping.services.bicycles_services - {'event': 'invalid_form', 'web': 'biking_point', 'reference': '631966', 'error': InvalidFormError({'__all__': ['Bicycle with this Reference and Web already exists.']})}
2026-09-05 19:19:38,902 - WARNING - apps.scraping.services.bicycles_services - {'event': 'invalid_form', 'web': 'biking_point', 'reference': '35702', 'error': InvalidFormError({'__all__': ['Bicycle with this Reference and Web already exists.']})}
2026-09-05 19:19:39,040 - WARNING - apps.scraping.services.bicycles_services - {'event': 'invalid_form', 'web': 'biking_point', 'reference': '35504', 'error': InvalidFormError({'__all__': ['Bicycle with this Reference and Web already exists.']})}
2026-09-05 19:19:39,126 - WARNING - apps.scraping.services.bicycles_services - {'event': 'invalid_form', 'web': 'biking_point', 'reference': '35628', 'error': InvalidFormError({'__all__': ['Bicycle with this Reference and Web already exists.']})}
2026-09-05 19:19:39,174 - WARNING - apps.scraping.services.bicycles_services - {'event': 'invalid_form', 'web': 'biking_point', 'reference': '63210', 'error': InvalidFormError({'__all__': ['Bicycle with this Reference and Web already exists.']})}
2026-09-05 19:19:39,222 - WARNING - apps.scraping.services.bicycles_services - {'event': 'invalid_form', 'web': 'biking_point', 'reference': '31140', 'error': InvalidFormError({'__all__': ['Bicycle with this Reference and Web already exists.']})}
2026-09-05 19:19:39,270 - WARNING - apps.scraping.services.bicycles_services - {'event': 'invalid_form', 'web': 'biking_point', 'reference': '35500', 'error': InvalidFormError({'__all__': ['Bicycle with this Reference and Web already exists.']})}
2026-09-05 19:19:39,317 - WARNING - apps.scraping.services.bicycles_services - {'event': 'invalid_form', 'web': 'biking_point', 'reference': '30703', 'error': InvalidFormError({'__all__': ['Bicycle with this Reference and Web already exists.']})}
2026-09-05 19:19:39,366 - WARNING - apps.scraping.services.bicycles_services - {'event': 'invalid_form', 'web': 'biking_point', 'reference': '35497', 'error': InvalidFormError({'__all__': ['Bicycle with this Reference and Web already exists.']})}
2026-09-05 19:19:39,414 - WARNING - apps.scraping.services.bicycles_services - {'event': 'invalid_form', 'web': 'biking_point', 'reference': '61572', 'error': InvalidFormError({'__all__': ['Bicycle with this Reference and Web already exists.']})}
2026-09-05 19:19:39,462 - WARNING - apps.scraping.services.bicycles_services - {'event': 'invalid_form', 'web': 'biking_point', 'reference': '61576', 'error': InvalidFormError({'__all__': ['Bicycle with this Reference and Web already exists.']})}
2026-09-05 19:19:39,511 - WARNING - apps.scraping.services.bicycles_services - {'event': 'invalid_form', 'web': 'biking_point', 'reference': '61869', 'error': InvalidFormError({'__all__': ['Bicycle with this Reference and Web already exists.']})}
2026-09-05 19:19:39,561 - WARNING - apps.scraping.services.bicycles_services - {'event': 'invalid_form', 'web': 'biking_point', 'reference': '63596', 'error': InvalidFormError({'__all__': ['Bicycle with this Reference and Web already exists.']})}
2026-09-05 19:19:39,653 - WARNING - apps.scraping.services.bicycles_services - {'event': 'invalid_form', 'web': 'biking_point', 'reference': '63593', 'error': InvalidFormError({'__all__': ['Bicycle with this Reference and Web already exists.']})}
2026-09-05 19:19:39,702 - WARNING - apps.scraping.services.bicycles_services - {'event': 'invalid_form', 'web': 'biking_point', 'reference': '62677', 'error': InvalidFormError({'__all__': ['Bicycle with this Reference and Web already exists.']})}
2026-09-05 19:19:39,750 - WARNING - apps.scraping.services.bicycles_services - {'event': 'invalid_form', 'web': 'biking_point', 'reference': '33495', 'error': InvalidFormError({'__all__': ['Bicycle with this Reference and Web already exists.']})}
2026-09-05 19:19:39,803 - WARNING - apps.scraping.services.bicycles_services - {'event': 'invalid_form', 'web': 'biking_point', 'reference': '60064', 'error': InvalidFormError({'__all__': ['Bicycle with this Reference and Web already exists.']})}
2026-09-05 19:19:39,851 - WARNING - apps.scraping.services.bicycles_services - {'event': 'invalid_form', 'web': 'biking_point', 'reference': '35651', 'error': InvalidFormError({'__all__': ['Bicycle with this Reference and Web already exists.']})}
2026-09-05 19:19:39,896 - WARNING - apps.scraping.services.bicycles_services - {'event': 'invalid_form', 'web': 'biking_point', 'reference': '631971', 'error': InvalidFormError({'__all__': ['Bicycle with this Reference and Web already exists.']})}
2026-09-05 19:19:39,993 - WARNING - apps.scraping.services.bicycles_services - {'event': 'invalid_form', 'web': 'biking_point', 'reference': '61624', 'error': InvalidFormError({'__all__': ['Bicycle with this Reference and Web already exists.']})}
2026-09-05 19:19:40,044 - WARNING - apps.scraping.services.bicycles_services - {'event': 'invalid_form', 'web': 'biking_point', 'reference': '63076', 'error': InvalidFormError({'__all__': ['Bicycle with this Reference and Web already exists.']})}
2026-09-05 19:19:40,138 - WARNING - apps.scraping.services.bicycles_services - {'event': 'invalid_form', 'web': 'biking_point', 'reference': '35494', 'error': InvalidFormError({'__all__': ['Bicycle with this Reference and Web already exists.']})}
2026-09-05 19:19:40,183 - WARNING - apps.scraping.services.bicycles_services - {'event': 'invalid_form', 'web': 'biking_point', 'reference': '63211', 'error': InvalidFormError({'__all__': ['Bicycle with this Reference and Web already exists.']})}
2026-09-05 19:19:40,230 - WARNING - apps.scraping.services.bicycles_services - {'event': 'invalid_form', 'web': 'biking_point', 'reference': '59926', 'error': InvalidFormError({'__all__': ['Bicycle with this Reference and Web already exists.']})}
2026-09-05 19:19:40,277 - WARNING - apps.scraping.services.bicycles_services - {'event': 'invalid_form', 'web': 'biking_point', 'reference': '63594', 'error': InvalidFormError({'__all__': ['Bicycle with this Reference and Web already exists.']})}
2026-09-05 19:19:40,325 - WARNING - apps.scraping.services.bicycles_services - {'event': 'invalid_form', 'web': 'biking_point', 'reference': '61648', 'error': InvalidFormError({'__all__': ['Bicycle with this Reference and Web already exists.']})}
2026-09-05 19:19:40,376 - WARNING - apps.scraping.services.bicycles_services - {'event': 'invalid_form', 'web': 'biking_point', 'reference': '60063', 'error': InvalidFormError({'__all__': ['Bicycle with this Reference and Web already exists.']})}
2026-09-05 19:19:40,420 - WARNING - apps.scraping.services.bicycles_services - {'event': 'invalid_form', 'web': 'biking_point', 'reference': '30487', 'error': InvalidFormError({'__all__': ['Bicycle with this Reference and Web already exists.']})}
2026-09-05 19:19:40,465 - WARNING - apps.scraping.services.bicycles_services - {'event': 'invalid_form', 'web': 'biking_point', 'reference': '60077', 'error': InvalidFormError({'__all__': ['Bicycle with this Reference and Web already exists.']})}
2026-09-05 19:19:40,517 - WARNING - apps.scraping.services.bicycles_services - {'event': 'invalid_form', 'web': 'biking_point', 'reference': '60081', 'error': InvalidFormError({'__all__': ['Bicycle with this Reference and Web already exists.']})}
2026-09-05 19:19:40,566 - WARNING - apps.scraping.services.bicycles_services - {'event': 'invalid_form', 'web': 'biking_point', 'reference': '61628', 'error': InvalidFormError({'__all__': ['Bicycle with this Reference and Web already exists.']})}
2026-09-05 19:19:40,619 - WARNING - apps.scraping.services.bicycles_services - {'event': 'invalid_form', 'web': 'biking_point', 'reference': '629721', 'error': InvalidFormError({'__all__': ['Bicycle with this Reference and Web already exists.']})}
2026-09-05 19:19:40,712 - WARNING - apps.scraping.services.bicycles_services - {'event': 'invalid_form', 'web': 'biking_point', 'reference': '34171', 'error': InvalidFormError({'__all__': ['Bicycle with this Reference and Web already exists.']})}
2026-09-05 19:19:40,763 - WARNING - apps.scraping.services.bicycles_services - {'event': 'invalid_form', 'web': 'biking_point', 'reference': '64920', 'error': InvalidFormError({'__all__': ['Bicycle with this Reference and Web already exists.']})}
2026-09-05 19:19:40,810 - WARNING - apps.scraping.services.bicycles_services - {'event': 'invalid_form', 'web': 'biking_point', 'reference': '29347', 'error': InvalidFormError({'__all__': ['Bicycle with this Reference and Web already exists.']})}
2026-09-05 19:19:40,860 - WARNING - apps.scraping.services.bicycles_services - {'event': 'invalid_form', 'web': 'biking_point', 'reference': '60067', 'error': InvalidFormError({'__all__': ['Bicycle with this Reference and Web already exists.']})}
2026-09-05 19:19:40,909 - WARNING - apps.scraping.services.bicycles_services - {'event': 'invalid_form', 'web': 'biking_point', 'reference': '34663', 'error': InvalidFormError({'__all__': ['Bicycle with this Reference and Web already exists.']})}
2026-09-05 19:19:40,957 - WARNING - apps.scraping.services.bicycles_services - {'event': 'invalid_form', 'web': 'biking_point', 'reference': '35499', 'error': InvalidFormError({'__all__': ['Bicycle with this Reference and Web already exists.']})}
2026-09-05 19:19:41,094 - WARNING - apps.scraping.services.bicycles_services - {'event': 'invalid_form', 'web': 'biking_point', 'reference': '57695', 'error': InvalidFormError({'__all__': ['Bicycle with this Reference and Web already exists.']})}
2026-09-05 19:19:41,145 - WARNING - apps.scraping.services.bicycles_services - {'event': 'invalid_form', 'web': 'biking_point', 'reference': '34185', 'error': InvalidFormError({'__all__': ['Bicycle with this Reference and Web already exists.']})}
2026-09-05 19:19:41,194 - WARNING - apps.scraping.services.bicycles_services - {'event': 'invalid_form', 'web': 'biking_point', 'reference': '63214', 'error': InvalidFormError({'__all__': ['Bicycle with this Reference and Web already exists.']})}
2026-09-05 19:19:41,295 - WARNING - apps.scraping.services.bicycles_services - {'event': 'invalid_form', 'web': 'biking_point', 'reference': '61611', 'error': InvalidFormError({'__all__': ['Bicycle with this Reference and Web already exists.']})}
2026-09-05 19:19:41,346 - WARNING - apps.scraping.services.bicycles_services - {'event': 'invalid_form', 'web': 'biking_point', 'reference': '59831', 'error': InvalidFormError({'__all__': ['Bicycle with this Reference and Web already exists.']})}
2026-09-05 19:19:41,395 - WARNING - apps.scraping.services.bicycles_services - {'event': 'invalid_form', 'web': 'biking_point', 'reference': '29404', 'error': InvalidFormError({'__all__': ['Bicycle with this Reference and Web already exists.']})}
2026-09-05 19:19:41,441 - WARNING - apps.scraping.services.bicycles_services - {'event': 'invalid_form', 'web': 'biking_point', 'reference': '30937', 'error': InvalidFormError({'__all__': ['Bicycle with this Reference and Web already exists.']})}
2026-09-05 19:19:41,489 - WARNING - apps.scraping.services.bicycles_services - {'event': 'invalid_form', 'web': 'biking_point', 'reference': '61613', 'error': InvalidFormError({'__all__': ['Bicycle with this Reference and Web already exists.']})}
2026-09-05 19:19:41,535 - WARNING - apps.scraping.services.bicycles_services - {'event': 'invalid_form', 'web': 'biking_point', 'reference': '59927', 'error': InvalidFormError({'__all__': ['Bicycle with this Reference and Web already exists.']})}
2026-09-05 19:19:41,674 - WARNING - apps.scraping.services.bicycles_services - {'event': 'invalid_form', 'web': 'biking_point', 'reference': '61674', 'error': InvalidFormError({'__all__': ['Bicycle with this Reference and Web already exists.']})}
2026-09-05 19:19:41,719 - WARNING - apps.scraping.services.bicycles_services - {'event': 'invalid_form', 'web': 'biking_point', 'reference': '61663', 'error': InvalidFormError({'__all__': ['Bicycle with this Reference and Web already exists.']})}
2026-09-05 19:19:41,770 - WARNING - apps.scraping.services.bicycles_services - {'event': 'invalid_form', 'web': 'biking_point', 'reference': '63238', 'error': InvalidFormError({'__all__': ['Bicycle with this Reference and Web already exists.']})}
2026-09-05 19:19:41,819 - WARNING - apps.scraping.services.bicycles_services - {'event': 'invalid_form', 'web': 'biking_point', 'reference': '64303', 'error': InvalidFormError({'__all__': ['Bicycle with this Reference and Web already exists.']})}
2026-09-05 19:19:41,869 - WARNING - apps.scraping.services.bicycles_services - {'event': 'invalid_form', 'web': 'biking_point', 'reference': '27385', 'error': InvalidFormError({'__all__': ['Bicycle with this Reference and Web already exists.']})}
2026-09-05 19:19:41,921 - WARNING - apps.scraping.services.bicycles_services - {'event': 'invalid_form', 'web': 'biking_point', 'reference': '61715', 'error': InvalidFormError({'__all__': ['Bicycle with this Reference and Web already exists.']})}
2026-09-05 19:19:41,972 - WARNING - apps.scraping.services.bicycles_services - {'event': 'invalid_form', 'web': 'biking_point', 'reference': '63202', 'error': InvalidFormError({'__all__': ['Bicycle with this Reference and Web already exists.']})}
2026-09-05 19:19:42,021 - WARNING - apps.scraping.services.bicycles_services - {'event': 'invalid_form', 'web': 'biking_point', 'reference': '632381', 'error': InvalidFormError({'__all__': ['Bicycle with this Reference and Web already exists.']})}
2026-09-05 19:19:42,072 - WARNING - apps.scraping.services.bicycles_services - {'event': 'invalid_form', 'web': 'biking_point', 'reference': '28119', 'error': InvalidFormError({'__all__': ['Bicycle with this Reference and Web already exists.']})}
2026-09-05 19:19:42,122 - WARNING - apps.scraping.services.bicycles_services - {'event': 'invalid_form', 'web': 'biking_point', 'reference': '59928', 'error': InvalidFormError({'__all__': ['Bicycle with this Reference and Web already exists.']})}
2026-09-05 19:19:42,172 - WARNING - apps.scraping.services.bicycles_services - {'event': 'invalid_form', 'web': 'biking_point', 'reference': '61912', 'error': InvalidFormError({'__all__': ['Bicycle with this Reference and Web already exists.']})}
2026-09-05 19:19:42,222 - WARNING - apps.scraping.services.bicycles_services - {'event': 'invalid_form', 'web': 'biking_point', 'reference': '61655', 'error': InvalidFormError({'__all__': ['Bicycle with this Reference and Web already exists.']})}
2026-09-05 19:19:42,270 - WARNING - apps.scraping.services.bicycles_services - {'event': 'invalid_form', 'web': 'biking_point', 'reference': '59917', 'error': InvalidFormError({'__all__': ['Bicycle with this Reference and Web already exists.']})}
2026-09-05 19:19:42,314 - WARNING - apps.scraping.services.bicycles_services - {'event': 'invalid_form', 'web': 'biking_point', 'reference': '35495', 'error': InvalidFormError({'__all__': ['Bicycle with this Reference and Web already exists.']})}
2026-09-05 19:19:42,406 - WARNING - apps.scraping.services.bicycles_services - {'event': 'invalid_form', 'web': 'biking_point', 'reference': '35653', 'error': InvalidFormError({'__all__': ['Bicycle with this Reference and Web already exists.']})}
2026-09-05 19:19:42,452 - WARNING - apps.scraping.services.bicycles_services - {'event': 'invalid_form', 'web': 'biking_point', 'reference': '59971', 'error': InvalidFormError({'__all__': ['Bicycle with this Reference and Web already exists.']})}
2026-09-05 19:19:42,545 - WARNING - apps.scraping.services.bicycles_services - {'event': 'invalid_form', 'web': 'biking_point', 'reference': '60083', 'error': InvalidFormError({'__all__': ['Bicycle with this Reference and Web already exists.']})}
2026-09-05 19:19:42,595 - WARNING - apps.scraping.services.bicycles_services - {'event': 'invalid_form', 'web': 'biking_point', 'reference': '57733', 'error': InvalidFormError({'__all__': ['Bicycle with this Reference and Web already exists.']})}
2026-09-05 19:19:42,644 - WARNING - apps.scraping.services.bicycles_services - {'event': 'invalid_form', 'web': 'biking_point', 'reference': '30483', 'error': InvalidFormError({'__all__': ['Bicycle with this Reference and Web already exists.']})}
2026-09-05 19:19:42,691 - WARNING - apps.scraping.services.bicycles_services - {'event': 'invalid_form', 'web': 'biking_point', 'reference': '60246', 'error': InvalidFormError({'__all__': ['Bicycle with this Reference and Web already exists.']})}
2026-09-05 19:19:42,736 - WARNING - apps.scraping.services.bicycles_services - {'event': 'invalid_form', 'web': 'biking_point', 'reference': '57157', 'error': InvalidFormError({'__all__': ['Bicycle with this Reference and Web already exists.']})}
2026-09-05 19:19:42,781 - WARNING - apps.scraping.services.bicycles_services - {'event': 'invalid_form', 'web': 'biking_point', 'reference': '35488', 'error': InvalidFormError({'__all__': ['Bicycle with this Reference and Web already exists.']})}
2026-09-05 19:19:42,827 - WARNING - apps.scraping.services.bicycles_services - {'event': 'invalid_form', 'web': 'biking_point', 'reference': '28174', 'error': InvalidFormError({'__all__': ['Bicycle with this Reference and Web already exists.']})}
2026-09-05 19:19:42,877 - WARNING - apps.scraping.services.bicycles_services - {'event': 'invalid_form', 'web': 'biking_point', 'reference': '30480', 'error': InvalidFormError({'__all__': ['Bicycle with this Reference and Web already exists.']})}
2026-09-05 19:19:42,925 - WARNING - apps.scraping.services.bicycles_services - {'event': 'invalid_form', 'web': 'biking_point', 'reference': '30492', 'error': InvalidFormError({'__all__': ['Bicycle with this Reference and Web already exists.']})}
2026-09-05 19:19:42,974 - WARNING - apps.scraping.services.bicycles_services - {'event': 'invalid_form', 'web': 'biking_point', 'reference': '63215', 'error': InvalidFormError({'__all__': ['Bicycle with this Reference and Web already exists.']})}
2026-09-05 19:19:43,026 - WARNING - apps.scraping.services.bicycles_services - {'event': 'invalid_form', 'web': 'biking_point', 'reference': '35664', 'error': InvalidFormError({'__all__': ['Bicycle with this Reference and Web already exists.']})}
2026-09-05 19:19:43,076 - WARNING - apps.scraping.services.bicycles_services - {'event': 'invalid_form', 'web': 'biking_point', 'reference': '60200', 'error': InvalidFormError({'__all__': ['Bicycle with this Reference and Web already exists.']})}
2026-09-05 19:19:43,128 - WARNING - apps.scraping.services.bicycles_services - {'event': 'invalid_form', 'web': 'biking_point', 'reference': '35663', 'error': InvalidFormError({'__all__': ['Bicycle with this Reference and Web already exists.']})}
2026-09-05 19:19:43,177 - WARNING - apps.scraping.services.bicycles_services - {'event': 'invalid_form', 'web': 'biking_point', 'reference': '60445', 'error': InvalidFormError({'__all__': ['Bicycle with this Reference and Web already exists.']})}
2026-09-05 19:19:43,228 - WARNING - apps.scraping.services.bicycles_services - {'event': 'invalid_form', 'web': 'biking_point', 'reference': '60071', 'error': InvalidFormError({'__all__': ['Bicycle with this Reference and Web already exists.']})}
2026-09-05 19:19:43,276 - WARNING - apps.scraping.services.bicycles_services - {'event': 'invalid_form', 'web': 'biking_point', 'reference': '30966', 'error': InvalidFormError({'__all__': ['Bicycle with this Reference and Web already exists.']})}
2026-09-05 19:19:43,324 - WARNING - apps.scraping.services.bicycles_services - {'event': 'invalid_form', 'web': 'biking_point', 'reference': '61664', 'error': InvalidFormError({'__all__': ['Bicycle with this Reference and Web already exists.']})}
2026-09-05 19:19:43,371 - WARNING - apps.scraping.services.bicycles_services - {'event': 'invalid_form', 'web': 'biking_point', 'reference': '57700', 'error': InvalidFormError({'__all__': ['Bicycle with this Reference and Web already exists.']})}
2026-09-05 19:19:43,416 - WARNING - apps.scraping.services.bicycles_services - {'event': 'invalid_form', 'web': 'biking_point', 'reference': '35590', 'error': InvalidFormError({'__all__': ['Bicycle with this Reference and Web already exists.']})}
2026-09-05 19:19:43,462 - WARNING - apps.scraping.services.bicycles_services - {'event': 'invalid_form', 'web': 'biking_point', 'reference': '34206', 'error': InvalidFormError({'__all__': ['Bicycle with this Reference and Web already exists.']})}
2026-09-05 19:19:43,510 - WARNING - apps.scraping.services.bicycles_services - {'event': 'invalid_form', 'web': 'biking_point', 'reference': '61709', 'error': InvalidFormError({'__all__': ['Bicycle with this Reference and Web already exists.']})}
2026-09-05 19:19:43,573 - WARNING - apps.scraping.services.bicycles_services - {'event': 'invalid_form', 'web': 'biking_point', 'reference': '64758', 'error': InvalidFormError({'__all__': ['Bicycle with this Reference and Web already exists.']})}
2026-09-05 19:19:43,667 - WARNING - apps.scraping.services.bicycles_services - {'event': 'invalid_form', 'web': 'biking_point', 'reference': '35662', 'error': InvalidFormError({'__all__': ['Bicycle with this Reference and Web already exists.']})}
2026-09-05 19:19:43,713 - WARNING - apps.scraping.services.bicycles_services - {'event': 'invalid_form', 'web': 'biking_point', 'reference': '29315', 'error': InvalidFormError({'__all__': ['Bicycle with this Reference and Web already exists.']})}
2026-09-05 19:19:43,760 - WARNING - apps.scraping.services.bicycles_services - {'event': 'invalid_form', 'web': 'biking_point', 'reference': '35666', 'error': InvalidFormError({'__all__': ['Bicycle with this Reference and Web already exists.']})}
2026-09-05 19:19:43,810 - WARNING - apps.scraping.services.bicycles_services - {'event': 'invalid_form', 'web': 'biking_point', 'reference': '61069', 'error': InvalidFormError({'__all__': ['Bicycle with this Reference and Web already exists.']})}
2026-09-05 19:19:43,859 - WARNING - apps.scraping.services.bicycles_services - {'event': 'invalid_form', 'web': 'biking_point', 'reference': '63207', 'error': InvalidFormError({'__all__': ['Bicycle with this Reference and Web already exists.']})}
2026-09-05 19:19:43,909 - WARNING - apps.scraping.services.bicycles_services - {'event': 'invalid_form', 'web': 'biking_point', 'reference': '635371', 'error': InvalidFormError({'__all__': ['Bicycle with this Reference and Web already exists.']})}
2026-09-05 19:19:44,011 - WARNING - apps.scraping.services.bicycles_services - {'event': 'invalid_form', 'web': 'biking_point', 'reference': '34001', 'error': InvalidFormError({'__all__': ['Bicycle with this Reference and Web already exists.']})}
2026-09-05 19:19:44,058 - WARNING - apps.scraping.services.bicycles_services - {'event': 'invalid_form', 'web': 'biking_point', 'reference': '61710', 'error': InvalidFormError({'__all__': ['Bicycle with this Reference and Web already exists.']})}
2026-09-05 19:19:44,102 - WARNING - apps.scraping.services.bicycles_services - {'event': 'invalid_form', 'web': 'biking_point', 'reference': '35865', 'error': InvalidFormError({'__all__': ['Bicycle with this Reference and Web already exists.']})}
2026-09-05 19:19:44,146 - WARNING - apps.scraping.services.bicycles_services - {'event': 'invalid_form', 'web': 'biking_point', 'reference': '35654', 'error': InvalidFormError({'__all__': ['Bicycle with this Reference and Web already exists.']})}
2026-09-05 19:19:44,190 - WARNING - apps.scraping.services.bicycles_services - {'event': 'invalid_form', 'web': 'biking_point', 'reference': '61660', 'error': InvalidFormError({'__all__': ['Bicycle with this Reference and Web already exists.']})}
2026-09-05 19:19:44,236 - WARNING - apps.scraping.services.bicycles_services - {'event': 'invalid_form', 'web': 'biking_point', 'reference': '62799', 'error': InvalidFormError({'__all__': ['Bicycle with this Reference and Web already exists.']})}
2026-09-05 19:19:44,287 - WARNING - apps.scraping.services.bicycles_services - {'event': 'invalid_form', 'web': 'biking_point', 'reference': '35800', 'error': InvalidFormError({'__all__': ['Bicycle with this Reference and Web already exists.']})}
2026-09-05 19:19:44,337 - WARNING - apps.scraping.services.bicycles_services - {'event': 'invalid_form', 'web': 'biking_point', 'reference': '59932', 'error': InvalidFormError({'__all__': ['Bicycle with this Reference and Web already exists.']})}
2026-09-05 19:19:44,435 - WARNING - apps.scraping.services.bicycles_services - {'event': 'invalid_form', 'web': 'biking_point', 'reference': '27255', 'error': InvalidFormError({'__all__': ['Bicycle with this Reference and Web already exists.']})}
2026-09-05 19:19:44,489 - WARNING - apps.scraping.services.bicycles_services - {'event': 'invalid_form', 'web': 'biking_point', 'reference': '35667', 'error': InvalidFormError({'__all__': ['Bicycle with this Reference and Web already exists.']})}
2026-09-05 19:19:44,539 - WARNING - apps.scraping.services.bicycles_services - {'event': 'invalid_form', 'web': 'biking_point', 'reference': '58609', 'error': InvalidFormError({'__all__': ['Bicycle with this Reference and Web already exists.']})}
2026-09-05 19:19:44,592 - WARNING - apps.scraping.services.bicycles_services - {'event': 'invalid_form', 'web': 'biking_point', 'reference': '32193', 'error': InvalidFormError({'__all__': ['Bicycle with this Reference and Web already exists.']})}
2026-09-05 19:19:44,642 - WARNING - apps.scraping.services.bicycles_services - {'event': 'invalid_form', 'web': 'biking_point', 'reference': '35496', 'error': InvalidFormError({'__all__': ['Bicycle with this Reference and Web already exists.']})}
2026-09-05 19:19:44,693 - WARNING - apps.scraping.services.bicycles_services - {'event': 'invalid_form', 'web': 'biking_point', 'reference': '35552', 'error': InvalidFormError({'__all__': ['Bicycle with this Reference and Web already exists.']})}
2026-09-05 19:19:44,742 - WARNING - apps.scraping.services.bicycles_services - {'event': 'invalid_form', 'web': 'biking_point', 'reference': '30840', 'error': InvalidFormError({'__all__': ['Bicycle with this Reference and Web already exists.']})}
2026-09-05 19:19:44,796 - WARNING - apps.scraping.services.bicycles_services - {'event': 'invalid_form', 'web': 'biking_point', 'reference': '61661', 'error': InvalidFormError({'__all__': ['Bicycle with this Reference and Web already exists.']})}
2026-09-05 19:19:44,844 - WARNING - apps.scraping.services.bicycles_services - {'event': 'invalid_form', 'web': 'biking_point', 'reference': '62660', 'error': InvalidFormError({'__all__': ['Bicycle with this Reference and Web already exists.']})}
2026-09-05 19:19:44,897 - WARNING - apps.scraping.services.bicycles_services - {'event': 'invalid_form', 'web': 'biking_point', 'reference': '626601', 'error': InvalidFormError({'__all__': ['Bicycle with this Reference and Web already exists.']})}
2026-09-05 19:19:44,998 - WARNING - apps.scraping.services.bicycles_services - {'event': 'invalid_form', 'web': 'biking_point', 'reference': '57978', 'error': InvalidFormError({'__all__': ['Bicycle with this Reference and Web already exists.']})}
2026-09-05 19:19:45,044 - WARNING - apps.scraping.services.bicycles_services - {'event': 'invalid_form', 'web': 'biking_point', 'reference': '31164', 'error': InvalidFormError({'__all__': ['Bicycle with this Reference and Web already exists.']})}
2026-09-05 19:19:45,100 - WARNING - apps.scraping.services.bicycles_services - {'event': 'invalid_form', 'web': 'biking_point', 'reference': '35655', 'error': InvalidFormError({'__all__': ['Bicycle with this Reference and Web already exists.']})}
2026-09-05 19:19:45,149 - WARNING - apps.scraping.services.bicycles_services - {'event': 'invalid_form', 'web': 'biking_point', 'reference': '61272', 'error': InvalidFormError({'__all__': ['Bicycle with this Reference and Web already exists.']})}
2026-09-05 19:19:45,252 - WARNING - apps.scraping.services.bicycles_services - {'event': 'invalid_form', 'web': 'biking_point', 'reference': '31568', 'error': InvalidFormError({'__all__': ['Bicycle with this Reference and Web already exists.']})}
2026-09-05 19:19:45,304 - WARNING - apps.scraping.services.bicycles_services - {'event': 'invalid_form', 'web': 'biking_point', 'reference': '63560', 'error': InvalidFormError({'__all__': ['Bicycle with this Reference and Web already exists.']})}
2026-09-05 19:19:45,353 - WARNING - apps.scraping.services.bicycles_services - {'event': 'invalid_form', 'web': 'biking_point', 'reference': '27257', 'error': InvalidFormError({'__all__': ['Bicycle with this Reference and Web already exists.']})}
2026-09-05 19:19:45,407 - WARNING - apps.scraping.services.bicycles_services - {'event': 'invalid_form', 'web': 'biking_point', 'reference': '54138', 'error': InvalidFormError({'__all__': ['Bicycle with this Reference and Web already exists.']})}
2026-09-05 19:19:45,455 - WARNING - apps.scraping.services.bicycles_services - {'event': 'invalid_form', 'web': 'biking_point', 'reference': '58381', 'error': InvalidFormError({'__all__': ['Bicycle with this Reference and Web already exists.']})}
2026-09-05 19:19:45,507 - WARNING - apps.scraping.services.bicycles_services - {'event': 'invalid_form', 'web': 'biking_point', 'reference': '61729', 'error': InvalidFormError({'__all__': ['Bicycle with this Reference and Web already exists.']})}
2026-09-05 19:19:45,596 - WARNING - apps.scraping.services.bicycles_services - {'event': 'invalid_form', 'web': 'biking_point', 'reference': '27548', 'error': InvalidFormError({'__all__': ['Bicycle with this Reference and Web already exists.']})}
2026-09-05 19:19:45,639 - WARNING - apps.scraping.services.bicycles_services - {'event': 'invalid_form', 'web': 'biking_point', 'reference': '31163', 'error': InvalidFormError({'__all__': ['Bicycle with this Reference and Web already exists.']})}
2026-09-05 19:19:45,691 - WARNING - apps.scraping.services.bicycles_services - {'event': 'invalid_form', 'web': 'biking_point', 'reference': '27258', 'error': InvalidFormError({'__all__': ['Bicycle with this Reference and Web already exists.']})}
2026-09-05 19:19:45,736 - WARNING - apps.scraping.services.bicycles_services - {'event': 'invalid_form', 'web': 'biking_point', 'reference': '64827', 'error': InvalidFormError({'__all__': ['Bicycle with this Reference and Web already exists.']})}
2026-09-05 19:19:45,784 - WARNING - apps.scraping.services.bicycles_services - {'event': 'invalid_form', 'web': 'biking_point', 'reference': '27755', 'error': InvalidFormError({'__all__': ['Bicycle with this Reference and Web already exists.']})}
2026-09-05 19:19:45,832 - WARNING - apps.scraping.services.bicycles_services - {'event': 'invalid_form', 'web': 'biking_point', 'reference': '626591', 'error': InvalidFormError({'__all__': ['Bicycle with this Reference and Web already exists.']})}
2026-09-05 19:19:45,874 - WARNING - apps.scraping.services.bicycles_services - {'event': 'invalid_form', 'web': 'biking_point', 'reference': '62659', 'error': InvalidFormError({'__all__': ['Bicycle with this Reference and Web already exists.']})}
2026-09-05 19:19:45,918 - WARNING - apps.scraping.services.bicycles_services - {'event': 'invalid_form', 'web': 'biking_point', 'reference': '61728', 'error': InvalidFormError({'__all__': ['Bicycle with this Reference and Web already exists.']})}
2026-09-05 19:19:45,961 - WARNING - apps.scraping.services.bicycles_services - {'event': 'invalid_form', 'web': 'biking_point', 'reference': '27728', 'error': InvalidFormError({'__all__': ['Bicycle with this Reference and Web already exists.']})}
2026-09-05 19:19:46,003 - WARNING - apps.scraping.services.bicycles_services - {'event': 'invalid_form', 'web': 'biking_point', 'reference': '35751', 'error': InvalidFormError({'__all__': ['Bicycle with this Reference and Web already exists.']})}
2026-09-05 19:19:46,045 - WARNING - apps.scraping.services.bicycles_services - {'event': 'invalid_form', 'web': 'biking_point', 'reference': '28180', 'error': InvalidFormError({'__all__': ['Bicycle with this Reference and Web already exists.']})}
2026-09-05 19:19:46,090 - WARNING - apps.scraping.services.bicycles_services - {'event': 'invalid_form', 'web': 'biking_point', 'reference': '35492', 'error': InvalidFormError({'__all__': ['Bicycle with this Reference and Web already exists.']})}
2026-09-05 19:19:46,138 - WARNING - apps.scraping.services.bicycles_services - {'event': 'invalid_form', 'web': 'biking_point', 'reference': '61732', 'error': InvalidFormError({'__all__': ['Bicycle with this Reference and Web already exists.']})}
2026-09-05 19:19:46,183 - WARNING - apps.scraping.services.bicycles_services - {'event': 'invalid_form', 'web': 'biking_point', 'reference': '35115', 'error': InvalidFormError({'__all__': ['Bicycle with this Reference and Web already exists.']})}
2026-09-05 19:19:46,239 - WARNING - apps.scraping.services.bicycles_services - {'event': 'invalid_form', 'web': 'biking_point', 'reference': '61727', 'error': InvalidFormError({'__all__': ['Bicycle with this Reference and Web already exists.']})}
2026-09-05 19:19:46,332 - WARNING - apps.scraping.services.bicycles_services - {'event': 'invalid_form', 'web': 'biking_point', 'reference': '61733', 'error': InvalidFormError({'__all__': ['Bicycle with this Reference and Web already exists.']})}
2026-09-05 19:19:46,434 - WARNING - apps.scraping.services.bicycles_services - {'event': 'invalid_form', 'web': 'biking_point', 'reference': '64572', 'error': InvalidFormError({'__all__': ['Bicycle with this Reference and Web already exists.']})}
2026-09-05 19:19:46,486 - WARNING - apps.scraping.services.bicycles_services - {'event': 'invalid_form', 'web': 'biking_point', 'reference': '61725', 'error': InvalidFormError({'__all__': ['Bicycle with this Reference and Web already exists.']})}
2026-09-05 19:19:46,530 - WARNING - apps.scraping.services.bicycles_services - {'event': 'invalid_form', 'web': 'biking_point', 'reference': '64995', 'error': InvalidFormError({'__all__': ['Bicycle with this Reference and Web already exists.']})}
2026-09-05 19:19:46,578 - WARNING - apps.scraping.services.bicycles_services - {'event': 'invalid_form', 'web': 'biking_point', 'reference': '35648', 'error': InvalidFormError({'__all__': ['Bicycle with this Reference and Web already exists.']})}
2026-09-05 19:19:46,629 - WARNING - apps.scraping.services.bicycles_services - {'event': 'invalid_form', 'web': 'biking_point', 'reference': '60397', 'error': InvalidFormError({'__all__': ['Bicycle with this Reference and Web already exists.']})}
2026-09-05 19:19:46,679 - WARNING - apps.scraping.services.bicycles_services - {'event': 'invalid_form', 'web': 'biking_point', 'reference': '60103', 'error': InvalidFormError({'__all__': ['Bicycle with this Reference and Web already exists.']})}
2026-09-05 19:19:46,773 - WARNING - apps.scraping.services.bicycles_services - {'event': 'invalid_form', 'web': 'biking_point', 'reference': '62234', 'error': InvalidFormError({'__all__': ['Bicycle with this Reference and Web already exists.']})}
2026-09-05 19:19:46,816 - WARNING - apps.scraping.services.bicycles_services - {'event': 'invalid_form', 'web': 'biking_point', 'reference': '56041', 'error': InvalidFormError({'__all__': ['Bicycle with this Reference and Web already exists.']})}
2026-09-05 19:19:46,861 - WARNING - apps.scraping.services.bicycles_services - {'event': 'invalid_form', 'web': 'biking_point', 'reference': '35493', 'error': InvalidFormError({'__all__': ['Bicycle with this Reference and Web already exists.']})}
2026-09-05 19:19:46,909 - WARNING - apps.scraping.services.bicycles_services - {'event': 'invalid_form', 'web': 'biking_point', 'reference': '62235', 'error': InvalidFormError({'__all__': ['Bicycle with this Reference and Web already exists.']})}
2026-09-05 19:19:46,958 - WARNING - apps.scraping.services.bicycles_services - {'event': 'invalid_form', 'web': 'biking_point', 'reference': '61724', 'error': InvalidFormError({'__all__': ['Bicycle with this Reference and Web already exists.']})}
2026-09-05 19:19:47,046 - WARNING - apps.scraping.services.bicycles_services - {'event': 'invalid_form', 'web': 'biking_point', 'reference': '35097', 'error': InvalidFormError({'__all__': ['Bicycle with this Reference and Web already exists.']})}
2026-09-05 19:19:47,088 - WARNING - apps.scraping.services.bicycles_services - {'event': 'invalid_form', 'web': 'biking_point', 'reference': '62241', 'error': InvalidFormError({'__all__': ['Bicycle with this Reference and Web already exists.']})}
2026-09-05 19:19:47,133 - WARNING - apps.scraping.services.bicycles_services - {'event': 'invalid_form', 'web': 'biking_point', 'reference': '63998', 'error': InvalidFormError({'__all__': ['Bicycle with this Reference and Web already exists.']})}
2026-09-05 19:19:47,174 - WARNING - apps.scraping.services.bicycles_services - {'event': 'invalid_form', 'web': 'biking_point', 'reference': '35591', 'error': InvalidFormError({'__all__': ['Bicycle with this Reference and Web already exists.']})}
2026-09-05 19:19:47,215 - WARNING - apps.scraping.services.bicycles_services - {'event': 'invalid_form', 'web': 'biking_point', 'reference': '31912', 'error': InvalidFormError({'__all__': ['Bicycle with this Reference and Web already exists.']})}
2026-09-05 19:19:47,258 - WARNING - apps.scraping.services.bicycles_services - {'event': 'invalid_form', 'web': 'biking_point', 'reference': '34184', 'error': InvalidFormError({'__all__': ['Bicycle with this Reference and Web already exists.']})}
2026-09-05 19:19:47,304 - WARNING - apps.scraping.services.bicycles_services - {'event': 'invalid_form', 'web': 'biking_point', 'reference': '57792', 'error': InvalidFormError({'__all__': ['Bicycle with this Reference and Web already exists.']})}
2026-09-05 19:19:47,351 - WARNING - apps.scraping.services.bicycles_services - {'event': 'invalid_form', 'web': 'biking_point', 'reference': '53965', 'error': InvalidFormError({'__all__': ['Bicycle with this Reference and Web already exists.']})}
2026-09-05 19:19:47,401 - WARNING - apps.scraping.services.bicycles_services - {'event': 'invalid_form', 'web': 'biking_point', 'reference': '57803', 'error': InvalidFormError({'__all__': ['Bicycle with this Reference and Web already exists.']})}
2026-09-05 19:19:47,456 - WARNING - apps.scraping.services.bicycles_services - {'event': 'invalid_form', 'web': 'biking_point', 'reference': '35622', 'error': InvalidFormError({'__all__': ['Bicycle with this Reference and Web already exists.']})}
2026-09-05 19:19:47,504 - WARNING - apps.scraping.services.bicycles_services - {'event': 'invalid_form', 'web': 'biking_point', 'reference': '57802', 'error': InvalidFormError({'__all__': ['Bicycle with this Reference and Web already exists.']})}
2026-09-05 19:19:47,556 - WARNING - apps.scraping.services.bicycles_services - {'event': 'invalid_form', 'web': 'biking_point', 'reference': '31821', 'error': InvalidFormError({'__all__': ['Bicycle with this Reference and Web already exists.']})}
2026-09-05 19:19:47,604 - WARNING - apps.scraping.services.bicycles_services - {'event': 'invalid_form', 'web': 'biking_point', 'reference': '35201', 'error': InvalidFormError({'__all__': ['Bicycle with this Reference and Web already exists.']})}
2026-09-05 19:19:47,649 - WARNING - apps.scraping.services.bicycles_services - {'event': 'invalid_form', 'web': 'biking_point', 'reference': '35668', 'error': InvalidFormError({'__all__': ['Bicycle with this Reference and Web already exists.']})}
2026-09-05 19:19:47,692 - WARNING - apps.scraping.services.bicycles_services - {'event': 'invalid_form', 'web': 'biking_point', 'reference': '35205', 'error': InvalidFormError({'__all__': ['Bicycle with this Reference and Web already exists.']})}
2026-09-05 19:19:47,736 - WARNING - apps.scraping.services.bicycles_services - {'event': 'invalid_form', 'web': 'biking_point', 'reference': '35204', 'error': InvalidFormError({'__all__': ['Bicycle with this Reference and Web already exists.']})}
2026-09-05 19:19:47,780 - WARNING - apps.scraping.services.bicycles_services - {'event': 'invalid_form', 'web': 'biking_point', 'reference': '35206', 'error': InvalidFormError({'__all__': ['Bicycle with this Reference and Web already exists.']})}
2026-09-05 19:19:47,827 - WARNING - apps.scraping.services.bicycles_services - {'event': 'invalid_form', 'web': 'biking_point', 'reference': '35207', 'error': InvalidFormError({'__all__': ['Bicycle with this Reference and Web already exists.']})}
2026-09-05 19:19:47,962 - WARNING - apps.scraping.services.bicycles_services - {'event': 'invalid_form', 'web': 'biking_point', 'reference': '35890', 'error': InvalidFormError({'__all__': ['Bicycle with this Reference and Web already exists.']})}
2026-09-05 19:19:48,012 - WARNING - apps.scraping.services.bicycles_services - {'event': 'invalid_form', 'web': 'biking_point', 'reference': '35673', 'error': InvalidFormError({'__all__': ['Bicycle with this Reference and Web already exists.']})}
2026-09-05 19:19:48,056 - WARNING - apps.scraping.services.bicycles_services - {'event': 'invalid_form', 'web': 'biking_point', 'reference': '28330', 'error': InvalidFormError({'__all__': ['Bicycle with this Reference and Web already exists.']})}
2026-09-05 19:19:48,203 - ERROR - apps.scraping.context_managers - {'event': 'error', 'name': 'create_new_bicycles'}
Traceback (most recent call last):
  File "/home/diegoayala/bike-price-tracker/venv/lib/python3.10/site-packages/django/db/backends/utils.py", line 105, in _execute
    return self.cursor.execute(sql, params)
psycopg2.errors.UndefinedColumn: column "updated_at" of relation "scraping_bicycle" does not exist
LINE 1: ...img", "current_price", "url", "reference", "web", "updated_a...
                                                             ^


The above exception was the direct cause of the following exception:

Traceback (most recent call last):
  File "/home/diegoayala/bike-price-tracker/apps/scraping/context_managers.py", line 11, in log_context
    yield
  File "/home/diegoayala/bike-price-tracker/apps/scraping/services/bicycles_services.py", line 211, in create_new_bicycles
    save_new_bicycle(validated_bicycle_forms)
  File "/home/diegoayala/bike-price-tracker/core/utils.py", line 50, in save_new_bicycle
    new_bicycles = Bicycle.objects.bulk_create(validated_bicycle_forms)
  File "/home/diegoayala/bike-price-tracker/venv/lib/python3.10/site-packages/django/db/models/manager.py", line 87, in manager_method
    return getattr(self.get_queryset(), name)(*args, **kwargs)
  File "/home/diegoayala/bike-price-tracker/venv/lib/python3.10/site-packages/django/db/models/query.py", line 823, in bulk_create
    returned_columns = self._batched_insert(
  File "/home/diegoayala/bike-price-tracker/venv/lib/python3.10/site-packages/django/db/models/query.py", line 1882, in _batched_insert
    self._insert(
  File "/home/diegoayala/bike-price-tracker/venv/lib/python3.10/site-packages/django/db/models/query.py", line 1854, in _insert
    return query.get_compiler(using=using).execute_sql(returning_fields)
  File "/home/diegoayala/bike-price-tracker/venv/lib/python3.10/site-packages/django/db/models/sql/compiler.py", line 1881, in execute_sql
    cursor.execute(sql, params)
  File "/home/diegoayala/bike-price-tracker/venv/lib/python3.10/site-packages/django/db/backends/utils.py", line 122, in execute
    return super().execute(sql, params)
  File "/home/diegoayala/bike-price-tracker/venv/lib/python3.10/site-packages/django/db/backends/utils.py", line 79, in execute
    return self._execute_with_wrappers(
  File "/home/diegoayala/bike-price-tracker/venv/lib/python3.10/site-packages/django/db/backends/utils.py", line 92, in _execute_with_wrappers
    return executor(sql, params, many, context)
  File "/home/diegoayala/bike-price-tracker/venv/lib/python3.10/site-packages/django/db/backends/utils.py", line 100, in _execute
    with self.db.wrap_database_errors:
  File "/home/diegoayala/bike-price-tracker/venv/lib/python3.10/site-packages/django/db/utils.py", line 91, in __exit__
    raise dj_exc_value.with_traceback(traceback) from exc_value
  File "/home/diegoayala/bike-price-tracker/venv/lib/python3.10/site-packages/django/db/backends/utils.py", line 105, in _execute
    return self.cursor.execute(sql, params)
django.db.utils.ProgrammingError: column "updated_at" of relation "scraping_bicycle" does not exist
LINE 1: ...img", "current_price", "url", "reference", "web", "updated_a...
                                                             ^

2026-09-05 19:19:48,227 - INFO - apps.scraping.context_managers - {'event': 'end', 'name': 'create_new_bicycles'}
2026-09-05 19:19:48,227 - ERROR - apps.scraping.decorators - Error during create_new_bicycles
Traceback (most recent call last):
  File "/home/diegoayala/bike-price-tracker/venv/lib/python3.10/site-packages/django/db/backends/utils.py", line 105, in _execute
    return self.cursor.execute(sql, params)
psycopg2.errors.UndefinedColumn: column "updated_at" of relation "scraping_bicycle" does not exist
LINE 1: ...img", "current_price", "url", "reference", "web", "updated_a...
                                                             ^


The above exception was the direct cause of the following exception:

Traceback (most recent call last):
  File "/home/diegoayala/bike-price-tracker/apps/scraping/decorators.py", line 36, in sync_wrapper
    result = func(*args, **kwargs)
  File "/home/diegoayala/bike-price-tracker/apps/scraping/services/bicycles_services.py", line 211, in create_new_bicycles
    save_new_bicycle(validated_bicycle_forms)
  File "/home/diegoayala/bike-price-tracker/core/utils.py", line 50, in save_new_bicycle
    new_bicycles = Bicycle.objects.bulk_create(validated_bicycle_forms)
  File "/home/diegoayala/bike-price-tracker/venv/lib/python3.10/site-packages/django/db/models/manager.py", line 87, in manager_method
    return getattr(self.get_queryset(), name)(*args, **kwargs)
  File "/home/diegoayala/bike-price-tracker/venv/lib/python3.10/site-packages/django/db/models/query.py", line 823, in bulk_create
    returned_columns = self._batched_insert(
  File "/home/diegoayala/bike-price-tracker/venv/lib/python3.10/site-packages/django/db/models/query.py", line 1882, in _batched_insert
    self._insert(
  File "/home/diegoayala/bike-price-tracker/venv/lib/python3.10/site-packages/django/db/models/query.py", line 1854, in _insert
    return query.get_compiler(using=using).execute_sql(returning_fields)
  File "/home/diegoayala/bike-price-tracker/venv/lib/python3.10/site-packages/django/db/models/sql/compiler.py", line 1881, in execute_sql
    cursor.execute(sql, params)
  File "/home/diegoayala/bike-price-tracker/venv/lib/python3.10/site-packages/django/db/backends/utils.py", line 122, in execute
    return super().execute(sql, params)
  File "/home/diegoayala/bike-price-tracker/venv/lib/python3.10/site-packages/django/db/backends/utils.py", line 79, in execute
    return self._execute_with_wrappers(
  File "/home/diegoayala/bike-price-tracker/venv/lib/python3.10/site-packages/django/db/backends/utils.py", line 92, in _execute_with_wrappers
    return executor(sql, params, many, context)
  File "/home/diegoayala/bike-price-tracker/venv/lib/python3.10/site-packages/django/db/backends/utils.py", line 100, in _execute
    with self.db.wrap_database_errors:
  File "/home/diegoayala/bike-price-tracker/venv/lib/python3.10/site-packages/django/db/utils.py", line 91, in __exit__
    raise dj_exc_value.with_traceback(traceback) from exc_value
  File "/home/diegoayala/bike-price-tracker/venv/lib/python3.10/site-packages/django/db/backends/utils.py", line 105, in _execute
    return self.cursor.execute(sql, params)
django.db.utils.ProgrammingError: column "updated_at" of relation "scraping_bicycle" does not exist
LINE 1: ...img", "current_price", "url", "reference", "web", "updated_a...
                                                             ^

2026-09-05 19:19:48,228 - ERROR - apps.scraping.decorators - Error during create_bicycles
Traceback (most recent call last):
  File "/home/diegoayala/bike-price-tracker/venv/lib/python3.10/site-packages/django/db/backends/utils.py", line 105, in _execute
    return self.cursor.execute(sql, params)
psycopg2.errors.UndefinedColumn: column "updated_at" of relation "scraping_bicycle" does not exist
LINE 1: ...img", "current_price", "url", "reference", "web", "updated_a...
                                                             ^


The above exception was the direct cause of the following exception:

Traceback (most recent call last):
  File "/home/diegoayala/bike-price-tracker/apps/scraping/decorators.py", line 36, in sync_wrapper
    result = func(*args, **kwargs)
  File "/home/diegoayala/bike-price-tracker/apps/scraping/services/bicycles_services.py", line 86, in create_bicycles
    create_new_bicycles(new_bicycles_data)
  File "/home/diegoayala/bike-price-tracker/apps/scraping/decorators.py", line 36, in sync_wrapper
    result = func(*args, **kwargs)
  File "/home/diegoayala/bike-price-tracker/apps/scraping/services/bicycles_services.py", line 211, in create_new_bicycles
    save_new_bicycle(validated_bicycle_forms)
  File "/home/diegoayala/bike-price-tracker/core/utils.py", line 50, in save_new_bicycle
    new_bicycles = Bicycle.objects.bulk_create(validated_bicycle_forms)
  File "/home/diegoayala/bike-price-tracker/venv/lib/python3.10/site-packages/django/db/models/manager.py", line 87, in manager_method
    return getattr(self.get_queryset(), name)(*args, **kwargs)
  File "/home/diegoayala/bike-price-tracker/venv/lib/python3.10/site-packages/django/db/models/query.py", line 823, in bulk_create
    returned_columns = self._batched_insert(
  File "/home/diegoayala/bike-price-tracker/venv/lib/python3.10/site-packages/django/db/models/query.py", line 1882, in _batched_insert
    self._insert(
  File "/home/diegoayala/bike-price-tracker/venv/lib/python3.10/site-packages/django/db/models/query.py", line 1854, in _insert
    return query.get_compiler(using=using).execute_sql(returning_fields)
  File "/home/diegoayala/bike-price-tracker/venv/lib/python3.10/site-packages/django/db/models/sql/compiler.py", line 1881, in execute_sql
    cursor.execute(sql, params)
  File "/home/diegoayala/bike-price-tracker/venv/lib/python3.10/site-packages/django/db/backends/utils.py", line 122, in execute
    return super().execute(sql, params)
  File "/home/diegoayala/bike-price-tracker/venv/lib/python3.10/site-packages/django/db/backends/utils.py", line 79, in execute
    return self._execute_with_wrappers(
  File "/home/diegoayala/bike-price-tracker/venv/lib/python3.10/site-packages/django/db/backends/utils.py", line 92, in _execute_with_wrappers
    return executor(sql, params, many, context)
  File "/home/diegoayala/bike-price-tracker/venv/lib/python3.10/site-packages/django/db/backends/utils.py", line 100, in _execute
    with self.db.wrap_database_errors:
  File "/home/diegoayala/bike-price-tracker/venv/lib/python3.10/site-packages/django/db/utils.py", line 91, in __exit__
    raise dj_exc_value.with_traceback(traceback) from exc_value
  File "/home/diegoayala/bike-price-tracker/venv/lib/python3.10/site-packages/django/db/backends/utils.py", line 105, in _execute
    return self.cursor.execute(sql, params)
django.db.utils.ProgrammingError: column "updated_at" of relation "scraping_bicycle" does not exist
LINE 1: ...img", "current_price", "url", "reference", "web", "updated_a...
                                                             ^

2026-09-05 19:19:48,318 - ERROR - apps.scraping.decorators - Error during run_scraper: column "updated_at" of relation "scraping_bicycle" does not exist
LINE 1: ...img", "current_price", "url", "reference", "web", "updated_a...
                                                             ^
Traceback (most recent call last):
  File "/home/diegoayala/bike-price-tracker/venv/lib/python3.10/site-packages/django/db/backends/utils.py", line 105, in _execute
    return self.cursor.execute(sql, params)
psycopg2.errors.UndefinedColumn: column "updated_at" of relation "scraping_bicycle" does not exist
LINE 1: ...img", "current_price", "url", "reference", "web", "updated_a...
                                                             ^


The above exception was the direct cause of the following exception:

Traceback (most recent call last):
  File "/home/diegoayala/bike-price-tracker/apps/scraping/decorators.py", line 22, in async_wrapper
    result = await func(*args, **kwargs)
  File "/home/diegoayala/bike-price-tracker/apps/scraping/services/runner.py", line 114, in run_scraper
    bicycle_references_in_db = await sync_to_async(create_bicycles)(all_product_elements_html, web, bicycle_references_in_db)
  File "/home/diegoayala/bike-price-tracker/venv/lib/python3.10/site-packages/asgiref/sync.py", line 468, in __call__
    ret = await asyncio.shield(exec_coro)
  File "/usr/lib/python3.10/concurrent/futures/thread.py", line 58, in run
    result = self.fn(*self.args, **self.kwargs)
  File "/home/diegoayala/bike-price-tracker/venv/lib/python3.10/site-packages/asgiref/sync.py", line 522, in thread_handler
    return func(*args, **kwargs)
  File "/home/diegoayala/bike-price-tracker/apps/scraping/decorators.py", line 36, in sync_wrapper
    result = func(*args, **kwargs)
  File "/home/diegoayala/bike-price-tracker/apps/scraping/services/bicycles_services.py", line 86, in create_bicycles
    create_new_bicycles(new_bicycles_data)
  File "/home/diegoayala/bike-price-tracker/apps/scraping/decorators.py", line 36, in sync_wrapper
    result = func(*args, **kwargs)
  File "/home/diegoayala/bike-price-tracker/apps/scraping/services/bicycles_services.py", line 211, in create_new_bicycles
    save_new_bicycle(validated_bicycle_forms)
  File "/home/diegoayala/bike-price-tracker/core/utils.py", line 50, in save_new_bicycle
    new_bicycles = Bicycle.objects.bulk_create(validated_bicycle_forms)
  File "/home/diegoayala/bike-price-tracker/venv/lib/python3.10/site-packages/django/db/models/manager.py", line 87, in manager_method
    return getattr(self.get_queryset(), name)(*args, **kwargs)
  File "/home/diegoayala/bike-price-tracker/venv/lib/python3.10/site-packages/django/db/models/query.py", line 823, in bulk_create
    returned_columns = self._batched_insert(
  File "/home/diegoayala/bike-price-tracker/venv/lib/python3.10/site-packages/django/db/models/query.py", line 1882, in _batched_insert
    self._insert(
  File "/home/diegoayala/bike-price-tracker/venv/lib/python3.10/site-packages/django/db/models/query.py", line 1854, in _insert
    return query.get_compiler(using=using).execute_sql(returning_fields)
  File "/home/diegoayala/bike-price-tracker/venv/lib/python3.10/site-packages/django/db/models/sql/compiler.py", line 1881, in execute_sql
    cursor.execute(sql, params)
  File "/home/diegoayala/bike-price-tracker/venv/lib/python3.10/site-packages/django/db/backends/utils.py", line 122, in execute
    return super().execute(sql, params)
  File "/home/diegoayala/bike-price-tracker/venv/lib/python3.10/site-packages/django/db/backends/utils.py", line 79, in execute
    return self._execute_with_wrappers(
  File "/home/diegoayala/bike-price-tracker/venv/lib/python3.10/site-packages/django/db/backends/utils.py", line 92, in _execute_with_wrappers
    return executor(sql, params, many, context)
  File "/home/diegoayala/bike-price-tracker/venv/lib/python3.10/site-packages/django/db/backends/utils.py", line 100, in _execute
    with self.db.wrap_database_errors:
  File "/home/diegoayala/bike-price-tracker/venv/lib/python3.10/site-packages/django/db/utils.py", line 91, in __exit__
    raise dj_exc_value.with_traceback(traceback) from exc_value
  File "/home/diegoayala/bike-price-tracker/venv/lib/python3.10/site-packages/django/db/backends/utils.py", line 105, in _execute
    return self.cursor.execute(sql, params)
django.db.utils.ProgrammingError: column "updated_at" of relation "scraping_bicycle" does not exist
LINE 1: ...img", "current_price", "url", "reference", "web", "updated_a...
                                                             ^

Traceback (most recent call last):
  File "/home/diegoayala/bike-price-tracker/venv/lib/python3.10/site-packages/django/db/backends/utils.py", line 105, in _execute
    return self.cursor.execute(sql, params)
psycopg2.errors.UndefinedColumn: column "updated_at" of relation "scraping_bicycle" does not exist
LINE 1: ...img", "current_price", "url", "reference", "web", "updated_a...
                                                             ^


The above exception was the direct cause of the following exception:

Traceback (most recent call last):
  File "/home/diegoayala/bike-price-tracker/scripts/run_scraper.py", line 22, in <module>
    main()
  File "/home/diegoayala/bike-price-tracker/scripts/run_scraper.py", line 19, in main
    asyncio.run(run_scraper(args.start, args.end, args.web, args.delete))
  File "/usr/lib/python3.10/asyncio/runners.py", line 44, in run
    return loop.run_until_complete(main)
  File "/usr/lib/python3.10/asyncio/base_events.py", line 649, in run_until_complete
    return future.result()
  File "/home/diegoayala/bike-price-tracker/apps/scraping/decorators.py", line 22, in async_wrapper
    result = await func(*args, **kwargs)
  File "/home/diegoayala/bike-price-tracker/apps/scraping/services/runner.py", line 114, in run_scraper
    bicycle_references_in_db = await sync_to_async(create_bicycles)(all_product_elements_html, web, bicycle_references_in_db)
  File "/home/diegoayala/bike-price-tracker/venv/lib/python3.10/site-packages/asgiref/sync.py", line 468, in __call__
    ret = await asyncio.shield(exec_coro)
  File "/usr/lib/python3.10/concurrent/futures/thread.py", line 58, in run
    result = self.fn(*self.args, **self.kwargs)
  File "/home/diegoayala/bike-price-tracker/venv/lib/python3.10/site-packages/asgiref/sync.py", line 522, in thread_handler
    return func(*args, **kwargs)
  File "/home/diegoayala/bike-price-tracker/apps/scraping/decorators.py", line 36, in sync_wrapper
    result = func(*args, **kwargs)
  File "/home/diegoayala/bike-price-tracker/apps/scraping/services/bicycles_services.py", line 86, in create_bicycles
    create_new_bicycles(new_bicycles_data)
  File "/home/diegoayala/bike-price-tracker/apps/scraping/decorators.py", line 36, in sync_wrapper
    result = func(*args, **kwargs)
  File "/home/diegoayala/bike-price-tracker/apps/scraping/services/bicycles_services.py", line 211, in create_new_bicycles
    save_new_bicycle(validated_bicycle_forms)
  File "/home/diegoayala/bike-price-tracker/core/utils.py", line 50, in save_new_bicycle
    new_bicycles = Bicycle.objects.bulk_create(validated_bicycle_forms)
  File "/home/diegoayala/bike-price-tracker/venv/lib/python3.10/site-packages/django/db/models/manager.py", line 87, in manager_method
    return getattr(self.get_queryset(), name)(*args, **kwargs)
  File "/home/diegoayala/bike-price-tracker/venv/lib/python3.10/site-packages/django/db/models/query.py", line 823, in bulk_create
    returned_columns = self._batched_insert(
  File "/home/diegoayala/bike-price-tracker/venv/lib/python3.10/site-packages/django/db/models/query.py", line 1882, in _batched_insert
    self._insert(
  File "/home/diegoayala/bike-price-tracker/venv/lib/python3.10/site-packages/django/db/models/query.py", line 1854, in _insert
    return query.get_compiler(using=using).execute_sql(returning_fields)
  File "/home/diegoayala/bike-price-tracker/venv/lib/python3.10/site-packages/django/db/models/sql/compiler.py", line 1881, in execute_sql
    cursor.execute(sql, params)
  File "/home/diegoayala/bike-price-tracker/venv/lib/python3.10/site-packages/django/db/backends/utils.py", line 122, in execute
    return super().execute(sql, params)
  File "/home/diegoayala/bike-price-tracker/venv/lib/python3.10/site-packages/django/db/backends/utils.py", line 79, in execute
    return self._execute_with_wrappers(
  File "/home/diegoayala/bike-price-tracker/venv/lib/python3.10/site-packages/django/db/backends/utils.py", line 92, in _execute_with_wrappers
    return executor(sql, params, many, context)
  File "/home/diegoayala/bike-price-tracker/venv/lib/python3.10/site-packages/django/db/backends/utils.py", line 100, in _execute
    with self.db.wrap_database_errors:
  File "/home/diegoayala/bike-price-tracker/venv/lib/python3.10/site-packages/django/db/utils.py", line 91, in __exit__
    raise dj_exc_value.with_traceback(traceback) from exc_value
  File "/home/diegoayala/bike-price-tracker/venv/lib/python3.10/site-packages/django/db/backends/utils.py", line 105, in _execute
    return self.cursor.execute(sql, params)
django.db.utils.ProgrammingError: column "updated_at" of relation "scraping_bicycle" does not exist
LINE 1: ...img", "current_price", "url", "reference", "web", "updated_a...
                                                             ^

